label,duration_s,snr_db,f0_mean_hz,f0_min_hz,f0_max_hz,intensity_min_db,intensity_max_db,f1_mean_hz,f2_mean_hz,rms_energy_mean,rms_energy_std,spectral_centroid_mean,spectral_bandwidth_mean,spectral_rolloff_95,zcr_mean,zcr_std,time_to_peak_s,mfcc1_mean,mfcc1_std,mfcc2_mean,mfcc2_std,mfcc3_mean,mfcc3_std,voiced_ratio
1.0,2.1428125,15.669837951660156,243.04138514462784,102.3373891996775,306.66566893392013,-36.799842834472656,-9.565119743347168,282.57295854737436,883.8744233576887,0.12808382511138916,0.0694541186094284,357.39841358672845,279.99799340407236,962.2201492537314,0.031162546641791043,0.008140368537594709,1.632,-357.6628876838903,30.26077332238876,161.80185021073484,19.841389677669994,37.88345910140907,21.391608837524014,0.9701492537313433
1.0,1.41925,22.420692443847656,311.95457374946994,250.53288772482563,344.22057489773204,-36.074951171875,-5.010203838348389,379.8457437940014,1118.0145258545192,0.2728177309036255,0.15780183672904968,507.20959763068976,374.128934330062,1297.9166666666667,0.042881944444444445,0.009350604431195045,0.8,-247.75697356370014,56.38425141840869,207.78587280209152,39.067872958276965,1.9312292200452847,26.783970193425773,0.8444444444444444
1.0,1.8505625,10.306808471679688,290.63217090951684,236.47155720542963,332.4951584571151,-19.838626861572266,-6.89517068862915,318.2680314314265,1040.408498412821,0.2530757188796997,0.08826880902051926,426.87252438052406,322.94991778166843,1156.25,0.03625067349137931,0.004602249269195293,1.6,-289.38728860208596,35.70728083769088,186.9442219459051,20.739317288665557,11.110083400552766,33.871789903509125,0.9827586206896551
1.0,1.2244375,15.216828346252441,231.9703069584075,193.1872657849691,259.3679109302019,-32.09764862060547,-5.698668479919434,371.49386265589783,878.1296967672696,0.16200245916843414,0.10419899225234985,430.6304053035049,340.14665008222426,1087.3397435897436,0.03337840544871795,0.007560772616675631,1.024,-279.01055581158874,44.81084140880606,190.36830925661585,27.41565744090393,32.303884456716546,27.217758244671746,0.9743589743589743
1.0,1.6975625,18.92011070251465,294.8000513864414,236.47155720542963,328.6761258343161,-37.4931755065918,-6.414041042327881,319.5568618877036,940.5743761441312,0.1730884313583374,0.10696232318878174,440.755015380474,340.62972495393706,1197.048611111111,0.036693431712962965,0.005264326606424333,1.44,-303.55954608424867,37.23492950347554,169.83979436742757,26.859661215400056,15.315000207325276,22.153600741955984,0.9629629629629629
1.0,1.4331875,11.45688247680664,326.6411419957148,227.10088581417543,364.6889954232867,-28.514509201049805,-8.08808422088623,510.4680927503903,1111.2022297124847,0.13713109493255615,0.06549569964408875,646.0908006374891,432.5717557383118,1552.7777777777778,0.05572916666666667,0.01580489968516598,1.248,-279.83519878596394,26.964767580579224,218.37911106600478,26.27566289283169,-28.582248464706645,40.10876635926038,0.9111111111111111
1.0,1.767125,16.68497657775879,279.1647473702335,116.20455869578394,338.3070714525794,-28.152999877929688,-6.989686965942383,345.3694534656367,969.7346541888593,0.20651127398014069,0.11798153072595596,479.3233319318606,369.84772829253495,1238.002232142857,0.037632533482142856,0.006699969853947167,1.504,-274.090099678613,44.021971810598686,190.57030134137935,24.909484511864974,6.245709113653703,36.36238262155476,0.8392857142857143
1.0,1.683625,15.257999420166016,275.0164955936348,224.49240966187455,301.3973362949152,-33.17916488647461,-8.355823516845703,339.58348126135155,1008.2644041171446,0.12624004483222961,0.07467532902956009,515.9754069571486,400.3685266270589,1344.3396226415093,0.040315448113207544,0.009612181436810537,1.44,-327.1210417379156,32.49868394455734,190.48970713975706,27.10035897486533,-1.9075306471963047,32.24899704372658,0.9622641509433962
1.0,1.6558125,15.351383209228516,248.38078061435172,197.70280407057922,334.4212833154038,-27.4323673248291,-6.273283958435059,371.10739578118415,863.9862733088468,0.2939424514770508,0.12145628780126572,518.7127981808981,363.4120599808302,1269.53125,0.04464017427884615,0.008979671690820906,1.12,-230.60513877522934,59.554030658616064,228.63860502206055,38.8048028780171,-2.849737332070858,31.747267526750615,0.8461538461538461
1.0,1.6558125,14.684526443481445,270.60262702221814,128.1944081920729,306.66566893392013,-32.848541259765625,-6.695795059204102,332.003192011448,1081.8778867682852,0.21399269998073578,0.09013979882001877,437.65379883913135,337.2494202535596,1186.298076923077,0.036452073317307696,0.004551246914326716,1.344,-297.41782677842673,41.277442040037364,193.02754372921083,29.1314993268903,11.11520373980561,29.78880455655003,0.9615384615384616
1.0,0.61225,14.017549514770508,227.97900858051182,216.8453740602837,239.21922434748075,-26.77475357055664,-9.115646362304688,393.8617268644713,796.5413352134481,0.1820245087146759,0.08606746792793274,425.67769850138575,350.0836158504044,1049.21875,0.0357421875,0.011687784609669672,0.256,-314.70436055310404,23.941468936604053,192.44051080995777,13.503751655357005,28.484879328782405,22.04655467341,0.95
1.0,1.8505625,21.449880599975586,274.0605035353754,232.40911739156792,296.2195104573129,-34.86886215209961,-6.532410621643066,336.872423436663,974.8461214073964,0.17083047330379486,0.11964460462331772,469.7878541268159,365.95538327603003,1262.3922413793102,0.03670528017241379,0.009595834173831957,1.6,-307.8051919042137,47.24362383033848,182.9108973470632,31.73033061862056,6.018362305686241,31.801973367861425,0.9137931034482759
1.0,2.0175625,16.219221115112305,284.6698742118667,228.41646786215435,315.65165893545657,-28.17798614501953,-7.566847324371338,404.9419925857415,1034.072731483062,0.1311226189136505,0.08037839829921722,590.1140009260225,423.8918693295382,1412.353515625,0.0511474609375,0.018370263949030994,1.76,-285.3746262899607,29.887970694795435,197.36198050581436,22.619775748435654,-12.105854506349036,32.46613533395862,0.984375
1.0,1.3914375,18.578779220581055,228.3442317903527,192.07458901020084,321.1691527453505,-31.351154327392578,-5.81837272644043,411.9217799831786,966.0283907680041,0.2813583016395569,0.13206352293491364,534.2782788271162,404.25362667510376,1373.5795454545455,0.044744318181818184,0.01227038377164206,1.12,-235.14122006557648,57.207381253908814,230.39894828883735,38.62447486100145,-6.260892143747123,32.689742271921666,0.8863636363636364
1.0,1.6975625,12.818475723266602,284.55475411452267,205.86044732869837,321.1691527453505,-33.67756271362305,-7.886369228363037,365.45659216213613,812.794417218233,0.18601970374584198,0.0748557448387146,536.3638546952377,377.5088260177963,1304.6875,0.04541015625,0.012089275784316355,1.536,-269.78648029228924,32.39728864153805,213.72189930897548,21.263758614416172,-8.160495577566486,33.2883904856491,0.9814814814814815
1.0,1.4888125,23.442825317382812,233.1459781054062,201.15858821357068,321.1691527453505,-39.75847625732422,-5.939373016357422,373.4712890721617,935.1283169566678,0.27541616559028625,0.15309768915176392,520.1340539780263,394.9660882100431,1311.1702127659576,0.0422623005319149,0.008443357456441153,1.056,-231.8282807048781,73.52358534160813,222.65318132673713,46.04492830121552,-1.1518610063268102,35.5279710352813,0.8936170212765957
1.0,1.3914375,13.042991638183594,248.3081224240776,211.89261887185907,271.6344887654643,-27.01132583618164,-6.800505638122559,347.68806516820354,809.0497551531062,0.21938376128673553,0.09487008303403854,436.13622874101696,322.9553985021686,1125.0,0.03737571022727273,0.007950997490254757,1.152,-289.16109773285154,32.734539551030025,188.5879012928366,24.847986016354895,17.65223636030528,23.304204052444817,0.9545454545454546
1.0,1.4331875,16.547752380371094,250.2579781455317,205.86044732869837,315.65165893545657,-31.45015525817871,-5.761789321899414,398.0788209626174,1011.8204290488615,0.2643638551235199,0.1517946571111679,521.1722947410983,379.19349338183747,1273.263888888889,0.04446614583333333,0.008195370839083742,0.544,-226.5992341674659,56.109526080280425,224.61656451459862,35.69097396010544,-1.426479357119041,28.481560350530057,0.6444444444444445
1.0,1.5723125,19.532695770263672,261.36394291502955,233.75544971224912,286.12918648705164,-34.874122619628906,-6.366581439971924,337.9808722979141,859.632916377716,0.14348457753658295,0.10578828305006027,491.1907768911817,363.2882530265652,1217.8125,0.04375,0.01817246109598687,1.184,-302.3240079162639,51.311421477366906,180.29214693054183,34.5127025905219,13.921514223382855,27.505084808481904,0.98
1.0,1.948,11.979397773742676,254.862751615927,218.10154653305153,287.786716002164,-22.67021369934082,-5.610422134399414,355.303266443764,877.7260548957792,0.23413342237472534,0.09517405182123184,487.42191635959927,354.8409527845407,1259.9897540983607,0.0402952100409836,0.012413125294660762,1.76,-246.01333668239707,35.41387302716058,198.1870736302857,23.781930658192202,3.2451576747330373,22.33528435307129,0.9836065573770492
1.0,1.7949375,16.027904510498047,273.25934508935336,237.8414230005442,312.0260904053494,-32.1876220703125,-4.351529121398926,330.25236529660964,934.4943622199863,0.19689998030662537,0.11154672503471375,461.9634307766246,355.45134835253333,1226.9736842105262,0.038120202850877194,0.009056203238480614,1.504,-262.28213552169785,50.94579971431932,186.49057279206423,33.25219356666128,14.027794245547776,28.505793377199375,0.8596491228070176
1.0,1.7531875,19.18147850036621,271.9362718560436,236.47155720542963,317.4802103936399,-32.19413757324219,-4.580634117126465,340.6592388455888,982.8139568358619,0.19435682892799377,0.13656477630138397,462.0616220760592,358.325915810882,1229.2613636363637,0.03721590909090909,0.008869918339956833,1.408,-269.78754005550184,56.87049383195385,175.47953977557134,39.92347909559688,16.345369238009376,26.67586042662502,0.9454545454545454
1.0,1.781,16.467649459838867,268.9808920545904,235.10958125672175,294.5134116201051,-26.806432723999023,-6.374853134155273,341.99387661524264,972.043981288382,0.20971690118312836,0.10542132705450058,447.3324196375597,340.6463779805744,1185.546875,0.03630719866071429,0.00707131043592805,1.472,-276.82706740094875,40.267743142576585,212.13386453677074,26.191349203033727,13.29839267486695,29.188478727264414,0.7857142857142857
1.0,1.280125,17.286643981933594,262.43544576398483,204.67477839935495,342.23801027304086,-24.52996826171875,-5.882543563842773,369.23947422717464,889.6981976379258,0.28376734256744385,0.14086778461933136,475.81599649254866,354.0406601550675,1265.625,0.041206173780487805,0.008948314575403548,0.992,-238.43513183833988,68.13466943348253,229.64501527515756,49.3699810905711,0.38520079253381895,21.631340696276,0.6829268292682927
1.0,1.90625,15.259895324707031,239.35632281244204,195.43199368684918,251.98420997897463,-24.691184997558594,-5.718747138977051,385.18994861466166,896.0489686181603,0.2281959354877472,0.11260665953159332,457.9118050624756,323.8376040720865,1105.9895833333333,0.041243489583333334,0.014308519930725343,1.6,-306.5652619443837,43.74001297033263,182.43136105037257,30.312461059939483,11.81040592641238,27.838264370529796,0.9833333333333333
1.0,1.3914375,13.14224624633789,274.78771149378116,219.36499593892518,306.66566893392013,-29.36286735534668,-7.788077354431152,393.55503614971053,888.1118639607333,0.24831904470920563,0.08265621215105057,487.1612419308342,349.7647574803791,1247.8693181818182,0.04248046875,0.007791664777553677,0.512,-241.13381072080327,37.282884498256294,236.8823780979107,25.986706562058895,11.462352730488252,26.057899609080575,0.7272727272727273
1.0,1.600125,13.991937637329102,245.6744793410396,193.1872657849691,279.5939868358039,-34.65792465209961,-7.169879913330078,429.8098247264056,996.8015291715664,0.20825348794460297,0.0840197280049324,488.0161414731179,368.462581445153,1251.5318627450981,0.04340916053921569,0.01400070906359509,1.344,-253.33572831987516,45.54034514589842,218.4383736715169,30.318905954950296,3.920089175885073,28.75232467202125,0.9607843137254902
1.0,1.6558125,11.78317928314209,166.27279801923873,72.3634618720189,279.5939868358039,-26.857826232910156,-7.1602783203125,393.3256534164021,968.2232821561225,0.19120801985263824,0.08437683433294296,476.32015687315413,342.88585713550856,1193.8100961538462,0.042104867788461536,0.008298911532378429,1.376,-253.73552243497778,37.16975521444038,215.98459624202167,21.401260683710696,8.93702079357415,27.181654735136444,0.8076923076923077
1.0,1.363625,16.63315200805664,234.16317675080063,220.63576443274928,239.21922434748075,-28.163127899169922,-6.82949161529541,428.31302204506954,900.6959009847533,0.1938212662935257,0.10436362773180008,467.8449729811837,338.0705669565738,1154.796511627907,0.0416969476744186,0.011685649419744681,1.152,-281.36412689826983,33.836742440866054,182.0577532559521,20.734242002746175,18.49685215294543,29.15731602840985,0.8837209302325582
1.0,1.4331875,23.32219696044922,232.80342571980694,175.11872228117704,265.4303484677136,-32.6253662109375,-5.650367259979248,393.86052403817854,870.7185512361108,0.2567947506904602,0.13606129586696625,438.87941133780254,330.56535658278824,1101.736111111111,0.03763020833333333,0.008482550768178297,1.056,-248.51863162761333,70.44407983132955,216.03818961734186,46.32173056062001,22.033276100768674,30.767106961264666,0.9777777777777777
1.0,1.641875,13.90465259552002,265.1678949404018,233.75544971224912,286.12918648705164,-24.279882431030273,-5.400107383728027,323.18695081034866,954.6981137362665,0.24582356214523315,0.11545554548501968,431.40342802061656,338.56595706326874,1189.3028846153845,0.035325270432692304,0.005513375623411841,1.312,-288.5957915085478,41.44360655001734,182.51341868930265,27.29906395099314,15.919183173990326,28.701668699911906,0.9807692307692307
1.0,1.41925,17.866573333740234,234.20086201676696,187.68759933422865,268.51450055605267,-30.838970184326172,-6.460485935211182,344.6016355655256,881.4663292229898,0.2469930648803711,0.11716063320636749,467.33641018862085,376.46399229427385,1267.7083333333333,0.03509114583333333,0.007192168999813269,0.352,-249.61992992172935,50.2547969859462,211.9694130540535,32.5527932663572,6.919461420043851,28.578716333846018,0.9777777777777777
1.0,1.641875,21.819332122802734,217.17887759690066,192.07458901020084,284.4812036394563,-36.33414840698242,-6.598708629608154,364.3860899938663,875.9984648846557,0.25801318883895874,0.13828304409980774,507.88456464088017,382.7160025971221,1332.3317307692307,0.040151742788461536,0.011089391786189099,1.248,-248.07669258462354,66.0026509289576,215.41198164953582,40.51499021386798,3.82076962791847,36.03740030973176,0.9038461538461539
1.0,1.9619375,17.329248428344727,256.7788909566141,203.49593842053727,289.4538474880756,-29.544292449951172,-5.859632968902588,359.3907783049333,891.1986912986928,0.18134741485118866,0.11675012856721878,492.72657288598765,368.7607832206034,1263.1048387096773,0.041834677419354836,0.01244221967320115,1.696,-262.619565506418,38.974469263179095,197.37826959740812,27.95199499580051,10.524627283260438,25.044186240006482,0.7580645161290323
1.0,1.781,17.96538543701172,251.2247941595433,227.10088581417543,271.6344887654643,-31.849727630615234,-7.580198764801025,371.7561367801609,901.8136669103418,0.18520592153072357,0.10571863502264023,459.72457804424573,343.4463705920981,1210.3794642857142,0.03899274553571429,0.00852718012831257,0.928,-274.6381652756263,33.57655641843341,213.02436392960635,20.894949969438596,17.633886844719722,23.811176773234024,0.8571428571428571
1.0,1.6956875,15.205900192260742,252.36295184746191,227.10088581417543,273.20805135087915,-30.12343406677246,-6.696225166320801,365.50435202558555,919.9316233126364,0.24525856971740723,0.13018979132175446,472.69777635673205,354.8872846886362,1259.433962264151,0.037643720518867926,0.007688445246540503,1.376,-253.5567644278245,46.67387783560168,212.50726271510723,28.596179853288458,10.041343049082428,27.33685077922651,0.8490566037735849
1.0,1.640125,17.362985610961914,236.06264384552452,100.0,268.51450055605267,-29.64630889892578,-6.464478492736816,388.7355995097143,994.4164616144488,0.24451488256454468,0.12100834399461746,481.506188672736,379.3081438737227,1304.9879807692307,0.03754131610576923,0.007820509016237301,1.312,-239.63683692258104,54.57983775304654,221.53390901970565,35.614761538539106,8.368957192614639,28.4375229032934,0.7115384615384616
1.0,1.737375,15.208858489990234,252.96844646620127,225.79288096122622,273.20805135087915,-24.4517822265625,-6.363310813903809,341.6981046146866,896.5937591126794,0.2177327573299408,0.09731756895780563,418.5618680079418,310.82242797004716,1096.0227272727273,0.0349609375,0.006978773557167184,1.408,-308.76053099838157,38.64146723654914,179.79288678480972,26.94630547123582,19.43078879315863,29.584213595462973,0.9818181818181818
1.0,1.876375,15.443918228149414,216.7392774008471,198.8480847635095,262.38162088748976,-28.725454330444336,-6.814411163330078,374.4016826811231,905.6795962038415,0.27883753180503845,0.11112456023693085,494.7649104016366,363.78558912037823,1263.2415254237287,0.04020458156779661,0.01093553804234569,0.928,-239.5267789885776,60.38326663296692,232.11988589860692,40.72119151462328,5.69192561111324,31.489736043783548,0.864406779661017
1.0,1.709625,19.32300567626953,257.75933524209387,225.79288096122622,282.842712474619,-33.990211486816406,-5.864487648010254,355.4865583287239,877.8203449151403,0.24682778120040894,0.126246377825737,458.25653136105274,345.1276718329201,1218.460648148148,0.03736255787037037,0.010211509824858927,1.376,-255.6100083927478,56.075590764634825,206.2363603765101,37.58366303409797,17.381867530173565,23.495941632494926,0.9814814814814815
1.0,1.779125,16.069711685180664,214.2953755384717,197.70280407057922,249.08992447176465,-28.28777313232422,-7.123064994812012,394.8006121561669,876.1131918261088,0.27158647775650024,0.12316277623176575,501.9530905147834,352.3211218398812,1237.7232142857142,0.04363141741071429,0.010245776869651339,0.672,-234.33195608902784,56.382528115796674,233.09791233083556,32.25240544814635,5.706263648938783,35.09351065166484,0.875
1.0,1.501125,8.707043647766113,244.70603047050264,215.59643660857103,268.51450055605267,-20.45798110961914,-6.320608139038086,398.9982416433739,889.7549485227779,0.24336311221122742,0.08195178210735321,469.657825753818,323.3301817529395,1154.9202127659576,0.04431931515957447,0.012358482343567227,1.312,-281.4972127406987,39.74251348890263,188.57701849787148,28.279643901244793,9.58992247570041,21.51259781158928,0.9787234042553191
1.0,1.570625,15.95116138458252,240.48147043870614,223.1994285260446,247.65527207548806,-27.767803192138672,-5.334486961364746,349.8094812422526,870.4162201956209,0.2632131278514862,0.1288403421640396,435.51996966025195,326.57754522158314,1115.9375,0.03802734375,0.012308422672168754,1.216,-285.9254458511216,42.06390336968367,178.63842411689066,29.37034065078401,19.939655527381,33.36263721874761,0.88
1.0,1.8346875,21.51174545288086,243.72119317372147,192.07458901020084,271.6344887654643,-32.123600006103516,-6.906662940979004,381.1916730775052,866.9080256999283,0.2024271935224533,0.10923909395933151,457.03921471518663,330.77727064430616,1161.907327586207,0.040998787715517244,0.010879817570374059,1.44,-268.89024661684414,52.961106752378825,211.92081904961663,33.86183665487143,19.213420420445566,24.512823461064333,0.9655172413793104
1.0,1.362125,15.34706974029541,231.47718819301963,203.49593842053727,240.60500721642333,-28.532085418701172,-9.650474548339844,367.0359590172614,814.4707500948856,0.20213541388511658,0.08414827287197113,420.15121201073254,317.7484486374179,1052.3255813953488,0.03672329215116279,0.009874348299474695,0.64,-313.5491963654509,33.21781275164227,187.28322072233496,26.957814751474295,24.124743761225847,28.417079664151295,0.9302325581395349
1.0,1.640125,11.924999237060547,203.40094349029104,196.56411970905023,210.67220719096719,-26.561843872070312,-8.379488945007324,456.07319382775614,1005.1834727855748,0.26525184512138367,0.09032049030065536,542.2025191200103,396.2568535388331,1388.8221153846155,0.048020582932692304,0.01109611635414119,1.024,-226.04544119967275,42.06966860446994,245.87189631997367,24.810008719891197,-12.404399926512127,30.917165674643755,0.6730769230769231
0.0,1.7531875,16.75704574584961,78.49579088014298,74.0548776143282,81.695772662055,-34.885074615478516,-11.293269157409668,353.1920148014574,942.9921630952958,0.15697599947452545,0.07524650543928146,398.63347048929137,407.0786155019853,1384.9431818181818,0.03160511363636364,0.010054953411554707,1.12,-297.2360414186789,34.89478823932521,243.8676349656548,27.932154472845266,10.566417450994592,13.576415910762982,0.9818181818181818
0.0,2.4210625,14.000282287597656,80.49068696826872,70.30341458111748,85.06671609508557,-45.74542999267578,-16.522937774658203,367.0942262672003,857.806713600254,0.09490706771612167,0.033481165766716,521.2276759862704,457.3015857716611,1528.1661184210527,0.05220754523026316,0.01544360487506295,1.856,-315.50480854678005,34.65212066572211,255.4415182018482,19.469096708866807,-13.788680122769186,19.99781976984828,0.9736842105263158
0.0,2.045375,8.615072250366211,81.22423634888841,73.62835290502629,85.06671609508557,-27.034175872802734,-14.189956665039062,364.5666546991501,844.6062757327272,0.1090903952717781,0.03400009870529175,502.249384712775,442.11450241896625,1482.91015625,0.0471954345703125,0.018500040543598776,1.728,-303.44049063257137,15.2859739740579,252.31233352786916,12.741860351578664,-6.758860383074124,17.090990632711435,0.984375
0.0,1.2940625,13.38243579864502,81.03906065133762,77.55723809168673,88.57675191023606,-50.239646911621094,-12.794038772583008,461.04748526744055,1039.206173259792,0.13515639305114746,0.05115565285086632,463.4180901129599,438.2308227928041,1424.5426829268292,0.042135099085365856,0.016975726865937166,1.088,-292.0908659817294,42.15127725514771,246.53632782927068,26.309336820749888,-0.5616144572494384,24.88697073966181,0.975609756097561
0.0,2.1984375,8.909167289733887,84.48197909557769,64.84197773255048,90.12504626108301,-23.90984344482422,-12.738080024719238,507.94642075615974,1297.1493014573346,0.11951454728841782,0.04017465189099312,487.4832453554463,471.7324084698422,1590.3532608695652,0.04105808423913043,0.013918774986058422,0.512,-290.282501574214,12.56269346448731,238.29184295581808,17.642472343680218,2.462647759714014,9.658289108504773,0.9855072463768116
0.0,1.5445,18.684951782226562,91.33765391330037,62.63322193120639,104.12621525348065,-42.434608459472656,-14.265351295471191,375.0617809428283,853.8113196984713,0.10078083723783493,0.04952595382928848,431.52254995180306,411.3697086665998,1391.5816326530612,0.03912228954081633,0.011343042226891696,1.152,-321.8067319357272,41.45700464790999,245.61405212877,26.717267357426014,11.054378359443508,22.8991772473233,0.8979591836734694
0.0,2.922,9.085451126098633,91.17693301830528,74.91535384383408,97.71599684342459,-37.046669006347656,-16.577123641967773,376.77111898510407,852.3154240163111,0.07718759030103683,0.025997808203101158,530.2131711576648,447.523326460689,1520.889945652174,0.04985776154891304,0.01336000638813379,1.408,-335.1667226507707,18.554901097667145,254.7260602147532,16.70639222247456,-7.639848068541941,14.153138726045961,0.9891304347826086
0.0,1.461,13.765631675720215,92.57822846402185,69.89849670895097,102.93022366434921,-30.782384872436523,-12.40384578704834,433.85219853501957,950.7068052898798,0.1168573647737503,0.04980932176113129,418.6434768112049,386.1802386498188,1269.3614130434783,0.03530485733695652,0.007152995749334004,1.312,-303.78767199922066,32.328827579971,250.60796676315076,17.02466812402017,20.315955326350878,21.30798272870192,0.9130434782608695
0.0,1.8505625,8.979281425476074,79.79127683865,66.74199270850171,84.08964152537145,-31.857736587524414,-13.603269577026367,318.205634588799,888.2714603669701,0.12778879702091217,0.04054803401231766,458.5577007691221,438.06726616306526,1457.4353448275863,0.03604862607758621,0.009898218391544486,1.6,-291.6804189617957,21.658404218906693,263.4843605060522,13.998309572347962,-2.814985524724137,12.216566582291097,0.9827586206896551
0.0,1.5445,13.982643127441406,79.93281315490582,74.0548776143282,90.12504626108301,-31.6153507232666,-12.04321002960205,298.5191723889587,839.357698419779,0.14163877069950104,0.06440053880214691,337.78963976405913,362.6046318603793,1116.7091836734694,0.02431441326530612,0.007961169383910496,0.672,-303.9213678950733,27.014178036288783,236.2531133440219,19.305775917516698,29.88790702785959,14.634597692871388,0.9591836734693877
0.0,1.725375,12.322358131408691,79.45276143526166,73.20428479728128,85.55950256826023,-37.666744232177734,-14.196958541870117,390.05404050615863,840.8360952812039,0.13352136313915253,0.041347622871398926,500.79841704634714,458.70471111956044,1567.4189814814815,0.03980396412037037,0.010155580826035978,1.216,-284.4014872477225,29.81049077159169,263.37744611434533,19.59771660580288,-10.106126643810395,14.543770401349486,0.9814814814814815
0.0,2.212375,12.946916580200195,80.9691602881409,67.5174973084095,90.12504626108301,-41.34457015991211,-12.972744941711426,383.2424755845707,932.3073563673382,0.10043440759181976,0.04255645349621773,510.62397306258293,462.9670184864887,1534.8214285714287,0.042201450892857144,0.013616850426431728,2.048,-294.02110945925523,41.046420061379635,242.27232911754513,24.0499700109306,-3.4555930556577414,26.549755997842933,0.9714285714285714
0.0,1.9340625,12.001500129699707,81.8352899995412,72.3634618720189,106.56005016284841,-46.87567138671875,-13.782559394836426,361.52093390680346,860.5107771453744,0.11089538037776947,0.040583766996860504,467.42249686592595,420.0362868586996,1440.829918032787,0.04399334016393443,0.008683346149978054,1.536,-297.57062684011106,35.08053473549754,256.7002851384537,24.011820420362508,5.110924310010856,15.683824436392065,0.9016393442622951
0.0,1.850625,6.88688325881958,76.93684513722923,71.53229662176292,79.37005259840997,-35.96097183227539,-14.425601959228516,383.1996484900081,925.0541923806736,0.12227220088243484,0.032730601727962494,456.4635647585237,407.89745263049576,1403.5560344827586,0.03665476831896552,0.008841690787274566,1.504,-302.1161711739661,29.219300240753363,260.3441658597857,17.964098017938948,2.5923958443022923,16.44377198977841,0.9137931034482759
0.0,1.5305625,11.98971939086914,79.81942359849107,69.89849670895097,84.08964152537145,-35.51997756958008,-13.035207748413086,377.13411148239067,896.7323542195812,0.1228046715259552,0.043526776134967804,495.86163746270216,432.88247967051115,1470.3776041666667,0.04400634765625,0.013296748449468212,1.344,-294.50134363059874,31.768342971237043,269.8461975744003,19.883751457381337,-6.813861199914592,18.658422931345115,0.9791666666666666
0.0,2.0731875,15.031349182128906,83.18591438125145,69.0956439983888,93.84379966711431,-36.746578216552734,-13.605193138122559,354.1773830489389,838.9080904591398,0.10929807275533676,0.04974067956209183,504.37726985361326,441.39557186105725,1505.2884615384614,0.04580829326923077,0.01502053745266186,1.824,-301.17048766782074,25.388593449097467,243.43178540463197,13.763854002396075,-0.8625512386612594,17.57554735202571,0.9846153846153847
0.0,1.6696875,16.1539306640625,83.01176247627859,68.69768237290445,91.17224885582168,-39.409950256347656,-14.157232284545898,434.6468531272003,961.1854977134313,0.09644067287445068,0.039843495935201645,544.9275003929453,476.6795446857219,1568.691037735849,0.04995209316037736,0.016607951984758382,1.472,-304.84579583886,30.17324665885456,263.2760106515035,22.166376837828263,-12.234701957897707,18.77293121654758,0.9811320754716981
0.0,2.115,11.915082931518555,86.37312213895333,71.946679000541,118.9207115002721,-31.27183723449707,-12.403191566467285,399.65755963281663,822.5967451282482,0.1147160679101944,0.05185038223862648,485.7472946443534,424.5314906401889,1446.3619402985075,0.04085529384328358,0.01757050925188152,0.672,-298.4760414331842,26.544023984478706,240.1092755706829,16.516497089368144,5.468132490917744,16.445403245714804,0.9850746268656716
0.0,1.641875,9.748641014099121,74.52799421342463,54.841248984731294,78.91291473386416,-33.15473556518555,-13.244405746459961,377.62092398714475,896.3162265063193,0.13200236856937408,0.03934348747134209,501.4425022223872,441.57208893521084,1519.53125,0.041184645432692304,0.011828911109056052,1.376,-280.9299460150301,21.468719074357303,268.4065374467695,14.797690433608901,-5.745547630477448,11.994452320503076,0.9807692307692307
0.0,2.7689375,12.816368103027344,80.07103769469707,63.36098491435311,87.05505632961241,-35.37476348876953,-15.986021995544434,390.0616207607108,934.518641552153,0.09331275522708893,0.03150206059217453,520.3712217753379,447.523105921945,1526.4008620689656,0.04501167385057471,0.012364738430572874,2.432,-316.58422084668,18.848901452661394,257.50319041038557,13.574825832903853,-4.77906078027428,13.164531843658619,0.9885057471264368
0.0,1.6696875,11.908567428588867,78.6074920863948,70.71067811865476,83.60532082885095,-31.91396713256836,-13.125744819641113,397.9103301701425,1005.5639377948854,0.1316782683134079,0.053415924310684204,443.98641286970707,424.8991532853416,1420.9905660377358,0.03565374410377359,0.01522679334607126,1.184,-298.92448915135367,22.22964935426491,261.7619840893778,18.416020038634734,5.638147136006772,13.273784957889323,0.9811320754716981
0.0,2.0315,16.2564640045166,76.18486895495082,65.59540522187244,83.60532082885095,-49.82860565185547,-14.29524040222168,418.80303951388987,872.8414727177469,0.10569936782121658,0.043685559183359146,531.8388588365426,474.97709507308866,1592.529296875,0.046661376953125,0.0198622081170383,1.408,-297.2286084362938,36.923948066187656,257.2067507926234,27.136837848637338,-8.089858717880116,17.48468519355217,0.953125
0.0,1.321875,14.861886978149414,85.1481606399053,70.30341458111748,111.59971426302234,-32.067386627197266,-12.045873641967773,335.5508147976487,889.6159655069887,0.13454769551753998,0.05641820281744003,437.1664789965403,412.64329915492226,1358.2589285714287,0.035970052083333336,0.016342289840611243,0.608,-281.0100768514259,38.660891986949125,247.49887162798578,27.535300130926746,12.924516687845298,25.06582880896168,0.9523809523809523
0.0,1.6140625,12.571000099182129,75.75234609952744,52.364706141031334,91.17224885582168,-38.04574966430664,-12.591795921325684,365.24398476806965,864.1903304072924,0.1352287381887436,0.043237362056970596,451.3813878650289,395.363415340858,1295.6495098039215,0.04059436274509804,0.010421910005776672,0.512,-283.0975247803149,33.07281628527108,261.9621585903317,20.059659136225623,3.1481660512558927,18.132615405587565,0.8627450980392157
0.0,1.2105625,25.656509399414062,78.82152232455373,69.89849670895097,98.2820598545251,-48.41559982299805,-12.068629264831543,393.6006692887716,811.2041284263181,0.1628207266330719,0.07204116880893707,501.6032461404929,456.7327735095482,1581.0032894736842,0.042146381578947366,0.01151464925872952,0.736,-267.74139971877145,53.15420155505404,261.63186024859357,36.72834937041083,-5.5725852231718305,18.207100142323657,0.9473684210526315
0.0,1.5305625,14.42367172241211,77.47308408804018,67.5174973084095,100.0,-34.731651306152344,-13.649190902709961,417.2997868342054,1017.6677584273425,0.11850613355636597,0.04916444420814514,522.1663940336089,457.4634200614526,1585.6119791666667,0.046630859375,0.009791023287366507,1.184,-275.8618145621611,23.173421732512395,255.39600178771866,24.964793810383956,-2.4481130952424635,13.91245458299167,0.9791666666666666
0.0,1.98975,16.282020568847656,76.11695516880503,52.97315471796477,81.695772662055,-37.73240661621094,-13.723461151123047,324.7400791326423,873.8174845851227,0.10171275585889816,0.04771587625145912,454.8077865953385,446.9546929962197,1529.265873015873,0.03521825396825397,0.011993100630032352,1.312,-310.114018017479,33.43494757611496,248.8265438846362,23.82111197256123,5.782551590955163,15.112886258002323,0.9682539682539683
0.0,1.3775,14.522157669067383,80.19387815606045,67.12862513901318,111.59971426302234,-33.90776443481445,-13.867792129516602,397.0437575040321,923.6787953096491,0.10349969565868378,0.0475878044962883,483.29211975053244,450.8427126604865,1525.5681818181818,0.04141512784090909,0.0134759805736215,0.896,-295.53613933091015,27.423945076999964,256.4543119542994,25.997189761255765,5.9338992537531245,17.337242684831498,0.9772727272727273
0.0,1.945875,9.680689811706543,75.22949493103242,63.72803136596311,79.829838635665,-33.082855224609375,-13.952752113342285,429.66564257963745,1075.4076928606694,0.12677712738513947,0.04140529781579971,549.50926896274,469.69240708015445,1583.7602459016393,0.051245517418032786,0.011119922610389731,1.216,-276.99285279835095,22.960379357936823,271.116143522208,21.001225703454985,-13.559024198504037,14.847491523781981,0.9836065573770492
1.0,1.4309375,11.983438491821289,290.1328114488942,147.25670581005258,332.4951584571151,-28.741031646728516,-11.151790618896484,397.83691266659133,797.0866548666503,0.14912736415863037,0.06471149623394012,495.24566430208523,296.31341675603164,1074.6527777777778,0.04652777777777778,0.00992951785625744,1.216,-326.76547983802914,28.68548239255548,194.15473847823674,20.560112359466906,13.965365530627578,25.527628491427574,0.9555555555555556
1.0,1.557125,17.714290618896484,361.1591382313719,336.3585661014858,371.0636467765238,-34.46846389770508,-9.97372055053711,532.5769875385507,934.3934036763144,0.12273652851581573,0.07180041074752808,618.1839480921366,352.05410358110163,1317.283163265306,0.06612723214285714,0.02239020514803893,0.992,-289.6430741244408,40.17170953374415,208.3164452481692,22.775692100301928,-4.983299020792705,31.35446748748894,0.6938775510204082
1.0,1.5010625,10.203600883483887,120.09597206457642,90.12504626108301,177.1535038204721,-27.244129180908203,-12.983342170715332,455.3586173103384,984.0162940633342,0.14992506802082062,0.04743145406246185,483.06527120974516,321.8079100645832,1116.3563829787233,0.0451919880319149,0.013991244723029723,1.28,-288.8942154092145,35.863388778066295,245.62059790560915,22.66886228008103,10.299813835425804,25.15745811733868,0.8723404255319149
1.0,1.543125,13.654869079589844,273.8943813642598,133.48398541700342,350.237444562354,-34.32488250732422,-13.290563583374023,429.54489024073115,878.2046543539474,0.12536348402500153,0.054036881774663925,504.9788063344261,349.8433303171128,1233.4183673469388,0.045998086734693876,0.013813842586949898,0.832,-314.3106684201753,26.778511823440375,213.68453957859117,26.751064322207284,18.334699948445206,18.975725692105296,0.7755102040816326
1.0,1.655375,18.532588958740234,291.3721581119208,173.1073122012286,400.0,-35.41535949707031,-10.385772705078125,398.7909157758736,778.7038902302871,0.10766097903251648,0.08056561648845673,531.1640219250935,336.71848831293266,1234.6754807692307,0.05033052884615385,0.010388880883395683,0.992,-309.4460030432635,45.182280395489386,200.62850188276497,30.63195740648368,10.666845406022984,25.55191704234582,0.8653846153846154
1.0,1.935875,15.327381134033203,319.9122868218171,291.13063656843747,336.3585661014858,-30.786828994750977,-11.457250595092773,502.2930038970835,955.0835849369802,0.10138707607984543,0.053699035197496414,580.0923840426217,344.67178248264514,1260.502049180328,0.05632044057377049,0.014098298759484552,1.728,-317.6956990991015,42.884130119144594,211.27829610882887,28.974277591502556,-0.5821228065408843,28.59393583221385,0.7704918032786885
1.0,1.36075,17.303808212280273,197.9722779903101,122.40535433046553,315.65165893545657,-32.78105545043945,-12.841915130615234,439.7004656296204,912.630133033516,0.13036292791366577,0.06227945536375046,537.5129001732486,366.89617375110595,1275.7994186046512,0.049759265988372096,0.016932844682375263,0.896,-292.0632425908268,47.840835172938625,246.48057792485676,31.598616658061903,1.774734558603975,30.434188031007242,0.7674418604651163
1.0,1.8938125,16.178455352783203,256.2102122895647,124.5449622358823,326.78309064822,-39.26765060424805,-12.138500213623047,401.5199141797813,792.8655160298217,0.10858213156461716,0.05394652858376503,550.5659056297734,353.55224306735056,1249.21875,0.052571614583333336,0.016828986333686968,1.6,-310.9072082313585,48.982084126404395,227.48142051878526,28.109876763782477,4.552126177331985,32.35503422794311,0.8333333333333334
1.0,1.7255,15.942432403564453,259.72449733395825,141.4213562373095,308.44216508158814,-34.546417236328125,-10.188055038452148,426.26984936015486,943.6542273577749,0.08252833783626556,0.06285364180803299,492.6070619019101,326.00458042527794,1139.7569444444443,0.04457826967592592,0.01109505246441193,1.6,-333.66867926746494,27.265994909802693,179.4976905688967,21.90980774195452,23.96421462653031,15.536732605739491,0.8518518518518519
1.0,1.4028125,12.821573257446289,150.0383804073028,81.695772662055,167.2106416577019,-32.84991455078125,-12.267975807189941,469.0833714005574,961.2505408437264,0.14798182249069214,0.048372525721788406,538.3199060601465,339.76435128124393,1238.28125,0.0478515625,0.009707747524218121,0.992,-282.38901696514324,27.12871254349903,238.72537469862863,20.026896923544086,-0.7286817169716105,17.649845590866104,0.6363636363636364
1.0,2.0060625,10.3651123046875,246.86959355986227,117.55479062836088,319.31935454265994,-36.499305725097656,-15.152825355529785,504.46292659905134,999.0714343813064,0.09894122183322906,0.03289980813860893,554.8463662683686,359.0296807469445,1273.561507936508,0.052098834325396824,0.011816718482177005,0.928,-307.1394432429425,26.8355425287035,243.86294616720198,18.38860272718516,-5.14525978114268,13.467362516833798,0.8253968253968254
1.0,1.543125,14.115713119506836,239.2155940044016,204.67477839935495,262.38162088748976,-36.80813980102539,-13.080096244812012,509.2749371344401,1015.2200537427012,0.12173432111740112,0.05631795898079872,558.1241138250211,381.68339242368256,1338.329081632653,0.04942602040816327,0.010471195445945299,0.768,-293.6750738773262,24.88139256202039,250.1061046412838,21.744040698893176,-10.829961408060248,16.867789139848696,0.6122448979591837
1.0,1.2485625,14.450307846069336,,,,-32.220947265625,-13.062849044799805,541.1499443685491,984.3150698386859,0.11847782135009766,0.057041067630052567,624.281023449621,393.2395654396354,1397.265625,0.061474609375,0.01401962525981123,0.864,-283.8262321309512,28.662057941638892,261.15859490845736,23.841010949698045,-21.80782934135662,18.609586451207008,0.0
1.0,1.34675,15.557266235351562,276.3077160359832,196.56411970905023,334.4212833154038,-31.9007511138916,-12.891332626342773,447.41970343486645,928.3538374007325,0.10041812062263489,0.052638959139585495,540.8602864798956,375.39353522050317,1324.8546511627908,0.04408157703488372,0.007751457436031062,1.088,-320.7442812122769,29.258365349565544,231.10800066032735,23.684061002455238,-1.3009210397263224,14.532562291103966,0.9069767441860465
1.0,1.150375,11.433170318603516,,,,-29.545913696289062,-12.570125579833984,541.8026690231551,995.0341460716201,0.1375935971736908,0.050364576280117035,609.5217567088043,375.0873444314173,1362.8472222222222,0.06138780381944445,0.015197243985264104,0.864,-276.97393549105715,25.425713439063344,271.8447633332514,21.63077568262445,-26.401790550185865,27.237288032649545,0.0
1.0,1.6974375,16.113441467285156,269.96271480126063,233.75544971224912,284.4812036394563,-33.40611267089844,-10.552691459655762,405.40287335731205,811.7419634916841,0.12053503096103668,0.05857813358306885,533.5384327354637,334.61924028632086,1179.6875,0.04918981481481482,0.014393391533887887,0.224,-300.36489565485635,34.58321174932212,208.05135632406078,23.962151596877934,11.899948317479634,23.515310953153616,0.9814814814814815
1.0,1.3186875,12.25991439819336,276.9511537018363,250.53288772482563,294.5134116201051,-30.970115661621094,-10.141135215759277,425.6744870953271,861.4574815064374,0.14249563217163086,0.057450711727142334,519.2631705201704,337.2927098328084,1187.5,0.044689360119047616,0.010637701918476725,0.384,-288.69163280962135,17.286911569699754,217.5085226020311,15.568276616887086,11.096189617779114,11.861996095492454,0.9761904761904762
1.0,1.3186875,10.163006782531738,221.7199119509885,145.56531828421873,286.12918648705164,-22.922496795654297,-9.89234733581543,491.4991634377773,992.5667231080632,0.15870051085948944,0.062185660004615784,570.004172740496,372.00340062921765,1313.2440476190477,0.051013764880952384,0.014355341457518302,1.152,-269.52391784838255,23.843313106137792,237.32566140454105,19.706661857734844,2.2357826263421146,14.11606228397411,0.9523809523809523
1.0,1.6273125,14.370661735534668,195.4514722577947,143.06459324352582,299.66141537533633,-29.799280166625977,-12.338828086853027,441.8280606833088,923.2463199756397,0.1352308690547943,0.06414400786161423,540.9932327631833,339.7581755851351,1225.796568627451,0.04681755514705882,0.012114827581663408,1.408,-293.6533094709116,19.46655623707737,229.7064818627375,17.674799307416258,5.012327698071983,13.889586130802018,0.9019607843137255
1.0,1.6413125,12.896138191223145,298.2539684417169,247.65527207548806,346.21462440245716,-30.960514068603516,-14.76504135131836,417.7370196112203,962.7821463352824,0.1130894348025322,0.04392681270837784,531.7812515175452,355.49444517368863,1278.2451923076924,0.04546649639423077,0.01153166827717133,0.896,-321.43007008386326,30.406513038083855,228.12836410324678,21.21531748883038,3.4524031635712498,27.340731597972592,0.9615384615384616
1.0,1.7675625,14.170478820800781,207.87698793381958,146.40856959456255,287.786716002164,-33.22503662109375,-13.280563354492188,454.88210587004596,875.6913268809591,0.1122085377573967,0.048910513520240784,550.7780516199646,353.44675698619994,1266.7410714285713,0.050380161830357144,0.015335426167926408,1.12,-301.3782603504578,39.477525250699834,228.47140529500226,23.682739888523763,3.807317723850607,28.62537063879742,0.8035714285714286
1.0,1.4309375,10.411247253417969,268.6337845410958,231.07053937445463,286.12918648705164,-24.45861053466797,-12.269086837768555,490.81166458133265,882.5393660970618,0.16050709784030914,0.04883782938122749,511.46027736274976,311.89581280098975,1121.1805555555557,0.04982638888888889,0.012663536770747654,1.152,-290.30744122489654,38.73260117856924,242.22393359556565,28.712207287288454,12.103031431412983,19.999617376278163,0.7555555555555555
1.0,1.5711875,20.846965789794922,254.78498277401562,123.11444133449163,277.98364396846745,-38.198753356933594,-10.144139289855957,368.7245486762695,911.1421682358174,0.09419133514165878,0.07202450186014175,446.52237754969093,328.14868350173566,1102.8125,0.035625,0.008358005875029715,1.248,-345.7826184346525,28.728552974370974,178.31410092135243,23.970938609635734,30.45826140176431,13.453284249857807,0.94
1.0,1.543125,14.969325065612793,235.4949405781593,136.60402567543954,279.5939868358039,-30.005130767822266,-10.959661483764648,402.01536021727384,871.603914843311,0.12551462650299072,0.06144613400101662,473.6589558017877,311.85062042897414,1080.357142857143,0.04039779974489796,0.009658802467937381,1.376,-324.73704974495035,35.43648433129377,207.7326229864575,24.69506512825476,28.67889578285049,21.943684130676566,0.9387755102040817
1.0,1.59925,18.584964752197266,278.8828420444542,239.21922434748075,350.237444562354,-33.93408966064453,-12.419966697692871,414.9325594860122,893.1470639918571,0.09459076821804047,0.06024196743965149,553.8407664939971,354.40267269645904,1278.125,0.04859375,0.010673716440689719,1.152,-317.71071852432374,41.266174213527165,211.195704152765,26.06915442811049,-0.7315199377835648,26.628006164253005,0.94
1.0,1.5150625,17.02527618408203,278.88307557840176,268.51450055605267,291.13063656843747,-33.87001419067383,-11.488725662231445,400.37221129608525,821.22534229565,0.130141481757164,0.0740199014544487,549.7542326317069,338.93913885634686,1214.5182291666667,0.057373046875,0.018550939348673974,0.992,-292.91551030276435,57.30154167996519,248.68453367831603,36.1492530319431,-1.4492725804555124,29.718675401015144,0.16666666666666666
1.0,1.557125,16.775781631469727,203.40388818413157,142.24060181972814,281.2136583244699,-33.22483825683594,-12.10861587524414,515.8862949125315,958.8187215066464,0.12430592626333237,0.05631399527192116,591.7365826464041,358.5443462425371,1294.0051020408164,0.057138871173469385,0.019430466263977205,1.408,-289.8414449101938,18.603512970707694,221.17834973535147,13.28580834198744,-4.054097753472622,24.347654935606858,0.8367346938775511
1.0,1.978,8.719125747680664,266.5340572874084,243.40070273411817,274.79072949161787,-26.658607482910156,-13.22930908203125,439.6676164995585,883.8827085758172,0.12295831739902496,0.04273153096437454,501.01017034835075,317.2198157483981,1119.7076612903227,0.04443359375,0.012107075642615846,1.792,-327.64169298886105,50.9626019553537,208.4806594252836,34.26338475197083,9.088270689489846,21.595867787097326,0.8387096774193549
1.0,1.430875,16.26783561706543,269.54923441617416,249.08992447176465,340.26686438034227,-30.109834671020508,-9.736004829406738,384.4020830480859,881.4243144202879,0.12467788904905319,0.07793859392404556,454.7208501287306,298.63106731745216,1042.013888888889,0.040538194444444446,0.01071279561368688,1.184,-327.80270376464284,32.008369466237745,177.2964391121539,22.27907685116111,24.54911190114087,22.07883807774138,0.9777777777777777
1.0,1.6273125,15.84830379486084,277.23064751524475,251.98420997897463,289.4538474880756,-30.8591251373291,-10.541589736938477,422.36688277233435,910.8137284886544,0.13983479142189026,0.07919115573167801,515.0015575012626,328.3744206107011,1161.4583333333333,0.04708563112745098,0.019033086383467165,0.064,-311.6552492071894,26.043311861696726,190.90905093007947,21.32099877625186,11.801997518826857,24.149982477074037,0.9803921568627451
1.0,1.7535625,15.398420333862305,268.3232816065219,244.81070866093103,281.2136583244699,-31.213838577270508,-10.447086334228516,346.7915501656906,890.6378318796104,0.1367664337158203,0.0646173357963562,417.3740351824054,283.62611207636724,984.9431818181819,0.036683238636363635,0.006677505677392108,0.256,-341.0293410338882,36.17037685832932,173.30539616648988,30.097133138429573,24.25112091039753,12.862696099765223,0.9818181818181818
1.0,1.3748125,15.206806182861328,270.47524258448016,229.73967099940702,284.4812036394563,-27.998123168945312,-11.25464916229248,407.83664693938107,867.1224943272267,0.1425410509109497,0.06933146715164185,476.2219143059273,297.60655629641985,1098.4738372093022,0.04337754360465116,0.011236110576788165,0.896,-311.6460586736475,38.59897928592854,199.6269857170407,26.674598114327125,16.497739403779388,21.233405230134213,0.9767441860465116
1.0,1.416875,12.573698043823242,266.7921095657937,251.98420997897463,276.38257599355524,-26.8308162689209,-9.055608749389648,404.6089830033123,878.7524477857023,0.1688883751630783,0.06886216253042221,490.93316905881284,336.27861248475796,1183.6805555555557,0.04040798611111111,0.010849739541315748,0.128,-293.98931939050783,28.3977168631293,197.69916180403553,22.892867604889453,18.584237280110635,18.140783171892082,0.9777777777777777
1.0,1.487,15.679939270019531,234.0440128883016,141.4213562373095,287.786716002164,-37.757652282714844,-11.14682388305664,409.5636210231667,871.2746802544413,0.1296587437391281,0.07790634036064148,487.0143307716663,303.02363905955,1101.063829787234,0.04406998005319149,0.015153789947368518,0.416,-316.4733836341236,33.50965329105458,198.71200623409092,22.40769224329522,22.27369503416518,23.49384908969361,0.9361702127659575
1.0,1.34675,16.002208709716797,269.4966909542579,247.65527207548806,277.98364396846745,-33.996559143066406,-10.408733367919922,357.5836442950792,843.5218578016096,0.1359596699476242,0.07795175909996033,437.52047923473873,309.43585750178823,1071.9476744186047,0.03629178779069767,0.0068502958392758105,0.768,-330.82964209107485,23.9740360002061,182.202590532399,17.250111067120283,29.580154908907378,19.304514246186365,0.9767441860465116
1.0,1.2485625,12.931689262390137,273.31603795436246,254.91212546385245,315.65165893545657,-31.39573097229004,-9.592582702636719,413.2221712660726,921.2501350286434,0.17448636889457703,0.07243641465902328,509.4118479397084,353.17011689432064,1224.21875,0.0453857421875,0.01336319272107615,0.928,-275.6586910805205,51.69378929314362,231.5810875751609,32.15858881686734,12.984681482269144,28.607787348955156,0.75
1.0,1.5010625,10.406804084777832,187.94366907146272,140.60682916223496,310.2289523667469,-30.178878784179688,-11.650179862976074,428.24948646799885,882.1293585956792,0.12471573054790497,0.051759351044893265,531.7196420330873,325.0338645310833,1196.8085106382978,0.050199468085106384,0.01142532763307398,0.288,-290.229491943779,23.00991962257631,234.2394336101974,19.442966769553095,12.926619440652669,15.818659208677488,0.5957446808510638
1.0,1.052125,11.709345817565918,103.52821947043967,102.3373891996775,104.72941228206267,-30.399072647094727,-11.178775787353516,384.05617412520934,754.5479904398651,0.15052124857902527,0.052738603204488754,518.9181617284801,322.26581817482605,1165.246212121212,0.05063328598484849,0.013240456365262636,0.8,-274.670810334586,24.53740913020524,253.79293559986112,15.699893041359928,4.051661378977549,13.582986059348269,0.30303030303030304
1.0,1.0100625,9.306673049926758,136.521151676111,134.25725027802636,138.1912879967776,-24.50580406188965,-11.429559707641602,499.30327863651513,918.8315844895251,0.15000279247760773,0.0541374608874321,536.4941555166859,335.4900125415626,1206.54296875,0.052581787109375,0.014105560021433967,0.384,-275.966672170168,22.20189945648331,251.83496381258263,17.045841077854185,6.657269642829633,12.487967148108106,0.28125
1.0,1.921875,14.124935150146484,247.33766213416786,194.30638823072118,326.78309064822,-36.281639099121094,-15.475234031677246,481.1735337584931,901.128012868378,0.09581835567951202,0.039958566427230835,553.5661371681686,356.1110109511929,1265.625,0.050076844262295084,0.013923568689144298,1.6,-330.19342887506724,33.11547587547117,218.48615751000426,17.936575443365367,-4.369816598695848,30.09894259425228,0.8524590163934426
1.0,1.0100625,9.8407564163208,200.66265723589916,194.30638823072118,203.49593842053727,-25.416149139404297,-12.099431991577148,535.7993927771158,1045.681580911225,0.1688535362482071,0.052675891667604446,561.1360399894763,391.57434880004644,1313.96484375,0.0494384765625,0.015868671116852587,0.384,-296.27855371807254,23.95266026317473,233.3157885711833,21.627154764228685,-23.2385883864866,12.74779926780331,0.78125
1.0,1.6413125,12.804732322692871,228.50071812619512,192.07458901020084,301.3973362949152,-31.11316680908203,-14.996748924255371,477.31884821987387,953.5948303663132,0.09933336824178696,0.03998667746782303,556.1320749574836,371.6831614626616,1276.141826923077,0.053541917067307696,0.01575558734230049,1.376,-332.6960020194741,22.534958035923037,234.95039753446207,19.937942051197272,-11.209512889823783,27.724403767316268,0.7692307692307693
1.0,1.4449375,6.2546281814575195,188.7154479843184,156.91681957935012,198.8480847635095,-23.594207763671875,-13.499719619750977,536.3821491774321,986.2723475434012,0.12541083991527557,0.028275011107325554,626.4353775353286,385.9320774649186,1353.6005434782608,0.06532353940217392,0.015904102583387328,1.28,-305.04969340653736,16.674569273047673,245.8728628102094,21.666873397207375,-26.60222868980495,33.37583357173799,0.8913043478260869
1.0,1.4028125,9.93190860748291,181.05885857342955,102.3373891996775,194.30638823072118,-25.8740234375,-12.778587341308594,501.7080340346268,996.9227403727551,0.13394613564014435,0.04219401627779007,595.4899602781926,404.08339823369846,1337.3579545454545,0.052911931818181816,0.01284007136465645,1.248,-295.93378744676744,22.381074857923892,236.07095996229657,22.362144851117105,-23.074019547334032,37.14802766499868,0.8863636363636364
1.0,1.3748125,7.594353675842285,179.63488988458852,124.5449622358823,190.9683207820833,-25.34646224975586,-13.540979385375977,476.656871291414,993.766293679438,0.14151380956172943,0.03578651323914528,577.5020722849157,375.65888252572705,1308.8662790697674,0.05539153343023256,0.009679685404422404,1.152,-291.59127317460457,19.541408271863226,239.92551999050437,15.63651351116952,-18.113722593518947,31.656040767568335,0.8372093023255814
1.0,1.416875,12.150830268859863,225.89979294306477,135.81724438273213,250.53288772482563,-32.2133674621582,-12.509601593017578,399.58901743398934,838.492666406189,0.13101720809936523,0.0582788810133934,490.1569374691646,353.2647859138851,1189.9305555555557,0.04418402777777778,0.013043852626842689,0.384,-310.3327694432229,42.83690607267784,230.76876456090636,30.085435305966584,13.923265260512654,21.747094052732376,0.8222222222222222
1.0,0.785625,14.084563255310059,188.65346363907412,99.42404238175475,257.8740616879158,-28.158615112304688,-11.199402809143066,490.7445081218023,904.0170835876722,0.16304418444633484,0.06569021940231323,572.2448060113072,361.10919196724745,1271.25,0.0562109375,0.012718068547469187,0.544,-261.1084110465558,20.47226116603561,261.8312238782266,16.54821539363545,-7.221031199701105,8.324201088874728,0.88
1.0,1.1924375,14.09080982208252,228.82317062496244,139.79699341790194,257.8740616879158,-34.04597854614258,-11.633139610290527,438.48972770021845,865.2376164023121,0.11411728709936142,0.05309847742319107,504.23777817376055,356.49643533159525,1210.5263157894738,0.044947574013157895,0.014015389828608877,0.544,-320.0129323036255,30.11315040305319,203.7141356305822,20.746781217700683,17.54658813733596,18.215113639792882,0.9473684210526315
1.0,1.3186875,10.010782241821289,215.8369978163324,132.71517423385683,237.8414230005442,-33.797447204589844,-12.473493576049805,448.1771836970845,844.3491142696579,0.15233676135540009,0.049817994236946106,471.3598880192496,317.4395923543831,1036.0863095238096,0.04680524553571429,0.014452422500709838,0.8,-316.0930008964825,51.143834974259676,229.2406301833133,30.076204887992994,23.268021851479983,29.537756556220153,0.9523809523809523
1.0,1.290625,15.248722076416016,250.967067397945,239.21922434748075,259.3679109302019,-28.414379119873047,-8.565764427185059,349.8793017236954,793.311142109038,0.15917836129665375,0.09663122147321701,432.84896235522876,305.27289358721123,1006.4786585365854,0.03553734756097561,0.009396308436498487,0.48,-320.5851663448479,17.546695219265672,173.57365768263028,14.61579149630626,29.381158760380085,13.275346011925837,0.975609756097561
1.0,1.487,12.644275665283203,178.9049523716998,102.93022366434921,262.38162088748976,-29.826982498168945,-12.42109203338623,461.37031556134735,880.0536350120441,0.11901107430458069,0.05133823677897453,527.8497621668007,346.202242774236,1193.4840425531916,0.04737367021276596,0.015347054588525075,1.12,-300.758943372858,41.6152547254929,233.40889738300748,29.52798983221228,10.038743164313345,26.24611616301814,0.7021276595744681
0.0,1.8376875,14.785538673400879,100.45532151041049,91.70040432046711,111.59971426302234,-32.17231369018555,-11.15963363647461,419.32441736005813,947.5883353671367,0.1168568804860115,0.052769895642995834,489.30023901241594,447.0091808630513,1452.3168103448277,0.03635169719827586,0.014591127005071447,1.472,-278.6905636825602,25.22027688630739,221.50315622256264,15.709397844531074,3.545668572985348,19.189019962528363,0.9482758620689655
0.0,0.982,15.378175735473633,143.78011818410758,114.20823393107715,204.67477839935495,-29.624834060668945,-11.236223220825195,556.2565436718389,1114.362468224361,0.1396016925573349,0.07994857430458069,545.2750397258761,427.1354153876962,1378.5282258064517,0.046717489919354836,0.015236428094798927,0.576,-266.47659063019006,25.351350057790885,251.51287697891055,21.812489455135314,-7.683004626033542,12.670534932207548,0.9032258064516129
0.0,1.2205,13.6002197265625,98.00665756886642,87.05505632961241,101.74796921026864,-28.634824752807617,-10.46633529663086,405.1497088946198,1006.3262252749843,0.16010528802871704,0.06294792890548706,466.74836879994746,423.9366659170154,1323.3173076923076,0.037259615384615384,0.02499121336610377,0.224,-263.70680450083216,28.779629470703544,225.5327544457827,15.398109598304185,2.9051883625341284,23.2856153720306,0.9487179487179487
0.0,0.6,54.38250732421875,,,,-69.59867858886719,-9.23603343963623,296.2998065467791,1082.2910057124836,0.059424787759780884,0.10585648566484451,329.5687252028623,386.26065370994655,1194.078947368421,0.0224609375,0.0038020645577522467,0.256,-457.777082291092,105.79468684095362,120.76105809551935,91.2792583264526,47.53097625081084,14.596572433418688,0.0
0.0,0.64,49.33668518066406,,,,-63.00843811035156,-11.584650039672852,289.88710937677257,1034.2611185321387,0.058585911989212036,0.08372806012630463,262.19630983933246,332.9107915182127,887.6488095238095,0.018415178571428572,0.005187531535485246,0.32,-464.28697889427013,100.70308714093417,135.15435736409023,82.12970449144652,59.32075520912719,22.669635326453445,0.0
0.0,0.52,47.18716049194336,,,,-61.20903015136719,-11.785694122314453,338.83217559726126,1002.1614215223373,0.04071734473109245,0.07889647781848907,315.1902285048998,377.7560367283476,1022.9779411764706,0.02194393382352941,0.004618509017059233,0.256,-478.49110795814687,85.22887974945566,124.37913720387371,72.25595092000489,51.79751053666546,12.786255990786216,0.0
0.0,0.6894375,38.279937744140625,,,,-54.917911529541016,-13.643036842346191,351.54488922591406,1120.6407316763564,0.037792131304740906,0.05654801055788994,328.69395171729866,381.1827655215295,1054.6875,0.021084872159090908,0.00564581125657268,0.352,-453.4040120330075,89.49362641477704,162.87552383578043,69.8914802452876,54.43347056684318,27.46432959995547,0.0
0.0,0.5864375,50.31684494018555,,,,-64.43165588378906,-10.519779205322266,378.59919530405455,982.9857107871856,0.0573556125164032,0.09390686452388763,384.59085693373873,384.0605668723228,1129.9342105263158,0.02816611842105263,0.014651052253936297,0.288,-440.5014736128349,82.17049835581463,140.0831128146864,72.30077133191489,52.8747085960032,18.726989153799074,0.0
0.0,0.7478125,56.43876647949219,,,,-71.22674560546875,-10.586231231689453,309.5760921054794,1097.763581556265,0.04332585260272026,0.08492625504732132,277.95260386553895,353.6729644107852,990.8854166666666,0.018961588541666668,0.005212781913649347,0.384,-476.4118353079112,80.31263432470061,88.0434690730131,76.24372943179691,48.71114134454448,19.766399580744817,0.0
0.0,0.8,45.28466033935547,,,,-63.21217346191406,-13.17326545715332,372.46585274178864,1174.1488243359217,0.02572382614016533,0.05675901845097542,326.1224847679314,403.0113986792116,1227.1634615384614,0.020207331730769232,0.004933401029703807,0.352,-509.54515730250023,69.89532987415295,113.04903192869605,62.85227308118996,59.527574886676526,12.99017749394037,0.0
0.0,0.48,45.290672302246094,,,,-59.51382064819336,-10.056014060974121,326.7421533594335,960.3337708017887,0.060657382011413574,0.09931394457817078,288.15373166639546,344.7544518723378,859.375,0.02001953125,0.005828777532379552,0.288,-438.5533151992041,86.32895653904167,149.40532441935034,75.27962922162368,63.39714052783855,13.287087249743514,0.0
0.0,0.564125,41.72191619873047,,,,-58.56501007080078,-14.416455268859863,307.3046457581231,985.7163507261171,0.07129843533039093,0.07705757766962051,262.9836002043037,296.5821962848786,796.0069444444445,0.01904296875,0.005915619090295003,0.224,-446.2996834634629,86.2314606297256,162.89887167287702,71.96538874646913,65.30578230971123,19.43575635873253,0.0
0.0,0.52,46.20857238769531,,,,-59.71697998046875,-11.794229507446289,406.08795633411495,1144.4373043327857,0.039985254406929016,0.07984550297260284,330.93449911718307,408.77121562135034,1218.75,0.023207720588235295,0.00874445771281619,0.256,-448.08252239588785,63.74511172146469,132.9412203809194,58.781667805190025,58.13394180988964,12.867562373493142,0.0
0.0,0.35675,43.10411071777344,,,,-58.62629699707031,-10.990728378295898,390.2353148805485,1067.6189940082306,0.08234571665525436,0.10789176821708679,357.5296102617499,454.0399903912186,1169.2708333333333,0.020751953125,0.005554758120632006,0.16,-406.2612536249416,85.82235436934155,165.6824043292347,74.56290967347094,54.07070087073317,12.241460222278395,0.0
0.0,0.32,47.036190032958984,,,,-60.52128219604492,-9.806565284729004,377.0574585473712,1053.3483782393143,0.08571198582649231,0.11511994153261185,362.7041787531438,451.87224774531,1176.1363636363637,0.022194602272727272,0.0061353524656147,0.128,-404.20949221310985,90.23925776470027,172.21346505772314,77.46450627553952,56.59749462203058,10.484312813659962,0.0
0.0,0.458,40.512916564941406,,,,-58.58810043334961,-13.854053497314453,428.8120966436945,1120.6122964957024,0.038045089691877365,0.06478254497051239,369.0908454832393,478.52238742411527,1430.2083333333333,0.0189453125,0.006184553170332248,0.224,-463.04282102176234,74.15204570587262,153.0145769883071,63.85703724394635,48.74064924472577,15.040817321292549,0.0
0.0,0.5200625,37.23432922363281,81.02683263400772,69.49591099211685,98.2820598545251,-59.06208419799805,-17.296831130981445,375.3255094468334,1059.185309051054,0.029022037982940674,0.039664849638938904,344.98564769362554,393.25961866905425,1032.1691176470588,0.021886488970588234,0.008407775937471343,0.224,-465.1077913830531,109.93062931157372,186.52208695448886,69.78287951053717,41.724894636751415,48.569029900437336,0.5294117647058824
0.0,0.56,41.91282653808594,,,,-55.358116149902344,-11.66050910949707,322.5834664938266,1012.9916603714773,0.04887976497411728,0.0780334323644638,318.77178528011893,393.4906545027647,1072.9166666666667,0.01953125,0.0069435966821945125,0.288,-439.0639531968326,75.91757943824656,167.42924917258793,61.33312785225631,57.682584126451275,13.747972096249903,0.0
0.0,0.4,39.97306823730469,,,,-54.61808776855469,-12.072160720825195,396.88409868256304,952.0319047561131,0.07213103026151657,0.08593367785215378,311.4761461223432,392.11987438756546,1078.125,0.020207331730769232,0.007490202695020392,0.224,-414.0505819705667,96.2455607282436,181.88107215497527,76.13557663683429,56.75894298522946,15.22622575474945,0.0
0.0,0.56,32.2975959777832,77.45993899623964,56.448220240306554,116.20455869578394,-50.2071418762207,-11.95870590209961,492.83050006638456,1072.30289859235,0.060791049152612686,0.07780937850475311,415.4888916857501,460.9655921511498,1406.25,0.026312934027777776,0.00818652357484692,0.256,-383.12028163502396,77.93727420864653,215.2397178041227,59.06171200601596,30.890899032734506,15.346269697711104,0.7222222222222222
0.0,0.64,33.68492889404297,86.02937676076161,76.66641723348003,101.16194403019225,-47.094512939453125,-11.00709056854248,383.5460912104656,969.4182232219663,0.07988202571868896,0.09518270939588547,327.21089476151303,381.3553037886789,1083.3333333333333,0.020414806547619048,0.008432568176962243,0.256,-374.3876722999816,94.80945135949482,181.21420720002482,69.99293188558649,49.55646925814678,26.047324956570147,0.47619047619047616
0.0,0.84,34.38880920410156,,,,-49.428043365478516,-12.450389862060547,396.53109607035634,1002.6773866319772,0.0364188514649868,0.06311877071857452,319.0550166385067,327.46971334544736,925.3472222222222,0.022352430555555556,0.007362498026774034,0.416,-460.45885740716557,86.96928572784374,181.52112293267135,63.779793161135004,58.17632436607724,25.433860442179334,0.0
0.0,0.56,35.147682189941406,70.9420644600028,57.10411696553857,83.12378961427878,-49.339019775390625,-13.377704620361328,359.98106467191405,1073.411388038029,0.05603259801864624,0.06704925000667572,278.5927603678056,369.47154782006703,1019.9652777777778,0.015570746527777778,0.006885917720153884,0.192,-444.2859600513116,101.31841679851627,179.2400456815658,80.82815719186358,54.847296936165755,18.300431341555395,0.3888888888888889
0.0,0.6174375,38.666019439697266,69.85679172698013,58.10227934789198,81.22523963562355,-51.88078308105469,-11.622020721435547,417.82605651043883,1133.3780519657025,0.05411051958799362,0.08751723170280457,294.2796546412196,388.2468361139544,1064.84375,0.0150390625,0.006324326116676632,0.32,-469.89014533068047,95.23289786293961,165.97722295426829,78.9902500213285,63.355673672080194,11.402560730446673,0.45
0.0,0.64,46.20499038696289,,,,-57.54685974121094,-10.705652236938477,333.3364160832795,1011.6453702540967,0.04503590241074562,0.08194099366664886,249.49473055866696,310.8853632927735,816.9642857142857,0.016462053571428572,0.0033190226711412724,0.288,-445.0671647371715,68.04738337786775,126.8258277884541,59.19733036068377,61.9354608719526,12.57931326919145,0.0
0.0,0.56,28.03390884399414,,,,-44.57173156738281,-10.559123992919922,238.22347531450313,1069.9545265192094,0.07951187342405319,0.08564241230487823,218.14425637790654,289.7061320413537,625.8680555555555,0.01611328125,0.004548564001459024,0.256,-423.28280940635454,62.897832577567954,165.06737045919544,50.416044488006854,73.68709686858331,15.060511260793234,0.0
0.0,0.6,42.04506301879883,,,,-57.75336456298828,-11.731710433959961,245.32956927508997,1046.46959047118,0.04592892900109291,0.07334375381469727,209.79467041953208,245.3832262895887,574.8355263157895,0.016087582236842105,0.0035191699771019097,0.288,-453.4636748215162,65.57862421937745,126.90746097611914,55.21322648049461,70.71366893895132,15.528806436291935,0.0
0.0,0.68,42.36328887939453,93.90151323322193,89.60596419119524,97.71599684342459,-57.013057708740234,-11.624154090881348,243.71909755710357,1080.978124727094,0.05232086032629013,0.08166323602199554,238.13969434758764,316.2652184033081,793.3238636363636,0.014825994318181818,0.003152571183338903,0.288,-464.6952938599552,79.91039191554948,109.9315450922738,69.4657532054777,58.97813143866939,15.807926450584834,0.2727272727272727
0.0,0.68,37.88032150268555,91.72090148960076,83.12378961427878,97.15319411536059,-51.4720458984375,-12.113542556762695,211.09936567541487,1157.1240738434,0.038325343281030655,0.06877302378416061,217.3031873911751,317.9511254941331,751.4204545454545,0.01358309659090909,0.0037234050027540426,0.288,-483.02020180796995,75.07790509595081,110.69179826042533,62.70384102731879,60.562940728951624,11.933478525037138,0.3181818181818182
0.0,0.6189375,34.364009857177734,88.34291202276387,80.7574166800042,94.38743126816934,-47.86962890625,-12.266551971435547,299.49483876574743,1123.6472797352706,0.058055125176906586,0.0711185410618782,256.19542264673464,327.02254407479893,875.0,0.01611328125,0.005088443543012901,0.384,-451.5443757795666,79.50601859664292,157.88231068796694,65.02045435203708,63.99309465292309,18.057024525104804,0.3
0.0,0.72,36.73295974731445,90.67065236797903,76.66641723348003,125.99210498948732,-53.349388122558594,-11.50261116027832,320.6867412913154,1116.1702141823039,0.05143913999199867,0.07456937432289124,266.60799141039575,334.65163200629775,900.1358695652174,0.018809442934782608,0.0059172399707898785,0.416,-461.24767226344875,92.17600441020149,151.7472236209667,77.13123753167946,60.53854822956605,11.267691710167263,0.4782608695652174
0.0,0.76,36.67450714111328,92.19969861719919,84.08964152537145,109.68249796946259,-54.846038818359375,-16.298980712890625,305.362513711497,1044.4508129761512,0.04631805047392845,0.043874699622392654,245.9961231089128,293.0825673905643,774.7395833333334,0.017781575520833332,0.004367130710609416,0.544,-467.79443632175094,74.65480300321424,171.9137148991648,63.851165145698154,61.05382378438083,15.373927829406236,0.25
0.0,0.8,34.21479034423828,94.54445853552906,50.87398460513432,138.1912879967776,-50.71894073486328,-13.116475105285645,276.6285723269646,1083.57208449407,0.044396333396434784,0.058969251811504364,249.03828614944587,300.70058705098955,835.3365384615385,0.015812800480769232,0.004350652590514109,0.384,-480.5655741832589,93.7894481229374,149.68602239597394,70.49660473813285,66.12320004950571,26.168547714570753,0.7692307692307693
0.0,0.68,36.808372497558594,,,,-57.468570709228516,-12.270153999328613,274.07486022074863,1051.4636398834068,0.06461042165756226,0.07647202163934708,262.9021145266227,326.6001902683205,909.8011363636364,0.016690340909090908,0.00422514347808622,0.352,-446.75146713099645,99.67509890247798,156.1291619519545,77.64957712857348,58.97870835230431,23.463883191873943,0.0
0.0,0.6,29.887290954589844,,,,-46.390716552734375,-10.199814796447754,305.40859986649104,1022.839836659051,0.08058904856443405,0.08571990579366684,290.58564781655906,341.1585921126442,981.0855263157895,0.019222861842105265,0.005060030622631155,0.352,-398.84030683748614,78.20279743818021,181.51781738637172,57.861837384052365,50.28447039979596,26.728277982561913,0.0
0.0,0.88,35.055301666259766,,,,-51.981449127197266,-12.701549530029297,293.8819668847144,1008.6964024261708,0.05430996045470238,0.0660998746752739,259.3225434502459,304.42518200682144,813.6160714285714,0.017229352678571428,0.0032725178866461774,0.416,-451.49325083025036,85.64652011514123,165.69654393922693,70.1002178926377,65.87583977334421,19.09364397078844,0.0
0.0,0.8,37.71052932739258,88.36992777682863,71.53229662176292,108.42268703014184,-52.86138916015625,-10.894251823425293,330.14517331565435,1036.4299158176163,0.0533960722386837,0.07496438175439835,273.3973133395073,334.2509656223036,954.3269230769231,0.015887920673076924,0.004130415310060362,0.416,-439.4803307138046,84.88700180750614,135.09814593114456,70.13768173464322,57.65903194255269,21.735458156495074,0.3076923076923077
0.0,0.5835,32.59589385986328,,,,-50.035057067871094,-10.90757942199707,336.3570992136497,1013.9852548390976,0.08924927562475204,0.0815461054444313,276.59918448432643,349.9886446214932,947.3684210526316,0.018811677631578948,0.006422080035952827,0.32,-398.50552746939724,82.90756049856323,178.9668249050916,63.75358338259924,64.85863762068678,27.04468261594717,0.0
0.0,0.5999375,28.5321044921875,,,,-43.21574783325195,-12.258811950683594,312.653078492985,980.9894587917153,0.07479865103960037,0.0681951493024826,257.6348543794384,291.35537996797683,741.7763157894736,0.018863075657894735,0.005868385269815824,0.384,-403.01812961618515,78.52167258692077,176.8855337712512,57.59978965282116,63.326383329375105,25.532247046274197,0.0
0.0,0.56,35.074928283691406,,,,-50.79710388183594,-13.355912208557129,295.20371398161484,1072.2253049930948,0.06252775341272354,0.07229188084602356,255.3243656217656,353.5001699166086,934.0277777777778,0.015896267361111112,0.003411072463024772,0.224,-434.7819079666875,88.77505509722151,170.99285939469075,67.90307320267671,60.09375789212874,22.74577218617334,0.0
0.0,0.64,45.58528137207031,,,,-61.545631408691406,-12.913278579711914,370.52242106430475,1037.2573336376488,0.04926568642258644,0.06640898436307907,337.89323778632416,422.1914707053705,1321.4285714285713,0.021484375,0.007449480693464917,0.352,-463.66481142304275,92.64974286227915,158.103201984192,76.60667367332938,58.532324157350494,24.79116130231536,0.0
0.0,0.56,28.014690399169922,,,,-45.82331848144531,-15.136531829833984,306.43928814479506,1040.21615365835,0.06861356645822525,0.058716703206300735,269.2685306879403,309.7733157742109,863.7152777777778,0.020128038194444444,0.004685000157266229,0.384,-420.0506445577572,66.80506756832087,194.8935650591854,47.30519154582866,64.72384123054621,28.285651444400322,0.0
0.0,0.56,31.940746307373047,,,,-46.939491271972656,-9.760986328125,314.75141016811506,979.4518788017787,0.08717579394578934,0.09338859468698502,287.9910601508111,341.37896942078527,939.2361111111111,0.02197265625,0.005507462342346559,0.288,-387.06311709758614,72.2288890081225,179.32599867592043,53.88378103655068,66.41584957925,27.973654364708693,0.0
0.0,0.56,39.559410095214844,,,,-57.62347412109375,-11.484094619750977,341.96915930630263,1049.7522076888392,0.05483965203166008,0.08056636154651642,260.4672614401956,336.23599987662624,855.9027777777778,0.016764322916666668,0.0051392100923980935,0.32,-443.84481838963757,96.96619814052774,154.94458104294736,79.77682013487679,56.55880128390931,17.051728844551995,0.0
0.0,0.6,35.191993713378906,,,,-48.46323013305664,-12.092138290405273,379.8165830998001,1072.7368084427044,0.05618199706077576,0.07421959936618805,306.30394172977327,368.06734750512004,1030.4276315789473,0.0205078125,0.004525361986647849,0.32,-433.1091047880109,85.97688162730098,185.95244000299613,63.429020231330405,56.387987820141674,22.410534786455692,0.0
0.0,0.68,38.26484680175781,,,,-53.59111404418945,-10.62509536743164,277.2701735019754,1063.9017616763056,0.05222583934664726,0.0804748684167862,289.84703017806805,377.1831780841479,1113.6363636363637,0.017311789772727272,0.006281974279238099,0.352,-436.32546104085935,91.71525045397225,139.57671629242972,75.81277824858876,54.64598563606021,15.558552809641945,0.0
0.0,0.76,45.50003433227539,,,,-60.02058029174805,-10.054214477539062,282.93611757535456,976.3030734138559,0.06235693022608757,0.08700165152549744,317.5322225398872,372.07005308608905,1111.328125,0.024169921875,0.008401890717510413,0.512,-420.58499444540166,100.5256660792078,155.4763357512676,77.24910992439384,49.124176918118216,32.01991106746281,0.0
0.0,0.8,36.766204833984375,,,,-52.09068298339844,-12.28845500946045,383.7414706985369,978.5068402327095,0.0354192778468132,0.06659738719463348,322.68937765868844,385.94742906303014,1097.3557692307693,0.02197265625,0.007752407485697193,0.352,-464.95430563739086,75.34530440324711,143.49745864074927,57.34794802640029,58.86872069566168,16.567429041771565,0.0
0.0,0.537625,28.7218074798584,100.90229167349511,93.30329915368074,107.79821830428551,-41.378562927246094,-11.407876968383789,205.01413637948858,990.6076932976044,0.056779660284519196,0.08293117582798004,211.16379637012844,248.7512636950076,587.3161764705883,0.01499310661764706,0.005441819776098364,0.192,-449.76059977280323,109.33660032142002,147.50762954985404,78.0873363106376,57.95187563888814,30.49935684999888,0.4117647058823529
0.0,1.0,28.265884399414062,100.19060921116801,79.37005259840997,114.20823393107715,-43.310211181640625,-10.03753662109375,229.99835561382696,1024.2989615138147,0.05246972665190697,0.07928632199764252,212.88110683672573,267.4018059482074,680.17578125,0.01361083984375,0.0030290906234564353,0.576,-456.79752170382807,86.081061574478,133.99060142151671,66.89750470257769,65.45170873083259,24.589246272807465,0.6875
0.0,0.64,39.78730392456055,,,,-54.56140899658203,-10.931281089782715,258.56303600348605,1030.7573089697312,0.049203235656023026,0.08087906986474991,258.05170996715583,349.21137347235134,980.6547619047619,0.01683407738095238,0.005835336057788842,0.256,-448.798358112063,93.39858633480466,129.74656264470724,73.22798106190818,58.27016376420224,18.504569633967805,0.0
0.0,0.6,41.95859909057617,,,,-55.764930725097656,-9.423751831054688,320.0673627269091,977.8915461836702,0.07573273032903671,0.10362499207258224,306.30022770285245,345.93590160212733,962.9934210526316,0.020764802631578948,0.006962108835607338,0.192,-394.5601233013609,106.59075687568705,165.2006455919489,84.44500740657242,46.298923438219894,19.825143996792665,0.0
0.0,1.0,36.105464935302734,88.4606129920271,78.45840978967507,112.2462048309373,-55.8210334777832,-14.961116790771484,302.6260871351852,1048.0616980953005,0.029888708144426346,0.04461108520627022,249.88287552536332,297.1184944909613,749.51171875,0.0169677734375,0.005948971157720315,0.48,-499.64140882456184,94.6837084809274,152.89720322904083,66.72448251816515,63.22848685714253,29.48755594467699,0.34375
0.0,0.88,35.08237075805664,,,,-50.69513702392578,-12.07767105102539,294.4117944405337,1014.4351536581513,0.03939611837267876,0.062273286283016205,235.71594809826254,272.5958005228544,683.0357142857143,0.018519810267857144,0.0049964602260313355,0.384,-458.31898675095766,74.37341533170508,149.15776456214434,53.836029277293676,76.26082378966154,26.27153096897884,0.0
0.0,0.52,34.864925384521484,,,,-49.13471603393555,-13.646727561950684,293.4778003447268,1028.2118401767002,0.06542528420686722,0.07539981603622437,254.54142869332944,346.81678633751204,935.6617647058823,0.01579733455882353,0.0043056823762508065,0.224,-452.9940665954517,88.51905973547568,166.40237307079192,69.89644149204707,68.26685673413657,17.375000816196533,0.0
0.0,0.52,26.872156143188477,,,,-44.422332763671875,-12.427543640136719,367.18173689027606,1155.5160974394853,0.06177937984466553,0.07091064006090164,285.08477726662096,397.79205412011873,1120.4044117647059,0.016256893382352942,0.0061939298341838365,0.16,-394.1620049039877,82.13385593126539,168.42640418739893,56.93791866193651,53.87350439795061,29.13655241086045,0.0
0.0,0.72,39.019187927246094,,,,-56.25514602661133,-12.70468521118164,300.10173654834716,1015.645424178742,0.047591038048267365,0.06349213421344757,264.0990416497811,322.92118197723937,887.9076086956521,0.01723845108695652,0.00498457724006896,0.416,-454.5636854627125,92.89275110745503,154.05048760530414,67.70164682651306,58.78378179572297,27.574456868943894,0.0
0.0,0.64,44.37464904785156,,,,-59.253231048583984,-11.129721641540527,333.94606898241045,1129.4540755955968,0.046940840780735016,0.08265399932861328,276.27489840668727,321.9123697581592,877.2321428571429,0.019717261904761904,0.005871910014012127,0.32,-459.63705580037526,71.45874078621684,121.41916042443637,64.18564455459996,60.767597352845165,13.869776047628148,0.0
0.0,0.76,45.78313446044922,,,,-58.955955505371094,-10.0118408203125,379.05701451889183,1124.205250439818,0.04001118615269661,0.08366372436285019,291.11130972678376,380.42656053613297,1118.4895833333333,0.01904296875,0.0054881885742471895,0.384,-467.87540005858637,69.30267441061974,98.44736395612433,62.18805973694456,55.000107839818234,14.139531725013706,0.0
0.0,0.8003125,45.86525344848633,,,,-59.305015563964844,-10.067262649536133,379.30436056167974,1176.1314663593075,0.03170474246144295,0.08122190088033676,315.6159352671187,410.6301078813819,1213.9423076923076,0.01844200721153846,0.005127056311038975,0.32,-480.22167307168576,61.172336209873684,85.40196748042241,56.32242864293306,49.266407959491865,10.521104742001055,0.0
0.0,0.84,34.15985870361328,70.27507885179503,58.77739531418044,89.60596419119524,-48.223365783691406,-11.207318305969238,453.9254096794572,1130.9965400419687,0.04167220741510391,0.07097330689430237,312.5190928033916,421.74574393228096,1256.3657407407406,0.017614293981481483,0.004614912589044149,0.48,-434.96646888766736,64.20956086666507,152.42706180777574,55.14840385399761,41.78657746342887,11.577282843312059,0.2222222222222222
0.0,0.5325625,41.98637008666992,122.5314526918133,106.56005016284841,143.893358001082,-57.121795654296875,-11.28470516204834,378.14940315303033,1062.8310603517632,0.05109316483139992,0.08612316101789474,313.2505170866337,383.3949623719507,1071.6911764705883,0.016946231617647058,0.00480686776688236,0.256,-460.97527907781165,60.14488225048467,102.65187231368743,59.09679747653827,52.38823737904243,18.08451424498146,0.9411764705882353
0.0,0.52,43.175987243652344,59.1267655759989,58.10227934789198,60.15125180410583,-59.5516242980957,-12.928321838378906,383.33455722786636,1153.8601877744861,0.03528040274977684,0.06923063099384308,322.7150435384322,431.27652151631384,1267.4632352941176,0.017003676470588234,0.003992313959994038,0.224,-499.63079114452205,80.18142566619528,146.1019360934593,73.8116901515235,50.17668031847484,20.089053960463946,0.11764705882352941
0.0,0.640375,45.4554328918457,,,,-57.49609375,-11.601612091064453,344.30155728005593,1137.322835604211,0.05187536031007767,0.09408543258905411,320.336359945815,400.5061504871043,1196.4285714285713,0.021623883928571428,0.006302139883334015,0.32,-465.886604852137,88.04054695333788,126.68509660926226,76.24842066422804,53.30428746854657,14.158452793738125,0.0
0.0,0.64,42.17729949951172,,,,-62.18983459472656,-14.964727401733398,381.74968317787693,1092.097985940421,0.04872974380850792,0.05207288637757301,352.25168560476624,389.8038752958806,1203.125,0.024367559523809524,0.005642020419681214,0.288,-431.98371877201697,68.79303135465852,192.7159422563302,56.51937750634633,50.191827780640175,16.294358182791395,0.0
0.0,0.76,41.85350799560547,,,,-56.685150146484375,-11.847972869873047,419.40807519269,1141.2884883597867,0.03980481997132301,0.06705012917518616,307.83971192995756,352.374261305853,1019.53125,0.020222981770833332,0.0037661983181938087,0.32,-467.1068692294036,53.97253903723623,138.51779306988996,52.92706290300388,60.6261820830076,15.742647850914812,0.0
0.0,0.4713125,35.43379592895508,,,,-49.94887924194336,-12.592845916748047,382.36831561649274,1127.0929843204865,0.04190923646092415,0.07504736632108688,321.13405666529565,401.69121821507827,1162.5,0.0201171875,0.004521811290152432,0.224,-455.6761296924114,50.0133891371519,139.88289060100223,47.114801475653756,52.9196439033086,10.778826442824093,0.0
0.0,0.5731875,31.12601089477539,,,,-45.33015823364258,-12.05318832397461,356.49660774193427,1185.9897273460074,0.04901925474405289,0.07171661406755447,268.32878153475855,339.0784151217928,960.0694444444445,0.017686631944444444,0.00354935486844534,0.288,-441.22069602899035,47.492224866635475,168.80185101437553,43.71516826943824,57.18492432483629,10.910554955820764,0.0
0.0,0.5269375,40.56568908691406,,,,-52.72807312011719,-10.753766059875488,454.01691721769726,1097.0844294862263,0.07682289183139801,0.09819742292165756,357.1646876281561,424.81746533719956,1209.5588235294117,0.025160845588235295,0.010299783637971462,0.256,-422.0654589908185,53.469104845439134,152.02365047694116,55.52632355191311,59.059906492029164,25.29207078309115,0.0
0.0,0.5648125,24.54145050048828,,,,-36.074275970458984,-9.651668548583984,430.4912726896984,1071.5799740071657,0.09004317969083786,0.09724048525094986,333.62828139148775,425.59255544779626,1236.111111111111,0.020236545138888888,0.00689616907657007,0.224,-339.6045327024942,64.79273472746705,194.6429506341047,48.67816778533513,41.41704048922023,20.151178188240042,0.0
0.0,0.56,22.183483123779297,,,,-37.4351806640625,-11.144495010375977,383.719921402776,1108.1858491692726,0.06145485118031502,0.0754871517419815,299.3072237186052,417.1653473461881,1182.2916666666667,0.015299479166666666,0.00406575390520729,0.256,-382.3637875221053,55.224991441644526,182.1137453329984,41.940939448028125,43.19743559958515,11.920978637301321,0.0
0.0,0.52,18.71068572998047,91.90041819474051,84.57676786314485,96.03729450510042,-35.2501106262207,-11.928789138793945,399.8588344142053,1107.6579797805998,0.07916910946369171,0.06528192013502121,303.2019385956433,358.31970695214625,954.9632352941177,0.019301470588235295,0.00868006744831071,0.288,-375.20855716915327,63.38537933699315,222.39184979361497,46.54272168657512,41.26534493249212,22.626827298870836,0.29411764705882354
0.0,0.3969375,48.74355697631836,,,,-62.75208282470703,-10.257286071777344,285.9378655744946,1040.208855585626,0.08752543479204178,0.10772744566202164,291.42969265305595,392.49938072859055,1046.875,0.018028846153846152,0.005032492254941174,0.192,-434.6474414518525,93.88675302616831,137.31413846339302,86.97703096399042,60.60053567582497,15.388138790856521,0.0
0.0,0.43325,47.73063659667969,,,,-63.14983367919922,-12.454371452331543,458.9132649580211,1124.384125750391,0.04278000071644783,0.07963824272155762,388.46281019057136,459.0798362668344,1334.8214285714287,0.025251116071428572,0.008686601604943134,0.192,-473.27403536876415,69.34568282713522,125.63349921101731,61.55905515217252,53.034743467031056,12.712196747978508,0.0
0.0,0.55575,54.538856506347656,,,,-65.78266143798828,-10.372153282165527,262.12712603436717,1058.3638533154738,0.050826214253902435,0.09218312054872513,329.88044787761794,420.5076094679482,1259.548611111111,0.020833333333333332,0.003444988686282019,0.288,-471.35233331592826,72.28430242777821,98.99405994825152,71.71990126792058,59.46935981411871,25.00543011449779,0.0
0.0,0.49225,45.01344299316406,,,,-58.24766159057617,-9.864143371582031,303.16977863195456,1116.093086753492,0.05325173959136009,0.10204645991325378,312.684308943985,439.0839887114059,1231.4453125,0.021240234375,0.00869017174343637,0.256,-446.37990293926197,78.65041290999295,118.18509378447044,71.89081391209726,56.86932163091663,8.815594593805988,0.0
0.0,0.6,55.8602180480957,,,,-69.01622009277344,-11.946601867675781,284.82537983789877,1126.4027414967331,0.03360087797045708,0.07528572529554367,283.46471737090235,359.7936787280068,1009.046052631579,0.019274259868421052,0.004129152501725932,0.288,-507.6732453866063,91.9988593109271,99.32049250726591,82.26698163561893,48.09942548422282,18.81623929871411,0.0
0.0,0.6281875,38.780757904052734,,,,-55.03511428833008,-13.824610710144043,348.69548351123916,1084.4835857899823,0.0326414592564106,0.0591491274535656,307.01367637022406,347.5190011817248,978.125,0.02275390625,0.004581525041304649,0.352,-483.9369309044056,62.69253592114229,149.79242625295518,53.561822772971816,59.607855558973995,8.941394750709446,0.0
0.0,0.4295,39.05156326293945,,,,-54.4920768737793,-13.357784271240234,390.2966890916581,1046.059428033003,0.045656610280275345,0.0694032609462738,360.4649938904383,401.0114066547063,1081.4732142857142,0.025669642857142856,0.010713159411131691,0.256,-440.9084413944088,54.612334369862886,175.19592930651424,47.27676676655946,47.00942307667975,12.740969532124122,0.0
0.0,0.48,49.82408142089844,,,,-65.4227294921875,-11.682270050048828,364.2204029735028,1066.031820504888,0.04364694654941559,0.08260124176740646,442.2215851839493,535.6448435482831,1673.828125,0.02374267578125,0.006593774569497277,0.192,-477.2371620359203,78.28790241232389,107.99562028854983,75.20665710739168,47.75572095153857,16.60846970811491,0.0
0.0,1.1645625,47.056243896484375,64.08071264507231,51.76324619206888,75.34933407372878,-60.289344787597656,-10.00186538696289,328.19110547098666,994.8063515598537,0.03285183757543564,0.07435774803161621,309.15167661488573,391.7583283609887,1149.4932432432433,0.017551731418918918,0.007040212557194436,0.352,-476.76490298427893,78.1508133981343,91.5544704394173,73.13374512132323,48.468740040893515,18.470738059712986,0.5675675675675675
0.0,0.72,43.335269927978516,,,,-55.901153564453125,-10.14646053314209,320.2194673584496,1126.4730887215583,0.05656147003173828,0.09050357341766357,277.4298385447384,367.46260020036135,993.8858695652174,0.017068614130434784,0.004061021467805143,0.352,-456.5438929312764,72.55097236003336,113.99834681472383,67.76354727552477,62.47604913217768,12.691321030690654,0.0
0.0,0.56,43.63704299926758,,,,-56.57341003417969,-11.334704399108887,347.0097446813267,1162.7916250198107,0.04866290092468262,0.07977571338415146,277.1866374021074,380.9448316800076,1039.0625,0.01708984375,0.006092111742256804,0.256,-474.58491261702994,78.49830503196995,122.78283387029799,69.10417852011824,62.425479849711536,16.33840355803566,0.0
0.0,0.750625,40.007904052734375,,,,-54.74717712402344,-13.027152061462402,422.91876505008764,1135.19536920743,0.026461124420166016,0.05929723381996155,326.6826314539422,397.28211104211186,1192.7083333333333,0.0213623046875,0.0048934819953192,0.352,-477.1040092830289,72.07973503411509,133.03096156364066,59.72249724636892,58.11994215553981,9.779887321201839,0.0
0.0,0.6365625,34.59230041503906,,,,-47.38210678100586,-10.492657661437988,382.9285392599035,1151.652168325315,0.04539995640516281,0.08433008193969727,325.3981314863303,375.0645746761847,1111.71875,0.021533203125,0.009027130560212534,0.256,-421.3534558395124,55.544810122732905,135.27754237120806,47.97372119466172,55.3203935305295,12.970063496659069,0.0
0.0,0.7755,48.29249954223633,,,,-62.508811950683594,-11.162982940673828,366.83051293722525,1141.8835758948228,0.032469477504491806,0.07300130277872086,296.1035177725442,375.97671448126465,1052.5,0.0183203125,0.0055743159263603815,0.352,-490.0046489717518,80.63551303126972,108.59457123691695,67.54098437992239,55.23319312392071,16.725894159793835,0.0
0.0,0.56,45.084190368652344,,,,-59.04509735107422,-11.17957878112793,313.90670232396866,1159.8690377851274,0.05572853982448578,0.08866171538829803,283.04951184197876,372.69995967328697,1070.3125,0.016764322916666668,0.004640812965294027,0.256,-470.70565278025634,76.90925261583493,125.5562244699922,69.93714436614798,64.05944336383112,11.942990447009636,0.0
0.0,0.8853125,39.02899169921875,,,,-55.70659255981445,-13.152137756347656,332.67317456846797,1117.0641919076534,0.026636695489287376,0.05437815561890602,254.2203621545543,316.71577325906446,869.4196428571429,0.019949776785714284,0.006676781305891664,0.416,-494.9641311471086,53.86911316380827,103.12409585431742,49.04025627651002,64.49828153140406,11.16888858360061,0.0
0.0,0.52,50.587493896484375,,,,-61.49492645263672,-10.07194709777832,340.02425634519625,1123.9174227219573,0.057685736566782,0.0966288149356842,307.4179839081312,442.79759086045937,1306.0661764705883,0.017348345588235295,0.005845278422295497,0.224,-444.9625770622658,87.83335219726958,124.16145295899956,77.25390992264579,55.8657645340517,17.571983920904902,0.0
0.0,0.6,39.707942962646484,,,,-55.34535217285156,-12.215065002441406,287.6012636510611,1086.8053853983738,0.043403077870607376,0.0692034661769867,297.2697110227841,363.872678412663,1068.2565789473683,0.019788240131578948,0.006667494929350956,0.256,-444.46849747507594,55.78399197549532,130.73369839169683,52.052329382814264,63.124371797811854,13.462077741875953,0.0
0.0,0.7258125,48.97496795654297,,,,-63.56745910644531,-11.650222778320312,310.11653547262375,1149.6449774119633,0.031272049993276596,0.07101599127054214,283.13588541854574,376.2309849201953,1054.3478260869565,0.0185546875,0.004442624442774568,0.32,-501.1380574720582,70.09031880317873,95.42429117548953,65.63197298175758,57.28428743824028,15.728708153401682,0.0
0.0,1.04,47.59880447387695,,,,-64.47064971923828,-10.576841354370117,340.0009346895009,970.1977179030451,0.02941536158323288,0.06986377388238907,336.69346607491786,341.97567453950836,962.1212121212121,0.028438683712121212,0.01894503422761232,0.512,-483.2458495843157,82.07757670446287,112.69763099125028,70.58173240843954,47.753124182360516,17.110425509679057,0.0
0.0,0.52,39.16547393798828,,,,-51.93687438964844,-10.895912170410156,292.52754414405155,1216.5129688451811,0.052406296133995056,0.08759238570928574,291.3306270207694,403.3398414438498,1163.6029411764705,0.017003676470588234,0.005359946482274529,0.224,-444.2439527441889,84.37328234047772,141.2609338470504,67.95545757410262,57.01148137017125,12.681690397174549,0.0
0.0,0.6,49.18014907836914,,,,-62.823829650878906,-11.127549171447754,249.27692799728158,1029.3479441035345,0.04603339359164238,0.08136238157749176,270.54460859878577,322.31778298480333,933.3881578947369,0.019839638157894735,0.005128997688925313,0.256,-445.0095442085007,74.84192735591175,122.6119402081071,63.021352851948855,58.09505987656123,14.340776086062226,0.0
0.0,0.44,46.57036209106445,,,,-60.0986442565918,-10.626482009887695,299.19740618075616,1037.8879100473566,0.06556354463100433,0.09664283692836761,290.590055710905,373.1232684076445,1073.6607142857142,0.017996651785714284,0.00585605241680116,0.192,-449.55628422230905,107.40786757154447,149.02823884062673,90.95610311217305,54.744077771133625,12.741539603060195,0.0
0.0,0.7998125,34.09134292602539,,,,-49.7496223449707,-11.724623680114746,332.68373265179997,1076.3211730077571,0.06551290303468704,0.07967551797628403,292.09932486509376,323.9399763235478,952.5,0.021796875,0.0070079910442695705,0.288,-416.4134812868171,85.95346805092004,179.54017268576746,62.23535159908061,57.92062905440759,25.966099217246793,0.0
0.0,0.52,37.054954528808594,85.31556028452061,58.43886242806228,116.20455869578394,-55.07205581665039,-12.112188339233398,337.6424666129703,1127.2443812622869,0.055150676518678665,0.07110320776700974,308.9733249027645,417.4298859455203,1178.3088235294117,0.017176011029411766,0.006905817521667609,0.224,-440.69307634975587,77.1444113877663,190.28198940205422,61.601996572190515,52.07887722552203,11.694995132313165,0.8235294117647058
0.0,0.64,39.72616958618164,91.79553144601277,69.89849670895097,110.95694720678449,-54.627464294433594,-10.865093231201172,337.91315733922846,1116.8174446055723,0.041445959359407425,0.08139059692621231,309.5647588660739,370.4072460282955,1073.6607142857142,0.018647693452380952,0.005935645418753292,0.32,-449.414380008455,55.789885542300084,129.54871096402582,49.98275990898158,56.966452769420094,12.024055147957204,0.9047619047619048
0.0,0.52,35.946659088134766,,,,-52.212562561035156,-12.054682731628418,405.7452845219299,1054.033206180399,0.04445907101035118,0.07449155300855637,305.71260258284815,401.8134430772613,1087.3161764705883,0.01803768382352941,0.004594151889506481,0.256,-441.2694297995901,45.43323670182544,144.9569941642854,41.65796194308569,62.56123874958206,10.393167452690008,0.0
0.0,0.414125,41.540069580078125,,,,-56.694793701171875,-11.67435073852539,345.6789510430459,1166.9010257445136,0.054668109863996506,0.08769689500331879,285.8195329191277,389.74035870439553,1143.0288461538462,0.01532451923076923,0.0031906190777637173,0.256,-438.0966514406378,80.37682869454645,147.04231021687255,70.56076141888101,57.84041010044355,8.360082934652041,0.0
0.0,0.56,42.00190734863281,64.36093078610335,50.0,86.05514372443301,-54.166656494140625,-12.004510879516602,341.86763155227106,1190.3457959463485,0.03726688399910927,0.07635833323001862,256.06431819005115,355.58623007439,894.9652777777778,0.015299479166666666,0.004181390813367555,0.288,-476.40746423877914,69.73150269047053,121.46239269466047,59.99880667145974,56.734156733615436,9.132492842321229,0.8888888888888888
0.0,0.6429375,38.8265266418457,61.439181309675845,51.16869459983875,84.57676786314485,-49.63243103027344,-9.893837928771973,309.43963093839017,1047.4355353031258,0.05765358731150627,0.09022209793329239,338.13496277785777,413.5488236246139,1215.7738095238096,0.0185546875,0.009981796408117635,0.352,-398.5398162368371,95.87091352876082,138.47791471982137,63.84079866003057,52.76698375378493,18.13357032921443,0.47619047619047616
0.0,0.8,42.735748291015625,58.687532479179424,51.76324619206888,70.71067811865476,-57.40138626098633,-11.711309432983398,332.59687171303756,1149.7874569282976,0.030950434505939484,0.06670927256345749,247.89886460491988,354.19502647499564,959.7355769230769,0.014986478365384616,0.003924445936133112,0.384,-482.6902812945854,62.88460140833774,96.94453070461101,55.98784531819945,60.594975496413895,13.771259136842128,0.11538461538461539
0.0,0.560625,42.61036682128906,61.22177808479965,50.28964705339267,71.946679000541,-58.80815124511719,-12.31596565246582,385.05855848238986,1202.7390244055166,0.03485991060733795,0.07305429130792618,283.12160976559665,393.872272045195,1125.8680555555557,0.016493055555555556,0.0037806535134948666,0.32,-479.2520863608649,59.13225836046044,106.34171838287904,57.70985727005101,59.1936706533366,13.917873213838464,0.3888888888888889
0.0,0.59525,25.9054012298584,53.230498134039024,50.0,57.76763484361365,-37.764190673828125,-9.227588653564453,349.40900716873625,1157.879396530446,0.0988999754190445,0.11440891772508621,259.11699551531655,355.7485558658291,904.6052631578947,0.014854029605263159,0.003634389294749936,0.256,-370.80085523271424,86.80474023190213,182.31199386905993,61.032740341026226,56.12640006055463,29.381972027988773,0.3684210526315789
0.0,0.606125,20.350353240966797,,,,-33.604217529296875,-11.035643577575684,344.74052770116623,1030.471800395944,0.11980754137039185,0.07183012366294861,280.43090893956344,329.9463566483511,912.0065789473684,0.019736842105263157,0.005065248764290674,0.352,-324.46888177655757,54.26346093472878,227.41330569230175,43.916579639803096,44.13857331584264,19.130352650998358,0.0
0.0,0.6,26.32301139831543,,,,-38.94332504272461,-10.376428604125977,325.775303853229,1080.3502175672263,0.10277547687292099,0.10198113322257996,274.8756578325487,344.05646869624996,921.0526315789474,0.018914473684210526,0.0038702406655050777,0.256,-362.82478320046994,89.66655814397636,193.24678608231156,62.81256148788524,52.484096396880865,31.49490747066542,0.0
0.0,0.64,18.563072204589844,,,,-33.24251174926758,-9.53189468383789,326.5188255491593,1069.8224666423935,0.11332234740257263,0.09607737511396408,244.16680827894933,335.29067705533924,833.3333333333334,0.01525297619047619,0.005462071004473968,0.288,-357.5068278871824,74.9213531295242,205.68505795171762,49.38170622882714,55.42142359314196,29.599965543849052,0.0
0.0,0.52,20.48701286315918,80.93851118474693,75.7858283255199,87.55936114058852,-34.372806549072266,-9.793804168701172,337.121645558574,1098.3305668958321,0.11055421084165573,0.10545988380908966,261.40219114421933,365.05378145650417,877.7573529411765,0.01591222426470588,0.004440750939817943,0.32,-358.8752700884615,82.56650108009308,196.85360154873868,56.52565103362828,51.010869087308784,28.66451016427845,0.29411764705882354
0.0,0.56,23.516605377197266,81.26257106349739,74.91535384383408,91.17224885582168,-34.639610290527344,-9.38490104675293,395.6516817581642,1153.3562148188153,0.0814424455165863,0.09520327299833298,282.12020830053075,347.4475399908046,887.1527777777778,0.019151475694444444,0.0053403167392481795,0.256,-358.8981757486906,71.42697209820184,185.09520934932465,48.239439113076706,57.59659807729083,28.36412228498081,0.3888888888888889
0.0,0.56,43.71294021606445,,,,-56.295692443847656,-11.354827880859375,324.31322518614814,1026.9758866206487,0.05035087466239929,0.08104801177978516,309.8158498455939,379.61957774085243,1032.986111111111,0.021647135416666668,0.00613544167479517,0.224,-431.37553207152473,90.92579620004676,156.2028430446968,70.75640958929586,51.65815243741254,20.825706622582228,0.0
0.0,0.6,47.74378967285156,,,,-60.60319519042969,-9.010289192199707,326.68640656223334,1135.2521246551064,0.07250633090734482,0.12145677953958511,257.89320511119666,351.0238389796979,976.9736842105264,0.015522203947368422,0.0028320265859284356,0.256,-444.37833314760945,91.27644819139819,107.21261671242964,80.11164713097834,48.32944795294376,10.184337269873186,0.0
0.0,0.6,40.146846771240234,,,,-53.21994400024414,-11.657404899597168,311.3855981828697,1098.7636633155917,0.05970437452197075,0.08444556593894958,281.32292690563537,372.3167665090851,990.953947368421,0.018143503289473683,0.007586390471108707,0.352,-435.87729396012736,107.38248764781886,148.01813018667193,85.29163648023955,53.50132545077901,17.04019862909304,0.0
0.0,0.5853125,43.10622787475586,,,,-58.172080993652344,-11.657432556152344,445.0016003917408,1164.670625596963,0.06770540773868561,0.08888698369264603,318.7176221157483,409.4966457799557,1125.0,0.017012746710526317,0.006790377646585939,0.512,-415.56674354419164,80.66647853431702,124.72249971811016,65.15915875333567,48.28097963568968,13.979343259761484,0.0
0.0,0.64,40.46162414550781,94.99446122879506,74.91535384383408,124.5449622358823,-56.963253021240234,-9.657272338867188,295.1402403203321,1005.04151904877,0.05464717745780945,0.09430908411741257,339.0545114297972,421.1395192064691,1188.2440476190477,0.020693824404761904,0.006369040556675825,0.32,-409.63901862462177,86.14900354122405,135.7968842769161,70.48818303345881,46.60654182165453,15.652203042356371,0.9523809523809523
0.0,0.813375,45.733558654785156,,,,-61.68135070800781,-11.263587951660156,335.22846233361395,1186.4499212190817,0.0318463034927845,0.07055293768644333,263.8053007836344,342.0532158303604,950.7211538461538,0.017540564903846152,0.007800663214251447,0.448,-495.5168843474473,82.27270309666439,105.16257562473096,70.90144582025391,53.03890832857049,17.254035795890175,0.0
0.0,0.72825,41.85787582397461,,,,-54.80961227416992,-10.379972457885742,426.57162279926973,1113.429703741749,0.04113190621137619,0.08111601322889328,299.3377923794588,368.14269142594435,1020.3804347826087,0.021993885869565216,0.010927295792300243,0.416,-452.9200120093252,79.44055435827244,131.41259900838946,63.23395309276252,57.024335632115005,15.85027427041738,0.0
0.0,0.56,48.428321838378906,67.06533638640579,60.49970446096463,80.7574166800042,-61.50727081298828,-11.864839553833008,232.45914320006816,1100.7107004847983,0.04542604833841324,0.07784175127744675,303.52529561285013,391.42996687765077,1118.923611111111,0.016330295138888888,0.00620888265578026,0.32,-466.5626653170568,63.94672547413863,101.61404814905401,59.82583523904777,53.89141615533727,23.199693133296304,0.4444444444444444
0.0,0.56,42.50712966918945,,,,-55.4871711730957,-11.448683738708496,367.7028384016167,1157.0651660421834,0.05449552461504936,0.0889381691813469,311.5117207692103,398.7659783697477,1112.8472222222222,0.017361111111111112,0.006635800716762437,0.288,-452.860298319747,81.36224269326564,128.35712791557543,67.76044993855344,54.05429176709763,13.64596639272243,0.0
0.0,0.64,41.424049377441406,,,,-59.778751373291016,-13.445210456848145,342.0377548946233,1136.4079081549908,0.031939417123794556,0.06023883447051048,313.6370267860874,387.7709712238516,1049.107142857143,0.019252232142857144,0.008971338932421432,0.32,-480.3597592170852,46.14790826442381,143.52936925678708,42.21490358602716,58.945361188876234,12.013556740681011,0.0
0.0,0.4821875,46.3223876953125,,,,-64.34989929199219,-8.64026165008545,303.50785857712503,1031.670328299402,0.07144961506128311,0.12246540933847427,341.98445633987217,419.30026962815026,1213.8671875,0.0185546875,0.005348853100636388,0.192,-419.50758365767217,93.50107297537912,126.14079863042005,79.93523109653947,51.64134056907315,17.263887443187024,0.0
0.0,0.9935625,40.497249603271484,,,,-59.24999237060547,-13.235906600952148,367.7105126548884,1170.3727877415056,0.02131001278758049,0.05159449577331543,308.7615827402571,375.35334618640513,1108.3984375,0.018707275390625,0.00588530524888253,0.48,-509.34358033281796,63.9442511411261,112.44586359785578,55.17031954948233,58.70648082444179,13.209761078910608,0.0
0.0,0.443,40.857025146484375,,,,-56.58330535888672,-11.988371849060059,420.90325573049546,1020.2393048114761,0.05405548959970474,0.08100773394107819,292.1169388866427,361.9152188312346,965.4017857142857,0.021275111607142856,0.006686612154856498,0.224,-431.2286603046736,65.24939678706966,157.32645384112476,55.79447852767208,58.71582418089183,11.17642161186557,0.0
0.0,0.4,38.995853424072266,,,,-56.448726654052734,-13.096837997436523,335.84755447725325,1084.5517021921146,0.08438388258218765,0.07905701547861099,286.16096006798097,392.21295127113524,1006.0096153846154,0.015024038461538462,0.003990572411446342,0.16,-413.70119578633825,63.91443279651022,164.76169880525316,60.52645099318397,62.92901310137587,13.303133111160722,0.0
0.0,0.56,37.35726547241211,,,,-49.503684997558594,-11.506670951843262,351.94161995691763,1146.224798850504,0.07720586657524109,0.08990655839443207,296.60532548426323,364.72205651031516,1072.048611111111,0.019259982638888888,0.0049131604160887275,0.224,-414.39348728730414,62.88342658217446,159.5886895657663,60.34544676238029,68.49451002362275,16.08617973895366,0.0
0.0,0.4489375,37.84553146362305,,,,-53.546836853027344,-10.66799545288086,301.55358964610997,1080.427595162431,0.07337973266839981,0.08756661415100098,270.89172728494975,370.89854388095176,963.5416666666666,0.017578125,0.0048762977372588555,0.256,-402.613243202747,63.25702289882101,149.22430522558204,53.674263446625446,69.42962292001481,13.609118624318276,0.0
0.0,0.68,48.812137603759766,,,,-60.29792404174805,-8.75319766998291,330.5830172339791,1114.8544841216706,0.052774444222450256,0.10336422920227051,284.10285428035905,342.1734907398007,894.1761363636364,0.019575639204545456,0.009378315993328144,0.32,-448.92077324203495,86.27466586763163,109.1512184371128,77.28372700377173,52.1490506962275,14.842580076538715,0.0
0.0,0.6,33.7318115234375,,,,-47.16046905517578,-11.090797424316406,338.7644306572502,1212.4713461237686,0.047637782990932465,0.0791616216301918,233.614234778531,300.8537367506444,793.5855263157895,0.017937911184210526,0.006298722748728005,0.256,-455.85149149510556,48.7542260251854,122.61802083380088,45.36418965380362,68.43209397109563,11.261912996637399,0.0
0.0,0.76,32.061588287353516,75.88534477437754,53.899109152142756,98.2820598545251,-54.17451477050781,-12.814308166503906,323.2254409829595,1130.2256691891503,0.037435997277498245,0.061207398772239685,241.0611040182076,307.34106786352095,795.5729166666666,0.015909830729166668,0.005030949227535376,0.384,-461.4727871850801,61.06374260711914,140.8819109046547,49.17788816919273,67.2491239160197,12.495564745942726,0.25
0.0,0.72,41.2819709777832,,,,-55.37181091308594,-9.044925689697266,296.2031058389046,1033.4631858994146,0.05865846574306488,0.10093892365694046,265.9117020453321,294.40921523542715,792.1195652173913,0.020889945652173912,0.005934884342804627,0.352,-447.1825772725909,81.93254682728637,133.18263667543468,67.89374694173327,62.84931177377631,15.814600105271808,0.0
0.0,0.6,41.249046325683594,61.95870126886232,50.0,78.91291473386416,-54.50066375732422,-11.925918579101562,396.10380930775267,1017.6441692931713,0.06776419281959534,0.0840146541595459,318.50771826241635,376.26231051890903,1137.3355263157894,0.01870888157894737,0.005652380956567237,0.384,-418.91974482758025,104.26972636713037,171.11992180767956,80.89879188120409,48.22312061601734,18.095929886387545,0.3157894736842105
0.0,0.8,41.910404205322266,,,,-57.43681335449219,-10.238927841186523,385.40329046058304,946.8534082377431,0.05066249147057533,0.07937407493591309,340.7166182801372,375.0495283911246,1080.5288461538462,0.026141826923076924,0.011079400739136288,0.384,-401.2733437136863,90.34058712765327,152.86059547099097,72.01075710884132,52.894678395620076,18.165335884631066,0.0
0.0,0.5998125,39.303165435791016,,,,-49.919044494628906,-9.867666244506836,279.2534923171496,1084.3623697568253,0.05148502066731453,0.09478390216827393,256.52938007011204,303.2938194817599,782.8947368421053,0.017937911184210526,0.0038831880689811065,0.256,-431.73562492914397,91.04429459340325,130.84640636410919,71.71089979337397,54.114254274010804,18.211254542567815,0.0
0.0,0.4445,50.15994644165039,75.57896956812853,57.76763484361365,98.85140203528961,-64.36309051513672,-11.174535751342773,219.23796863922055,1186.6742725305141,0.05646968260407448,0.09417907893657684,235.90889286946052,341.78269230168945,900.6696428571429,0.015066964285714286,0.002174728971556905,0.224,-475.99538785096223,94.6180734814935,112.0829629306904,84.75907343912442,52.817286443599286,17.092440709142338,0.5714285714285714
0.0,0.508625,43.48049545288086,,,,-62.224212646484375,-11.71824836730957,312.09483827018715,1191.1266886834467,0.04548538848757744,0.0807080939412117,242.55320327281558,305.7805837240184,778.3203125,0.0164794921875,0.006289879408197388,0.224,-474.4271095964517,68.45970279464169,103.30370834658729,57.74225189200201,58.630194624580675,12.774296378229039,0.0
0.0,0.487,42.861915588378906,,,,-58.010643005371094,-10.87332820892334,293.8513216375634,1039.7199961942592,0.08625654876232147,0.11207354068756104,280.09345302949095,389.79406843636446,1070.3125,0.0157470703125,0.003569382694632189,0.224,-432.40019442814,107.2985236231961,157.26926769207694,87.28320693686848,56.53100164506182,15.11845583467245,0.0
0.0,0.6306875,44.49819564819336,,,,-59.63737869262695,-10.899300575256348,283.7445692328021,1139.2615562880885,0.04362475126981735,0.08259619027376175,259.6732556163023,338.5422367194407,925.0,0.015771484375,0.002377583754675752,0.32,-477.8882081489751,94.50132472900872,120.8625586490676,76.63318970272076,55.93092423802234,14.233259429352808,0.0
0.0,0.4299375,39.80464172363281,,,,-56.11886978149414,-13.766512870788574,328.20974464927946,918.8170291736518,0.045047979801893234,0.06708894670009613,341.1225845165457,378.7169889068227,1093.75,0.025041852678571428,0.007191478910758753,0.32,-448.42543843637395,88.94454037987799,185.67432268623313,71.23805499376424,55.83586237113517,14.932582194065168,0.0
0.0,0.52,50.33761978149414,78.55669323412059,50.0,112.2462048309373,-62.113739013671875,-8.832366943359375,256.2227678793827,1087.0288545768487,0.05971819534897804,0.11111878603696823,283.8477588350255,389.2306977039533,1045.9558823529412,0.015452665441176471,0.004810299038478475,0.256,-435.13606456733567,97.21916152763555,100.8119991574443,82.4628332604121,47.50178941530538,21.85395346488397,0.47058823529411764
0.0,0.6083125,50.094608306884766,,,,-63.50215148925781,-7.893314838409424,358.7761694261228,1162.366526787312,0.053879283368587494,0.11599129438400269,288.5589423606511,355.975538598836,1039.84375,0.017724609375,0.0052523722057601545,0.288,-446.2195092462456,76.42310476631987,97.83506260014158,69.7531356954657,53.60966922096162,14.962856433061805,0.0
0.0,0.5688125,39.24564743041992,,,,-56.86272430419922,-12.048534393310547,302.6338411313855,1152.0455169557274,0.06658187508583069,0.06900643557310104,281.53879926344985,354.04750434275735,947.9166666666666,0.019151475694444444,0.003508064921946009,0.224,-409.7700022402641,58.475654487127706,179.8326264250884,53.112748860477005,58.739681217737925,15.719133102568083,0.0
0.0,0.5930625,43.585060119628906,,,,-56.85927963256836,-12.549385070800781,324.17459046484845,1094.5542039972395,0.036471571773290634,0.06936725229024887,276.42893776068985,348.26965554609313,1008.2236842105264,0.018863075657894735,0.00649366822192121,0.288,-470.87211763861507,50.862714214522946,126.95016966636288,48.10548393080567,69.42249024604016,11.870518021377842,0.0
0.0,0.524,46.47746276855469,,,,-58.785606384277344,-10.926079750061035,308.4556188836855,1008.793436671725,0.08324636518955231,0.09308057278394699,272.52876890340343,372.6917257141029,996.3235294117648,0.015854779411764705,0.004163860357173741,0.256,-414.9642109587555,93.79568598894359,161.79133362971262,79.67117247827824,55.378680888251786,16.825585961332152,0.0
0.0,0.32,47.924095153808594,,,,-64.18377685546875,-11.806146621704102,411.367464254837,1043.8040685723136,0.05824471637606621,0.09365223348140717,345.71990326902187,429.87860947857047,1248.5795454545455,0.020241477272727272,0.009686208591609272,0.16,-446.59219800366884,88.1396638323147,148.21708374843578,73.27110912663836,52.83887315347419,11.658818211609981,0.0
0.0,0.360125,46.082275390625,,,,-57.85498809814453,-11.225120544433594,411.3266468774165,1138.990481235265,0.055709630250930786,0.09753742069005966,329.26702990899815,469.42664943030485,1276.0416666666667,0.012939453125,0.0032173498373650384,0.192,-468.2626554162188,79.8112266689654,117.85532021135538,73.20531618161026,56.727645829263935,16.297488344910047,0.0
0.0,0.4255,34.704689025878906,86.31337759381184,80.7574166800042,89.60596419119524,-50.19340133666992,-10.77452278137207,262.01206301735687,1068.496128850428,0.08102722465991974,0.09405726939439774,272.32776397542597,379.7414440794968,992.1875,0.016462053571428572,0.005763930876147767,0.128,-412.28705150666474,85.5350282124187,177.67329916531415,67.78838147348308,58.66653904832084,14.157936730946245,0.21428571428571427
0.0,0.928125,50.54644775390625,,,,-65.63040924072266,-9.305526733398438,258.4833050761036,1045.9637073048868,0.04071471840143204,0.0896180048584938,239.7521842560853,302.4179369220287,799.4791666666666,0.015364583333333333,0.003438215085028878,0.48,-473.34109785203964,82.29013589776841,96.7382009300688,75.21969427382223,54.938732450497426,20.260049520626303,0.0
0.0,0.6,43.746856689453125,,,,-58.288291931152344,-12.239797592163086,382.1038620308755,1096.0146758802557,0.0359034426510334,0.07155861705541611,281.0359312343463,330.08662330147445,937.5,0.021792763157894735,0.0061604774677107834,0.288,-484.92191333741357,59.241447244259206,124.85697069522412,52.57725305124169,66.59977198666905,12.43692366645075,0.0
0.0,0.52,41.62968063354492,,,,-58.673675537109375,-11.747761726379395,335.05377023946306,1161.7113419615723,0.052235621958971024,0.08694672584533691,311.73440053413924,439.99892316362815,1295.9558823529412,0.018497242647058824,0.005301136027141235,0.192,-461.6417222240349,81.47029297545113,130.44196837815184,67.42226744696555,56.38765092401964,13.116785255331678,0.0
0.0,0.64,53.219154357910156,58.16126553968226,55.15894110818732,61.557220667245815,-65.20787048339844,-11.319724082946777,355.5351102703436,1196.4604868549377,0.04084186628460884,0.07908798009157181,319.40788637595057,427.27066766098295,1165.922619047619,0.019624255952380952,0.007747736363850376,0.288,-476.30807802397163,72.97748218189948,93.04308574612199,66.44092763307135,54.535401275093015,18.729153344849053,0.14285714285714285
0.0,0.6,49.0997314453125,,,,-64.48786163330078,-11.56533145904541,280.72065158499663,1210.4661974006751,0.03937983885407448,0.07726527750492096,271.7276189580822,361.05104482907956,997.5328947368421,0.017989309210526317,0.00348977080525657,0.288,-486.1126698352077,77.63380869932178,112.58471144037766,69.77475224632911,60.47002210943765,15.752805944346857,0.0
0.0,0.405625,31.21156883239746,70.9665862593644,50.0,108.42268703014184,-43.45926284790039,-9.620650291442871,397.0204870234713,1050.1225032395562,0.09719057381153107,0.10483961552381516,287.90409835537696,375.22185790205816,1073.3173076923076,0.015700120192307692,0.004238802878505374,0.128,-362.57961545918,62.79625107254219,189.5126228042762,48.458215718915476,59.20348350612095,14.08194525403948,0.5384615384615384
0.0,0.3674375,32.77961730957031,,,,-49.748592376708984,-10.894221305847168,396.8147170025029,1086.2402219123815,0.09294313192367554,0.09721597284078598,314.9323851785594,395.7882647580729,1070.3125,0.019449869791666668,0.004906490981439734,0.128,-371.422560159763,63.2648981407296,193.32043767151617,49.57433565635301,51.54826794960269,12.21529619031866,0.0
0.0,0.5003125,24.00358009338379,,,,-39.5776481628418,-11.88720703125,355.3332317362245,1037.1929899266345,0.057999372482299805,0.07347208261489868,269.3046558481369,315.83894380056535,826.171875,0.019287109375,0.004852198953699168,0.192,-400.32025488694865,41.50016765901586,185.72530262863944,31.652706403907736,66.52758309736716,7.930304806578175,0.0
0.0,0.5041875,36.39247131347656,,,,-49.31230545043945,-11.246784210205078,437.4881867527809,1050.2026194295643,0.059079501777887344,0.09043161571025848,343.46716540583736,356.399987048389,1056.640625,0.0240478515625,0.008037196885440197,0.224,-425.22562008857665,57.4459724902194,177.87029014559016,49.86447135552089,54.477398175010265,11.044104050340618,0.0
0.0,0.5245,29.278549194335938,,,,-45.720726013183594,-10.486222267150879,334.51311797562414,980.9834715483711,0.06689939647912979,0.08708401024341583,296.3478036614526,324.8214938179603,914.5220588235294,0.02131204044117647,0.004959590462810059,0.256,-391.2548893538017,54.948116892511884,189.5871257227176,41.70452803041907,62.88810019663782,12.88742738921762,0.0
0.0,0.7135625,35.5315055847168,,,,-49.30634307861328,-11.838199615478516,354.14100570373347,1025.4521997360314,0.0476197674870491,0.07450299710035324,291.7454859940491,331.1576435407564,936.820652173913,0.020805027173913044,0.005826979502558985,0.384,-426.1431253238267,80.20352342141516,160.72435527711204,56.54184035363679,65.50894753102313,23.56108213322609,0.0
0.0,0.76,33.74641036987305,86.50458472968184,77.11054127039704,102.3373891996775,-51.58795928955078,-12.684096336364746,354.12336549646096,1014.210607119646,0.035996150225400925,0.06108709052205086,243.9584231378166,297.3064406986875,746.09375,0.014607747395833334,0.0037872411451301746,0.416,-457.4839672586509,73.34148597907209,145.69186052067934,55.63441707751295,68.06859060774387,17.091935059425115,0.7916666666666666
0.0,0.8,32.69353103637695,86.17185888574191,81.22523963562355,93.84379966711431,-46.579837799072266,-11.862238883972168,403.1820135091386,1065.2242410768015,0.04017549008131027,0.06601879000663757,310.3035206791496,351.3819043013431,1056.4903846153845,0.021634615384615384,0.007885831413467975,0.48,-430.8466832126281,67.94575925903268,165.18385322805418,53.2270229607309,61.25416269498357,14.10883405049079,0.23076923076923078
0.0,0.72,25.18178939819336,84.39203592064725,80.29228818633764,89.60596419119524,-44.932498931884766,-13.653877258300781,472.64383214245436,1082.5375445046877,0.061002735048532486,0.0632963702082634,330.3998637112886,383.8373695148831,1076.0869565217392,0.017450747282608696,0.005652662785544368,0.352,-384.2265456123678,56.254518212662084,199.4669897458146,43.56189164785922,50.49103461187554,12.764215663342265,0.2608695652173913
0.0,0.554625,28.311281204223633,84.95714862024519,78.91291473386416,90.64713534281104,-43.08058166503906,-12.684121131896973,445.2182658920307,1042.8999515449157,0.04768796265125275,0.06870905309915543,349.2290869524863,399.1451208634655,1144.0972222222222,0.022135416666666668,0.008254376518949195,0.256,-403.75800289583475,59.03085065117978,188.814494286493,43.4083749205445,49.70225148772086,13.713869885623296,0.2777777777777778
0.0,0.661375,23.635923385620117,85.07756188413667,77.55723809168673,89.60596419119524,-38.28059387207031,-12.049860954284668,402.7431482040045,1029.8274666724446,0.05748971179127693,0.06828282028436661,296.0322421143569,329.98170100875876,976.9345238095239,0.018368675595238096,0.006077140166040318,0.256,-388.1892229741544,43.05787610784131,199.50520179160463,34.69888757349418,53.783626193431324,6.673943303146936,0.42857142857142855
0.0,0.4920625,19.53565788269043,88.60080000601579,74.0548776143282,112.89644048061314,-33.719261169433594,-12.897744178771973,381.13472223284276,996.4936378933987,0.05992807820439339,0.06369102001190186,318.50572302827084,394.11479575061026,1141.6015625,0.01861572265625,0.005792554679780456,0.256,-383.16610466565487,33.484512911251535,210.41252892376318,32.18145285637502,55.736444999747974,16.269183079209586,0.875
0.0,0.585625,31.65716552734375,90.99281178138497,80.7574166800042,114.86983549970348,-47.350830078125,-12.647878646850586,377.7415788262073,1020.4837198666762,0.04051003232598305,0.06599071621894836,302.7937074691608,341.1603210293065,976.9736842105264,0.02035361842105263,0.005435083071546498,0.224,-435.42194121893783,52.221250353926315,178.22796109623016,42.17234317376603,63.57723590519535,11.737422158060163,0.3684210526315789
0.0,0.7955625,29.785335540771484,79.6604430408194,56.12310241546865,88.57675191023606,-41.53942108154297,-9.92331600189209,412.606273824571,1009.1111449779658,0.05868121609091759,0.0881725326180458,298.947656326415,323.4461985866366,938.125,0.0196875,0.004213321159763696,0.416,-400.97565766357167,55.18840456804732,187.77492931170286,41.6240027634302,58.83530990247638,10.992470456653285,0.48
0.0,1.6501875,35.45445251464844,70.91178877048358,50.0,83.12378961427878,-52.478309631347656,-13.119231224060059,433.4422906194445,1166.3388214518811,0.029310010373592377,0.050740934908390045,327.927918288584,372.1943082580519,1104.266826923077,0.021183894230769232,0.007304255801070547,0.608,-455.26731968717826,73.68954722772668,161.08673238927216,58.6287873287394,52.83870385951396,16.868612501940344,0.34615384615384615
0.0,1.1341875,39.26061248779297,80.3533253816857,70.30341458111748,97.71599684342459,-58.784934997558594,-14.239538192749023,393.19567265076535,1014.5881334248454,0.021812865510582924,0.046642646193504333,353.3897237762716,385.6809077276105,1151.4756944444443,0.021782769097222224,0.0052781546608727525,0.576,-511.0912703000925,78.13198305087029,142.3385173033909,64.72703238847181,54.01426956952738,15.147690281331732,0.4722222222222222
0.0,1.376375,36.2878303527832,54.037735576443936,52.66805179774179,55.79985713151117,-54.51870346069336,-13.436006546020508,411.45007364206987,1078.1343988122246,0.02210504561662674,0.04374914616346359,321.60745033534687,370.1081668169621,1103.6931818181818,0.02166193181818182,0.007793814010542825,0.576,-485.89849536189723,86.91260353803554,150.96504797352577,60.465295936679624,49.82958187425822,26.936901894657254,0.11363636363636363
0.0,1.140375,35.309043884277344,86.31795276492109,61.557220667245815,107.79821830428551,-54.19593048095703,-13.061592102050781,376.03169489657984,1050.0025407857213,0.027490125969052315,0.05099653825163841,307.238696217965,331.5735240785636,970.0520833333334,0.023193359375,0.00761807428398446,0.512,-471.07861150157873,82.24961690141387,150.70428933598663,62.27704879025541,52.48710337084527,17.096086482512266,0.3333333333333333
0.0,0.95625,31.86715316772461,,,,-49.32657241821289,-12.681206703186035,448.80320172467776,1092.4861771659469,0.02749582752585411,0.05458460748195648,350.69759348859867,365.55925900473636,1125.0,0.027180989583333332,0.0084988371608403,0.48,-439.49286270073424,48.07748068621385,174.7372132271243,39.492152541908204,48.2350731762432,10.28056665237317,0.0
0.0,0.6096875,29.988494873046875,65.69833607290579,50.0,79.829838635665,-48.42972183227539,-15.455615997314453,412.8115649997398,1047.9795874761674,0.03757522627711296,0.04703415930271149,342.3407346009295,374.55100886510485,1030.46875,0.022998046875,0.012049669310278208,0.352,-443.0150166793207,87.96790781036904,212.49832721084857,58.829008043735264,41.22150038590109,29.507454416138604,0.4
0.0,0.8499375,32.142784118652344,66.69329377052082,52.063107626740326,70.71067811865476,-48.34429168701172,-13.337655067443848,398.5473612932182,962.5538787647426,0.039613738656044006,0.05578743293881416,343.12877860289024,333.94086985334826,924.1898148148148,0.026150173611111112,0.01699857476714154,0.48,-424.4286923598333,90.41982285517894,172.42271243317794,66.42885632480262,49.06356670135096,34.085985026370004,0.3333333333333333
0.0,0.817375,24.13264274597168,69.22464023653654,52.364706141031334,90.12504626108301,-39.55261993408203,-13.666236877441406,539.9875675112321,1129.4937825777058,0.04235386848449707,0.05711888521909714,305.40119874428717,375.5894552700853,1053.485576923077,0.01543719951923077,0.006937238928993183,0.352,-418.936383294266,58.683960614162224,180.90570845310427,43.573894700513435,41.523438596532436,21.20569366630782,0.9615384615384616
0.0,0.887,21.619787216186523,66.95984164165188,56.775221453543864,76.2248511627881,-41.4741325378418,-16.557825088500977,460.3727189076965,1058.9592041352194,0.032640840858221054,0.034355200827121735,301.58585474731524,354.69101501500336,1007.8125,0.020333426339285716,0.007895130005295492,0.48,-447.7666983494234,61.46361489171555,218.15381590983444,47.36892121306185,42.97731382192201,14.834761636986443,0.4642857142857143
0.0,0.5266875,22.789480209350586,68.00089988232504,64.09720409603644,84.08964152537145,-38.961578369140625,-14.029059410095215,507.4182656324587,1090.0135584863826,0.051031358540058136,0.0552627369761467,326.183776873998,446.885985373829,1298.7132352941176,0.013154871323529412,0.00627649098327846,0.288,-401.20102163627354,61.26644610270427,211.18818557534155,49.33040104651337,32.11985769994662,11.948762363729578,0.8235294117647058
0.0,1.3884375,38.087486267089844,70.89409932153634,65.59540522187244,76.2248511627881,-61.706729888916016,-14.385822296142578,438.01209947227335,1124.8271393162274,0.020040787756443024,0.04292099177837372,329.8936554035059,374.05463758234487,1109.375,0.021129261363636364,0.006291377030016539,0.704,-504.81426501036725,81.2971669481814,130.43581810134572,65.44979040947844,53.99992064188298,13.26930436382118,0.29545454545454547
0.0,0.696625,25.153329849243164,70.24392485239187,61.91381801887202,86.05514372443301,-40.317989349365234,-12.369418144226074,417.36971808943815,1064.6982418704847,0.04269208759069443,0.062963105738163,263.6836206125375,329.00864230057454,928.9772727272727,0.01642400568181818,0.00358976680027623,0.384,-425.3928302973864,61.526565566243136,186.30846202100048,42.395354414371994,52.45238471115285,16.389294715324233,0.8636363636363636
0.0,0.7068125,20.25742530822754,72.35819082908638,57.10411696553857,110.31788221637464,-32.12691116333008,-10.652328491210938,483.1930919306198,1045.2175913854524,0.07261569052934647,0.07434946298599243,310.4845577203218,392.2062272417934,1109.375,0.016389266304347828,0.004357402041666949,0.384,-351.5957022258837,43.07480353318172,201.25690601137288,30.596996612196516,48.39318581914633,19.829681386736706,0.9565217391304348
0.0,0.4296875,40.14632797241211,63.3556931999175,55.15894110818732,70.30341458111748,-53.74553298950195,-11.558280944824219,369.5857307132401,1009.3598444860381,0.0664447769522667,0.08911912888288498,294.4297720720894,381.85351564760066,928.5714285714286,0.020089285714285716,0.007010236900893478,0.224,-429.88736303257355,102.52325762483764,170.4861343471891,80.7599130900002,56.160474160210484,16.871979244556613,0.35714285714285715
0.0,0.6675625,30.82841682434082,68.27316663327146,64.09720409603644,72.3634618720189,-44.24009323120117,-13.057271957397461,416.89463408246485,1020.9781531915003,0.037871215492486954,0.06047673150897026,292.0953025859722,354.57222147903406,1014.8809523809524,0.020228794642857144,0.0067128781714918115,0.352,-436.82089606473824,63.17861869548916,180.19362242066833,47.42944358886352,57.1585343169845,11.963026555969272,0.7142857142857143
0.0,0.803875,38.43074035644531,67.66229259315253,64.46851542197895,72.78265914210937,-55.65647506713867,-12.614221572875977,375.27949390840365,1110.142433171603,0.027589960023760796,0.06162089481949806,297.4434642157208,392.24298061585984,1152.6442307692307,0.017014723557692308,0.004118101000985628,0.384,-493.608931362206,80.83698683577124,141.69242980516125,61.5351358318842,54.44374685329131,14.10399663877884,0.8076923076923077
0.0,0.7011875,34.31389617919922,64.58020769640459,50.0,72.3634618720189,-51.500526428222656,-14.862407684326172,290.75004839121715,1056.8366211081577,0.02995702624320984,0.04999890923500061,258.9019130596119,300.30331195759294,789.0625,0.016823508522727272,0.003723669590070259,0.32,-492.4130532008158,94.15703274059578,173.84444965068113,67.44657839378398,60.84950849472643,23.749736889847583,0.45454545454545453
0.0,1.12,47.789669036865234,64.99539875607421,54.21134351507092,70.71067811865476,-65.61273193359375,-11.380426406860352,378.9211296720291,1032.3005582138146,0.034922368824481964,0.07056226581335068,350.8009969449719,373.30670131042706,1122.3958333333333,0.025824652777777776,0.007013612244441108,0.48,-469.45192035064207,104.95019818091929,124.43297507957813,86.09716502289582,46.800017221952565,14.398562051051332,0.16666666666666666
0.0,0.5596875,40.911888122558594,65.38271970481212,53.280025081424206,71.12030090986407,-55.75178146362305,-12.497750282287598,391.3706830573576,1000.0663729281339,0.041334301233291626,0.07050539553165436,322.87753191047443,370.0114059974329,1000.8680555555555,0.021375868055555556,0.005041779581375409,0.32,-455.43453820469506,105.86095813967799,177.0450570158672,77.62219889473107,49.375251931958786,21.46426231881234,0.3333333333333333
0.0,1.266625,49.68578338623047,,,,-66.96495819091797,-13.218526840209961,410.2000823174811,1039.0533758006043,0.021245287731289864,0.057400599122047424,345.5190459055068,377.10391112082823,1122.65625,0.0255615234375,0.007340111338319286,0.608,-512.0430061321164,79.3143090680938,101.50596393497997,68.43425624427363,48.37846378953818,8.250370873484485,0.0
0.0,0.7705,40.69664001464844,,,,-58.94567108154297,-14.382248878479004,313.18585932085034,931.8286777394981,0.035304199904203415,0.061913494020700455,337.7713420094298,336.9173900792557,997.5,0.026015625,0.0059104544393546845,0.352,-481.8692682575431,105.99401285374628,168.52799495106444,77.75893672229006,56.03505650885575,24.251901179971956,0.0
0.0,0.874,45.48561477661133,,,,-62.54204177856445,-13.149036407470703,355.9641724380161,1056.3370611918983,0.04085233435034752,0.07162348181009293,340.86486279103434,363.27590053640955,1039.0625,0.025111607142857144,0.0057942409758078095,0.32,-493.8788635372599,114.01566865223344,144.08695999533944,86.56168813430462,55.59652625048038,21.700724279012658,0.0
0.0,1.2,44.403194427490234,,,,-64.80119323730469,-13.50571060180664,354.3015120106108,1044.502487278041,0.018155734986066818,0.046135082840919495,327.8316755706394,331.35843355149507,965.8717105263158,0.02772923519736842,0.010321697589903745,0.512,-516.8052242637747,91.4567495917321,137.16192521372133,68.18303146503226,60.005017431881086,23.75552509049381,0.0
0.0,0.9775,44.79016876220703,,,,-60.01887893676758,-12.571439743041992,363.9992967406017,1014.3128478477621,0.033600471913814545,0.06622691452503204,339.9081114748467,364.8371435297963,1097.2782258064517,0.02261844758064516,0.00639700389281669,0.384,-467.74161633263213,86.85530333180675,136.39549120420068,69.0733317925179,57.904978124706716,15.515799729790173,0.0
0.0,0.511125,42.927284240722656,,,,-63.29182052612305,-15.194313049316406,385.46498995590287,916.8396043164478,0.04072896018624306,0.06056249141693115,366.4893694933961,409.14944541401337,1196.2890625,0.02764892578125,0.012254394200502047,0.256,-464.65800073111575,98.6897252298093,175.1378787779002,79.39438990067013,44.5876185167386,14.503284247222066,0.0
0.0,0.5615,29.07947540283203,,,,-42.60688018798828,-9.99649429321289,298.80506675821476,980.4289314362038,0.07946346700191498,0.10080278664827347,329.50321590087265,415.38570430473385,1224.826388888889,0.018825954861111112,0.0063522916064305025,0.288,-357.8214811392038,59.553430572785395,185.89702930962454,50.34909909853205,37.67638158811853,6.289840068969052,0.0
0.0,0.4319375,35.50433349609375,,,,-48.12507247924805,-10.900057792663574,344.6368460930643,1040.6823712734097,0.06369610875844955,0.0921231061220169,305.75236376597513,403.75661115298243,1050.2232142857142,0.019391741071428572,0.006662920723359125,0.192,-400.3975373347658,61.62473138808605,153.41331736647183,50.38616841352217,55.365342835489194,9.886529990205585,0.0
0.0,0.3035625,23.368637084960938,,,,-36.40678024291992,-10.944744110107422,455.4951885968502,1122.3054819694974,0.08937850594520569,0.09443546831607819,389.3124638091219,450.8150432352316,1229.6875,0.02841796875,0.0145206010417702,0.16,-333.61272185223845,36.44778571711487,210.74388893475626,28.599807438778008,33.229102883827224,15.081783635676295,0.0
0.0,0.27375,19.488012313842773,93.18585467860848,71.12030090986407,121.7003513670591,-35.26255416870117,-11.733930587768555,422.26347258676486,1083.7477704288497,0.13872180879116058,0.08727766573429108,330.89816641184984,454.0600247257897,1145.8333333333333,0.019205729166666668,0.005656948957351161,0.096,-307.18498492437385,34.05380737124376,229.76780300144037,32.20877551154928,37.62208506023479,5.618036805202228,0.8888888888888888
0.0,0.2544375,17.690013885498047,,,,-32.09501266479492,-12.08580493927002,400.51257263391824,1134.8378636283767,0.1122710108757019,0.08008672297000885,290.562320643417,381.6283941620212,949.21875,0.0186767578125,0.007571312113017923,0.096,-354.1917683287197,43.91429029663489,225.68266533077085,36.476316768057,42.49607571115691,10.712768556589928,0.0
0.0,0.6479375,44.98111343383789,77.55724977599247,67.5174973084095,84.57676786314485,-58.56415557861328,-11.299686431884766,443.0072742955132,1052.8635352695608,0.04623909667134285,0.07925591617822647,364.0843489694752,432.389024512373,1247.767857142857,0.021763392857142856,0.010144898974719778,0.288,-441.4902391192161,100.58665598431601,155.4867682250238,77.6876976662623,44.07439654260682,15.413327239425548,0.2857142857142857
0.0,0.4846875,39.05134582519531,,,,-52.720035552978516,-10.916482925415039,457.2469947620418,1065.5196188525047,0.05799945443868637,0.08860788494348526,349.4053952763894,427.6390299005719,1279.296875,0.0218505859375,0.00579673343290223,0.256,-414.32730032325435,80.80981728419606,175.58689838090592,63.85443357056876,47.379120584568426,11.772676638481967,0.0
0.0,0.582375,36.441734313964844,,,,-49.67197799682617,-11.789055824279785,442.2009499766013,1100.195438675211,0.03916250169277191,0.07571364939212799,365.7164955615751,438.05326768410583,1328.125,0.022255345394736843,0.006770117121874739,0.352,-421.6043891502039,51.57667303373777,145.29775548297343,43.1391040506854,54.72456403580138,7.629881768316229,0.0
0.0,0.2740625,31.905494689941406,,,,-45.12188720703125,-11.20278549194336,418.31386897219744,1126.5998844936723,0.08448084443807602,0.10090654343366623,323.40465853312907,406.5683962576377,1043.4027777777778,0.019314236111111112,0.006206748978331203,0.128,-385.77609750252446,47.374269436122304,180.41966423162162,45.22111751744757,60.70918656674246,13.400152197733249,0.0
0.0,0.340625,28.034446716308594,78.43571778109546,57.434917749851756,117.55479062836088,-41.55380630493164,-12.442178726196289,454.79044795998294,1107.0740187666245,0.061188891530036926,0.08376742154359818,316.751141005247,403.76348738751676,1039.7727272727273,0.022549715909090908,0.006055182139552533,0.16,-401.1736118479323,71.18639007491116,203.66946797295552,50.49145635875076,51.00771636501672,19.805845907829355,0.5454545454545454
0.0,0.4615,38.334373474121094,,,,-54.981651306152344,-12.740909576416016,427.0132891854397,944.9853719084623,0.04486227035522461,0.07285568118095398,330.92957159304996,374.59905461819636,1035.4166666666667,0.023046875,0.007679532520053711,0.192,-454.64087601517764,78.80006211259553,168.66201343365634,57.71134163118368,63.01857453154553,21.604958532851715,0.0
0.0,0.536375,40.92405700683594,,,,-55.937095642089844,-13.179229736328125,452.58801567061147,1136.1924733253286,0.040953733026981354,0.06861033290624619,367.9716711680175,421.7720531417765,1286.764705882353,0.02607996323529412,0.01190758503683656,0.256,-452.22022141576184,63.62305920574375,167.4198243407206,50.84635974998025,53.512109716301836,14.043956932984901,0.0
0.0,0.533125,34.337852478027344,,,,-46.63944625854492,-10.966320991516113,371.38554938487454,1120.320398401783,0.051633626222610474,0.0840967446565628,288.2928770075664,315.97875650323016,872.2426470588235,0.02297794117647059,0.008011858167100708,0.288,-412.1893421249433,45.43175100420308,155.76090667738976,39.05545077542188,67.3522034585402,7.182393805333393,0.0
0.0,0.59775,33.429168701171875,,,,-55.41778564453125,-12.938641548156738,434.33804348233133,1031.3128275441352,0.05368270352482796,0.06598415970802307,310.89072837850756,335.29706389456004,883.2236842105264,0.023643092105263157,0.007660547788692977,0.32,-418.1813204516378,72.4395850537996,202.1509205487604,55.43326346265136,59.855767494697425,17.854857879624497,0.0
0.0,0.340625,32.22608947753906,,,,-45.52490234375,-11.754434585571289,379.0325887868438,1102.7338107047196,0.08061358332633972,0.08744704723358154,306.63370589050953,417.9361182207527,1140.625,0.018199573863636364,0.008130861606431328,0.16,-373.38959624454225,80.6613133538868,194.77186298983796,58.03613662172855,43.11001934930976,16.95534814031955,0.0
0.0,0.584875,49.68154525756836,,,,-68.64726257324219,-13.529867172241211,428.2116250639796,1113.0498581310237,0.031041039153933525,0.061442527920007706,337.9175783405367,431.9934987177708,1277.1381578947369,0.020096628289473683,0.005379878333934837,0.224,-504.36577198606,86.90263073143086,132.4276335850359,77.44760360527447,57.31179504231589,10.928567637611401,0.0
0.0,0.590125,49.465694427490234,,,,-64.21424102783203,-13.080240249633789,384.2223601015264,968.1830893872748,0.04074816033244133,0.06871307641267776,349.72190095926027,379.9713252394803,1112.6644736842106,0.02919407894736842,0.016269890775660076,0.256,-457.89814371236065,89.03523065338446,155.81679361139732,74.57785555305877,51.425370712496836,18.881737656898874,0.0
0.0,0.625375,32.350276947021484,,,,-49.25676345825195,-13.889809608459473,419.7512878705173,1104.302133721241,0.036858655512332916,0.05665343627333641,306.66071961874906,331.1264345242497,947.65625,0.02587890625,0.009090427906132998,0.224,-439.7955443342895,52.41847183361902,178.48634811617472,41.15603119164495,60.289264360337334,13.96249784386778,0.0
0.0,0.76,24.97037696838379,,,,-39.70490264892578,-12.642973899841309,385.2478178162827,1040.1756525392761,0.054027002304792404,0.05905308946967125,348.1995063217242,355.1853230401287,1067.7083333333333,0.027425130208333332,0.005523672273650169,0.384,-379.5422980504827,62.996904100365136,211.91883635059398,39.42662574533903,44.465484202084916,27.447037209348537,0.0
0.0,0.697625,44.25476837158203,,,,-59.80842590332031,-12.169123649597168,381.70641012170034,893.2779711148881,0.05100654065608978,0.07696615904569626,351.9859279372085,346.729786886859,1015.625,0.030140269886363636,0.011408716429823799,0.352,-445.81719591870353,95.65801259678717,168.97722988256726,74.6297180493949,54.68293811534125,20.633501909023902,0.0
0.0,0.5955625,36.782779693603516,114.00387014961156,107.79821830428551,125.26644386241279,-50.13023376464844,-12.888254165649414,402.60739828085207,1070.9114517770308,0.03502895310521126,0.06581088900566101,311.8433656060065,351.9296203214776,960.5263157894736,0.018965871710526317,0.005679423765033416,0.256,-445.91450540546555,78.08941845599279,163.474987332183,59.703382099806724,55.550326316774076,18.154262654107526,0.3684210526315789
0.0,0.6075625,33.944339752197266,,,,-47.99836730957031,-11.663772583007812,364.61639504280896,1011.5800677537824,0.05955009534955025,0.0776238963007927,377.5316181092957,382.0936979483675,1180.921052631579,0.02816611842105263,0.013255310834912081,0.256,-385.96501522769205,70.18525539051579,211.14782551627528,58.25196210666333,36.54835217228618,13.61173236849438,0.0
0.0,0.63475,32.274742126464844,58.768923137773456,50.28964705339267,78.45840978967507,-45.318687438964844,-10.454264640808105,369.73697397313526,1140.431347437265,0.07560031116008759,0.10380610823631287,313.8006040975357,394.8535463411329,1206.25,0.01728515625,0.0025855863857175247,0.256,-384.7863876492546,70.2223910212055,165.1682839429696,58.901046970219284,49.819811105471146,11.789442848326754,0.2
0.0,0.76,30.946704864501953,,,,-44.707115173339844,-12.015331268310547,444.8613034147737,1077.5049919270436,0.041088543832302094,0.06491032987833023,301.512945853344,341.7292699565788,935.546875,0.019978841145833332,0.006111512773010272,0.448,-425.4278516305595,65.21457072585078,171.73321452684058,49.73399612422624,57.52555187853675,16.941025818436362,0.0
0.0,0.76275,41.043312072753906,103.58481373580518,86.55365610061429,143.06459324352582,-57.96968078613281,-13.673128128051758,391.5328098866627,1139.839755317084,0.039019472897052765,0.06784249097108841,312.02848817982334,380.79811188235675,1154.9479166666667,0.0196533203125,0.007266003998746645,0.352,-469.02176706903646,93.3238018447207,145.18670382538116,75.22461803678137,54.71875189640363,11.283717245761675,0.875
0.0,0.68,39.30240249633789,,,,-55.207523345947266,-10.37598991394043,461.3635935430846,1009.2692176932112,0.043440695852041245,0.08287379145622253,384.7387498621316,406.5545249673762,1235.7954545454545,0.027432528409090908,0.0075696284613963796,0.384,-436.5246387053858,72.48731514059126,177.83700386496727,56.08981355980165,51.70750792996179,13.638674985248093,0.0
0.0,0.68,25.059036254882812,95.5024809997023,91.70040432046711,98.2820598545251,-42.891265869140625,-11.123356819152832,342.99395631812916,1033.9643515456278,0.05866720899939537,0.07254989445209503,257.30146486053815,340.0064548592532,933.9488636363636,0.015669389204545456,0.0046132750175341556,0.288,-418.8594174191527,75.04545361523742,179.24765083027597,60.76346480454429,52.30795612642,11.608879817971923,0.4090909090909091
0.0,0.7390625,24.447948455810547,96.13857015377593,79.37005259840997,112.89644048061314,-38.39575958251953,-11.816201210021973,322.3540224659505,982.9058140478919,0.05328075960278511,0.06541097909212112,255.86880684594533,321.2981959877372,880.859375,0.013712565104166666,0.004558563055076578,0.352,-444.5345194548072,73.63182969855755,183.45499720954084,55.17228347096937,62.4120973698132,23.463213023639927,0.8333333333333334
0.0,0.5676875,31.298913955688477,90.3937930387764,73.20428479728128,97.15319411536059,-47.664794921875,-13.285551071166992,403.0738570419995,1036.7060880853116,0.059912748634815216,0.07792679220438004,277.96400544563426,357.48615631855745,1028.6458333333333,0.014105902777777778,0.004308969108434197,0.256,-443.7425193941639,80.51679264969401,176.38597478994572,66.96402624175889,62.601303335837606,10.501550875219763,0.7222222222222222
0.0,0.478625,20.80527114868164,94.71202215318353,90.64713534281104,105.33610359548358,-33.8959846496582,-12.847711563110352,349.82902177598584,989.9553563852857,0.060183897614479065,0.0666552260518074,228.18370820244408,310.14631306870405,804.1666666666666,0.012239583333333333,0.0018483163498148947,0.256,-416.83543404199,42.484944979953,176.9676856367336,33.86379232727765,61.066699483188295,7.483767294613675,0.8666666666666667
0.0,0.63025,16.74127197265625,92.90904318674697,88.57675191023606,95.48416039104166,-31.276935577392578,-11.179359436035156,381.2566358174357,951.2412396682342,0.06910012662410736,0.06913071870803833,243.0263805384046,321.94215820000755,861.71875,0.012109375,0.0022140203220223894,0.32,-398.81036153039196,54.8193741610898,189.2333678709365,40.03151856907974,59.2052504450761,15.933308332021088,0.85
0.0,0.5980625,32.386653900146484,92.39904912150749,87.05505632961241,100.57929410678534,-46.32454299926758,-10.41674518585205,369.40803745307875,1026.5348247627312,0.053672660142183304,0.08570831269025803,247.9428778188058,328.85378732401995,863.4868421052631,0.013312088815789474,0.003656853085175937,0.288,-439.5609193648021,70.91743146854802,153.3104718184453,55.70658003297962,64.5072572295625,13.979161676250563,0.8421052631578947
0.0,0.6354375,29.558238983154297,93.84918101714331,89.08987181403393,111.59971426302234,-45.0667610168457,-13.029289245605469,375.7618954669876,1090.5660744226147,0.03467265143990517,0.0629124566912651,239.79704623206126,310.56506294127996,875.0,0.012109375,0.002170518629970007,0.32,-464.7816623768883,52.930593556537325,151.12607710681752,46.464362887605446,62.094594872831934,8.613009352117682,0.8
0.0,0.4144375,32.58666229248047,87.60265497954204,71.53229662176292,98.2820598545251,-44.86241149902344,-10.410882949829102,470.5227384388949,1084.876280058694,0.06982486695051193,0.10053075104951859,321.8334472929929,398.22002757420194,1175.4807692307693,0.016451322115384616,0.0054822302555645845,0.128,-410.30357739094165,85.68715909549768,184.11339646370755,67.89555230101831,47.69839439545986,13.119184821372333,0.6923076923076923
0.0,0.426375,21.332412719726562,88.93343283701671,77.55723809168673,92.76591169413095,-37.98285675048828,-13.91889762878418,350.1582356525336,1072.0063543997114,0.05296590179204941,0.060171063989400864,251.95995123927744,357.81544503655533,885.0446428571429,0.014997209821428572,0.004234389009703178,0.192,-424.23328944674324,52.710232112241926,191.31281674065673,42.10982419004391,57.414404496018925,6.975559098880384,0.7142857142857143
0.0,0.5794375,45.678707122802734,,,,-61.6690673828125,-13.059097290039062,409.87929428414105,1087.4080859820588,0.03148244693875313,0.06521471589803696,357.05929438270965,433.17443698504337,1244.2434210526317,0.02235814144736842,0.007701818884461443,0.224,-470.94095148404773,71.49234410692323,120.05986457570067,62.14308844047681,55.67776178838221,10.134926260251854,0.0
0.0,0.4933125,43.71712112426758,,,,-56.9196662902832,-11.608515739440918,379.76190796033427,1036.3913441846173,0.057977624237537384,0.08069666475057602,302.9105039501036,407.06965258099245,1111.328125,0.0169677734375,0.005200539161167186,0.256,-440.7056711830562,97.30791022235728,146.6254854828784,78.26828427455477,53.32260066403988,15.872756303555915,0.0
0.0,0.68,40.479515075683594,,,,-55.13175582885742,-10.178991317749023,360.6894433785669,976.1805707501156,0.07286600768566132,0.08741624653339386,274.0585047996532,301.32805743899644,781.9602272727273,0.020108309659090908,0.00959844060296735,0.224,-425.44879802216565,94.23461723218125,190.16101471269292,74.36130946569452,69.38821531425972,23.337274148331584,0.0
0.0,0.6576875,30.05962371826172,,,,-45.43928146362305,-11.72110366821289,421.1850048435539,1110.861737871217,0.06002884730696678,0.06994853913784027,287.2161787182314,376.28571031891704,1034.2261904761904,0.017485119047619048,0.005988962298660021,0.288,-407.1882145147549,51.046515478215014,175.68403695766807,44.50873756217403,60.490100407859096,17.462196479548922,0.0
0.0,0.64,45.550315856933594,,,,-61.2132568359375,-13.415788650512695,286.24607331486766,969.1150286156077,0.03978285565972328,0.06470517069101334,288.58651983044047,357.4792289309072,968.75,0.017531622023809524,0.0066880269301885405,0.352,-481.4198053244346,113.35102708003946,150.4091556347052,88.67088156594981,50.24667082550494,19.991827958014355,0.0
0.0,0.68,48.08926010131836,71.08281920156531,59.80480608687019,87.05505632961241,-61.35702133178711,-9.120464324951172,372.7328910803614,1024.4986779591711,0.0733848512172699,0.10996272414922714,311.79268326535436,367.57384417440073,1049.0056818181818,0.01726740056818182,0.006094267593392905,0.288,-433.6481888547485,114.61524690892428,147.40975723199685,92.65325889742867,51.97802667275932,17.114399705303722,0.4090909090909091
0.0,0.64,49.06660461425781,63.3285674956342,59.11788930135741,69.89849670895097,-64.63294219970703,-11.816658020019531,395.44199262780234,989.2216456220427,0.03608862683176994,0.07300685346126556,310.82639413553034,373.9352677186983,1050.595238095238,0.019345238095238096,0.007324181842783051,0.288,-474.77455343948134,90.62882936370292,119.62196992135631,78.45643626979351,55.21499438602122,14.472721188760094,0.23809523809523808
0.0,0.64,39.78812789916992,,,,-54.77479934692383,-11.665008544921875,393.3339504934811,1099.3283907527614,0.043921761214733124,0.07475532591342926,309.35392266652775,361.9907474162555,1010.4166666666666,0.0205078125,0.005622054040069722,0.32,-439.87083359528583,57.65094353258788,143.23494559877267,49.71336620885885,65.02430805509606,14.111043223530713,0.0
0.0,0.3446875,31.056411743164062,,,,-42.24207305908203,-10.980944633483887,366.7228862109273,922.970036439432,0.07074671983718872,0.10042939335107803,289.47715918194507,325.56062955116784,805.3977272727273,0.02459161931818182,0.007920705974146116,0.16,-389.7383923729454,72.95078194614324,183.5952787929828,56.46899889248861,61.03317298052964,17.21528974690283,0.0
0.0,0.3313125,36.587066650390625,,,,-50.089630126953125,-10.906726837158203,406.7600837471795,978.4911834716856,0.07365724444389343,0.09980513155460358,373.81544335694326,402.8828285817521,1134.9431818181818,0.02814275568181818,0.006271300785670938,0.192,-382.94706473558176,55.66739284391999,184.57435228034808,50.182818768591446,52.4029686013786,10.659210455073193,0.0
0.0,0.4770625,44.580631256103516,,,,-57.300716400146484,-9.476644515991211,381.94291259129864,1117.7199978088222,0.07997115701436996,0.11259502172470093,332.2174232148304,391.647316011864,1144.7916666666667,0.023567708333333333,0.010768000866685076,0.224,-406.95418956182283,84.04509858154296,157.08271667744657,69.0819723232421,57.15136457058246,14.917063297602192,0.0
0.0,0.72,40.12762451171875,,,,-55.30487823486328,-12.704303741455078,412.61086950835045,1087.0420586701846,0.05387258529663086,0.07767491042613983,339.5680568555827,377.64236026579096,1090.3532608695652,0.024626358695652172,0.009419637463964283,0.288,-415.2844962906066,73.91834776734068,161.31981381155714,56.86196938676395,52.75008291508932,16.771534805710672,0.0
0.0,0.648875,42.289310455322266,,,,-59.265960693359375,-11.616598129272461,368.4072013994242,1146.5693214225073,0.04080464318394661,0.07191924750804901,348.87654480150036,450.1480559134833,1378.720238095238,0.021391369047619048,0.0038700982647996993,0.288,-449.6447520305702,71.39673597240349,143.64030563005423,63.172305927292555,57.12348347266451,12.455367570598627,0.0
0.0,0.638875,43.40095138549805,,,,-59.914764404296875,-11.173295974731445,407.64765387019304,1076.744454978822,0.04045668616890907,0.07861635833978653,311.4790045487393,357.44585931264794,1076.5625,0.02314453125,0.010182039821986724,0.288,-455.8432097396509,73.61659350771112,142.23371916469895,61.59472289372812,65.83168733225224,16.2736399351859,0.0
0.0,0.88,40.10328674316406,,,,-56.800479888916016,-13.957157135009766,414.53539157613136,1044.0161204198687,0.023939386010169983,0.0509992390871048,383.1698856096535,393.06437142620496,1127.232142857143,0.028355189732142856,0.0103299626148953,0.416,-474.6960634409194,57.2492713939345,152.02489672223675,48.03494044571235,54.009141069603054,20.40513171389239,0.0
0.0,0.68,47.02785873413086,,,,-63.991477966308594,-13.493796348571777,401.5203446445879,1031.6718098426315,0.03868351876735687,0.06376368552446365,354.9026489303293,405.16918130941247,1199.5738636363637,0.0224609375,0.0061622704684226835,0.32,-471.8725241335145,84.07365068937274,143.91315507473018,70.58512559529841,59.040624908713966,17.168001462429604,0.0
0.0,0.445375,36.453468322753906,83.98166435490897,50.0,116.20455869578394,-52.03837966918945,-13.932060241699219,466.1865196395925,1073.1766779233824,0.043849457055330276,0.06407306343317032,306.886342688282,361.0243019448488,1001.1160714285714,0.018973214285714284,0.005971242901515819,0.224,-446.969889659849,75.28882301211794,165.46755740465025,64.20276488517764,60.61303291006254,8.970698012248802,0.6428571428571429
0.0,0.6235625,38.84100341796875,,,,-54.64476776123047,-15.443828582763672,344.0331277216487,799.9544608018603,0.04989307373762131,0.05159590765833855,371.3310755367164,347.6371100108394,1032.03125,0.028759765625,0.010578813583974453,0.32,-412.7238563330132,75.01953906483013,237.43094869086872,53.18274979779133,43.66633021488881,29.464002143857307,0.0
0.0,0.64,34.97838592529297,,,,-47.19904327392578,-11.784521102905273,442.32212809253105,1113.112178993143,0.04885999485850334,0.0705503448843956,377.3035353303654,401.4661337812631,1166.6666666666667,0.026320684523809524,0.009023494825688368,0.352,-391.6652979311358,56.912713893022605,191.49631504434038,46.17492243278077,46.74581247140309,12.3652212156536,0.0
0.0,0.8490625,39.402103424072266,,,,-54.3131103515625,-12.21427059173584,436.7684351931198,1007.8246376602683,0.05542280152440071,0.07021414488554001,343.8396365982308,363.95991918303304,1116.3194444444443,0.028718171296296297,0.010027095887469814,0.416,-422.88500601188537,102.59060348683981,188.52218860085102,78.99868090441883,50.51058432033996,23.0421167157194,0.0
0.0,0.68,41.042686462402344,,,,-61.85755920410156,-16.198463439941406,392.11317532231783,873.4087318071494,0.02306617982685566,0.04305119439959526,439.8616737176865,392.20580215327357,1178.2670454545455,0.038263494318181816,0.023234346006018387,0.32,-471.1636758245149,69.3494007358087,172.8053511920017,54.7749418135886,42.629297582696275,18.295922991835734,0.0
0.0,0.64,46.0128173828125,,,,-64.2809066772461,-14.230904579162598,461.2275488441199,1101.0881656127058,0.03183738514780998,0.053726520389318466,349.5285500868538,388.26483458617656,1053.5714285714287,0.02492559523809524,0.012332848801855421,0.256,-460.3126339889158,56.55224912299219,151.48971610193627,50.14923103252045,60.28542516845899,15.629088850767971,0.0
0.0,0.69875,43.01617431640625,,,,-59.52326202392578,-14.984198570251465,383.3258644469768,1030.0640693943346,0.027662426233291626,0.04950447008013725,361.5519870641469,390.8492691484493,1166.903409090909,0.028852982954545456,0.013114286972453905,0.288,-467.5203979127153,65.75763659178857,151.55255833848494,56.45596988537938,50.26556679544422,11.717771986083843,0.0
0.0,0.749875,45.133766174316406,,,,-59.071102142333984,-11.11706829071045,438.31642736548423,1090.0583713119931,0.0350777693092823,0.07512183487415314,344.7122378658219,417.09651541544264,1212.2395833333333,0.021809895833333332,0.008814644963574873,0.352,-472.82048436082226,54.705512043349394,108.89223158091106,53.89675806104783,51.530067318747236,18.489995754952478,0.0
0.0,0.7406875,40.057865142822266,,,,-56.339603424072266,-11.780985832214355,349.53363184696997,1019.5720060585278,0.029016172513365746,0.06874814629554749,353.98500764962415,413.0578991716441,1212.2395833333333,0.022989908854166668,0.005356122353653893,0.416,-454.7028040690677,44.41047740198317,116.52986018475742,44.863371158737124,53.59988484709546,15.46943665521409,0.0
0.0,0.6636875,44.60014724731445,,,,-57.439537048339844,-10.610626220703125,394.5622952710621,1125.0415936305935,0.05632736533880234,0.09574803709983826,357.75083810280603,390.27699760411303,1217.2619047619048,0.026088169642857144,0.00630111037423896,0.384,-446.7840807137105,58.76392400575864,137.70536296344505,55.02688520462817,57.935451327552585,14.214170598799965,0.0
0.0,0.5545625,41.43440246582031,,,,-54.4113883972168,-12.565360069274902,281.1833098505656,956.5447135724477,0.06052686274051666,0.0910489410161972,341.73456593084325,408.3120936597671,1172.7430555555557,0.02197265625,0.00594242716911741,0.352,-444.1990534238894,69.80090391158951,136.95164648057653,65.1387451876093,51.98520497735731,13.204229479226642,0.0
0.0,0.5393125,40.198158264160156,,,,-54.70130920410156,-14.209761619567871,356.77436647078343,985.960122570107,0.029213596135377884,0.060759466141462326,350.8195792731335,387.860163860854,1138.7867647058824,0.024299172794117647,0.005273675283790672,0.256,-479.252163481258,36.91217966180616,144.96658422682765,39.00041373011887,54.924812961265374,18.53213702054708,0.0
0.0,0.3743125,32.81353759765625,,,,-47.491477966308594,-13.271896362304688,385.96568790232163,1067.9043665377908,0.06326194852590561,0.07575516402721405,336.38950926890163,399.532479407277,1196.6145833333333,0.021321614583333332,0.005911139256944946,0.224,-411.1789043149045,59.014456062534364,184.33682656763975,51.45586768956301,51.68695238366749,9.041844090123865,0.0
0.0,0.702375,35.18288803100586,,,,-50.799285888671875,-13.473535537719727,333.72701649416365,1028.456748502894,0.035268429666757584,0.05797004699707031,307.02803352248736,316.9104348798607,923.2954545454545,0.022549715909090908,0.005624656982051547,0.448,-448.25111842952737,49.22494470755675,166.58852046086187,38.06978586893898,60.11821943141145,15.285664717800692,0.0
0.0,0.724,46.647560119628906,,,,-58.26719284057617,-9.064403533935547,387.3733553862322,1025.7404640812667,0.05290141701698303,0.09591652452945709,321.9113449040343,368.185423332807,1024.4565217391305,0.021908967391304348,0.005991117501921548,0.416,-434.8062193435344,84.67987287857416,128.1279158975789,73.99306508828879,51.06109050969975,17.37239425652531,0.0
0.0,0.5791875,52.39925003051758,,,,-64.6533203125,-9.374286651611328,284.848347124964,944.1327290927503,0.06131625920534134,0.1016603484749794,276.8703517790951,323.62005427485866,899.671052631579,0.020250822368421052,0.0051853451049101934,0.256,-448.0059450806895,88.554342726159,131.36521520250835,81.10293105248175,60.658156252731594,19.288034209933837,0.0
0.0,0.7083125,38.82965850830078,,,,-56.836639404296875,-14.356192588806152,381.96389942766086,997.908130958247,0.02688404731452465,0.05060962960124016,376.90740718833575,417.80267869510936,1286.0054347826087,0.024923573369565216,0.0085952434956319,0.448,-456.0671966022203,64.53341293312509,152.61826344306385,53.62858286923351,50.47457360806407,12.64606019349566,0.0
0.0,0.609875,38.92710494995117,,,,-56.88249969482422,-13.880701065063477,414.80851939527884,1086.3428324897009,0.034245528280735016,0.05658504366874695,393.8063804924797,442.9187554800087,1386.71875,0.027197265625,0.008526207184549143,0.384,-447.8751578223067,68.71533482616158,170.71582956912619,55.43154119560998,52.84392427561151,16.921145963584237,0.0
0.0,0.5718125,35.87578582763672,,,,-49.546539306640625,-12.570602416992188,338.2274078241137,1101.0698593262755,0.05099933594465256,0.08005556464195251,284.7706152208983,342.11459453594466,983.5069444444445,0.020887586805555556,0.0047523688147268995,0.256,-456.96332067424487,57.67578048081664,147.16072180126872,55.02700303818572,63.105872309189216,13.31295072541402,0.0
0.0,0.8,47.94613265991211,,,,-61.44401931762695,-10.35384750366211,545.3213433121365,1157.4930720670002,0.035594187676906586,0.08366654813289642,390.2360527335099,470.11805898099425,1439.3028846153845,0.022798978365384616,0.005764342951815804,0.416,-466.67978040614383,67.70045466405858,100.2031468616778,64.81329721311522,47.351518645897805,16.018615002326673,0.0
0.0,0.4408125,40.51426315307617,,,,-55.95478439331055,-13.452750205993652,381.54491637534323,1104.5398818015144,0.03946414589881897,0.07081621885299683,344.10701213404894,428.2220552028956,1332.5892857142858,0.021205357142857144,0.008524897386971087,0.256,-470.90462738330547,73.9851443676182,148.57928806934822,64.69329511366497,51.42626207746092,5.568212732485245,0.0
0.0,0.5661875,43.6998291015625,,,,-54.61316680908203,-8.459209442138672,371.9134724874518,1030.8144979149024,0.0614856481552124,0.113445945084095,268.24416589118107,361.9606893908282,1008.6805555555555,0.017306857638888888,0.005337008675701802,0.288,-442.95805024982036,75.17092599530586,104.47544618939338,70.53458728438824,55.176633614901604,18.67979851470959,0.0
0.0,0.4,47.49757766723633,,,,-58.170047760009766,-9.26364803314209,409.4458385493855,1072.1766182608958,0.06311983615159988,0.11952470988035202,299.4290444617678,430.63506835646973,1098.5576923076924,0.015549879807692308,0.003478316377040332,0.192,-451.50560012613636,94.35232649787847,117.04438994060008,82.5549480463656,47.02655536849274,9.975598527455459,0.0
0.0,0.4443125,46.49754333496094,,,,-59.1810302734375,-11.953034400939941,395.2047877534844,1087.9049654679454,0.04693217948079109,0.0853983536362648,324.3980576137328,422.34700760970657,1250.0,0.017508370535714284,0.0035684027796954974,0.224,-471.9316918699743,81.41547069025364,116.15168456485097,77.18108249456118,52.478632029870106,19.96606989770833,0.0
0.0,0.589625,36.63068389892578,58.1061565320161,57.434917749851756,58.77739531418044,-51.67490005493164,-14.447684288024902,446.63256775158885,1109.9189085926464,0.046643368899822235,0.06488630920648575,363.31686070408244,441.55758831190195,1296.875,0.02153577302631579,0.004994343863279278,0.224,-455.95279833289885,46.84664048766966,158.76709040248628,50.38182351148136,53.98748800998055,23.745592196171405,0.10526315789473684
0.0,0.62975,35.09489440917969,,,,-52.86286926269531,-9.425972938537598,314.1057616506466,1128.970541636534,0.04987035691738129,0.0954296663403511,291.17824276227697,387.50314682481047,1114.84375,0.016748046875,0.003565121940678088,0.352,-435.35004498238476,56.693016037043286,128.16751794393727,53.42702799002377,52.49448110480512,12.309272994948856,0.0
0.0,0.5843125,38.647335052490234,,,,-52.73601150512695,-13.04267406463623,389.56617933428225,1001.5910700242938,0.05304284393787384,0.07595787942409515,351.34306428258856,405.1481033621644,1146.3815789473683,0.02549342105263158,0.01723175844391469,0.384,-446.216305817041,74.58021102937819,145.00383660266868,67.50170256665038,52.75896429434471,18.26436477597912,0.0
0.0,0.695,43.64194869995117,,,,-57.595245361328125,-12.882711410522461,440.2322401136909,1169.8777011645823,0.027866613119840622,0.06298566609621048,358.6924269265221,418.23280180013063,1230.1136363636363,0.022860440340909092,0.006360680277493833,0.352,-478.77244313761236,46.73304899110189,117.01448516344955,45.97087859752988,53.68280526316908,14.91642638644065,0.0
0.0,0.88,17.374601364135742,88.62712958424972,81.22523963562355,94.38743126816934,-31.379444122314453,-10.760668754577637,365.9731684286726,1170.96924371498,0.0742199569940567,0.06478286534547806,290.1877173156318,378.2423709225579,1006.1383928571429,0.0166015625,0.0077159915228933226,0.384,-373.18000492875075,72.03758012597481,198.03534667105873,49.80606298750843,39.57929070940587,24.773142880480854,0.8214285714285714
0.0,0.7248125,10.318451881408691,87.54233613011735,77.55723809168673,95.48416039104166,-25.884000778198242,-11.800954818725586,386.47863731834207,1109.4038124079436,0.1168961226940155,0.04958333075046539,285.43947846399954,364.84308628646124,1008.1521739130435,0.01375679347826087,0.0030869940097305597,0.352,-329.89696996340257,50.56945217317484,229.69129373696796,30.978475072177908,38.44014327500649,16.03752591017279,0.9565217391304348
0.0,0.76,24.34067153930664,89.00110867715647,83.12378961427878,94.93421209505193,-38.127281188964844,-11.125511169433594,431.9066948650774,1166.582869806925,0.05735437199473381,0.06817364692687988,269.3370035602918,350.3879123142479,956.3802083333334,0.016560872395833332,0.008478298527095163,0.384,-396.75766732586413,71.10287800404528,170.60790715383055,53.67869007532665,49.69288192590989,18.206107507361136,0.7083333333333334
0.0,0.76,24.90715980529785,92.5765715681532,78.45840978967507,114.20823393107715,-40.27378845214844,-14.159923553466797,396.35351640181824,1125.9458888528331,0.04688507318496704,0.05701718479394913,292.73194022702,356.68684382991324,944.0104166666666,0.018513997395833332,0.008384037733725534,0.416,-423.6849861674502,79.10947212298942,182.89634266410405,54.24376707496219,51.64738374987606,29.142779405880205,0.7083333333333334
0.0,0.72,34.40804672241211,83.07348518589599,75.7858283255199,88.06658735961484,-48.80005645751953,-10.94859504699707,389.37154663298156,1089.0193716926572,0.053190916776657104,0.07515037059783936,285.260768314907,347.30382577435773,951.0869565217391,0.01774796195652174,0.0057928470535639695,0.384,-408.4735441970984,70.73749115647074,176.77255160412122,53.89649260404164,57.71991193197098,18.459352470742605,0.30434782608695654
0.0,0.9909375,30.995512008666992,80.8695785894753,72.78265914210937,84.08964152537145,-47.44636917114258,-12.158990859985352,496.56329419404284,1114.4528321660991,0.04953921213746071,0.06569408625364304,345.0798200555892,378.1535192645084,1160.282258064516,0.02469758064516129,0.011074112488209178,0.384,-379.2158188875515,73.1006193509196,176.55288352220285,56.01793713073477,44.71867868095851,16.112645564771725,0.16129032258064516
0.0,0.64,26.5584774017334,77.86730610359007,56.12310241546865,87.05505632961241,-46.88465881347656,-15.613510131835938,417.95375755079704,1192.9836297114675,0.03420576453208923,0.043939173221588135,310.8397998641581,431.0565389530392,1235.1190476190477,0.013578869047619048,0.007369217927656362,0.288,-466.2118792531683,88.59506071143967,193.6354933811379,63.49201195071982,39.142082079241874,22.14260961694511,0.9047619047619048
0.0,0.76,27.366323471069336,87.41719027698386,74.91535384383408,111.59971426302234,-44.97230911254883,-12.210908889770508,400.5226037778315,1089.7232584873898,0.046220749616622925,0.06257016211748123,276.6073734632674,331.7369261288577,930.3385416666666,0.0174560546875,0.004634922587033902,0.32,-423.28773801530633,76.99992438406949,176.77307692171544,52.775478224400075,53.95807845082556,24.27686738476221,0.3333333333333333
0.0,0.8000625,31.237041473388672,76.24830845668953,58.43886242806228,90.64713534281104,-47.00220489501953,-13.556514739990234,381.38061807368285,995.789824048328,0.05486387014389038,0.06109621003270149,377.94702873104256,423.30128103202526,1317.9086538461538,0.023174579326923076,0.009842537018498033,0.352,-402.4427950126055,92.2877174713062,218.38066703917977,66.83782180231424,39.189786309758645,23.33529067625049,0.4230769230769231
0.0,0.76,33.18132781982422,82.30266199108453,64.09720409603644,96.03729450510042,-46.71168899536133,-10.21828556060791,299.9062019055753,994.722189368733,0.04558344557881355,0.08003957569599152,319.67630760465994,376.0415179406361,1058.59375,0.019612630208333332,0.0067770709136464454,0.32,-413.388212346691,82.9360422995275,178.5097703239209,57.956189557740636,46.35630901403466,23.607225796443963,0.5416666666666666
0.0,0.68,22.62752342224121,,,,-36.21214294433594,-12.15114688873291,360.7031770789661,1078.098069717972,0.05714844539761543,0.06087983772158623,285.99920881925004,365.8650031542656,1072.4431818181818,0.015491832386363636,0.004831903055591194,0.32,-396.0712014719211,58.08204201922239,197.396816429279,45.342408031111965,45.84508001702629,11.250599088534349,0.0
0.0,0.92,19.655210494995117,,,,-33.090675354003906,-10.259247779846191,366.7426110182878,1089.1547909352769,0.08196120709180832,0.07006656378507614,301.484102332038,340.5081878033348,965.5172413793103,0.024110991379310345,0.011839089620829527,0.48,-352.57517014712687,55.03139708410905,215.5877448596399,39.2371766023188,41.73060659042493,21.636574194640612,0.0
0.0,0.68,27.669097900390625,,,,-42.05825424194336,-11.521302223205566,434.4380716069858,1090.5039492738572,0.056597091257572174,0.06902968883514404,310.5017861474359,389.4160556020445,1161.221590909091,0.018110795454545456,0.006025170277328534,0.416,-378.8476995291678,57.09934322600407,179.48275555037205,44.40045572851089,48.76432866321294,18.163974562184585,0.0
0.0,0.76,23.921653747558594,,,,-36.15819549560547,-9.924083709716797,383.2886189785752,1092.7922109300528,0.0655660405755043,0.08008217066526413,278.4476566353613,334.40527268104785,945.3125,0.021036783854166668,0.007781816202354035,0.416,-383.64566685798644,71.38344311819765,201.27490689415527,50.66721975699271,45.795118431708374,20.764796041480345,0.0
0.0,0.3675,18.782392501831055,82.60138187108909,51.46511183217461,102.93022366434921,-34.500308990478516,-12.501665115356445,397.4515556695379,1055.0051630627572,0.10830796509981155,0.0758332684636116,392.15516353485094,470.26636800665875,1399.7395833333333,0.024658203125,0.014056649580551545,0.16,-320.9539868748422,67.33966425241239,252.37967307368478,56.391685597606475,14.840110826279506,20.536297969972043,0.8333333333333334
0.0,0.436875,22.992895126342773,,,,-41.75843048095703,-16.785009384155273,456.71617560368435,1052.2738153053733,0.042886096984148026,0.04326540604233742,405.93668714246695,458.26682567620526,1370.5357142857142,0.029017857142857144,0.019155952643075302,0.16,-401.7634018103564,76.395055267976,231.04673679612588,58.851182761033044,24.70446526374859,27.423842950512622,0.0
0.0,0.72,22.916767120361328,,,,-37.67588424682617,-9.80238151550293,361.15239189348523,1055.8750084093806,0.06048279255628586,0.08393785357475281,306.8101038096682,393.6462787532142,1166.4402173913043,0.019573709239130436,0.005203292705470959,0.32,-376.3485866869319,43.06073334821328,186.22142390926163,32.6479221587281,47.21220289243543,10.889274960330738,0.0
0.0,0.64,27.99991798400879,52.80662104036694,50.0,60.49970446096463,-44.3169059753418,-15.872919082641602,449.11974012613626,1114.936178498666,0.03135362267494202,0.04237007349729538,356.22998791555153,458.4974303643283,1338.5416666666667,0.021670386904761904,0.005683264924647392,0.384,-428.70427302572523,62.757727819972075,208.12796869984933,47.61482117381278,30.80747727114827,16.909692674944232,0.23809523809523808
0.0,0.9053125,46.4444694519043,70.03306509921661,57.10411696553857,82.64503181542116,-63.81971740722656,-12.367918014526367,340.3621236134769,1134.5966108732198,0.023254133760929108,0.05979694798588753,294.8128146162946,384.5478773439212,1108.8362068965516,0.018756734913793104,0.005412290033099257,0.448,-516.7329146118257,73.38456160770613,87.2643609676837,66.9504156025864,48.511776728944504,11.571683533404343,0.3448275862068966
0.0,0.84,49.0208854675293,58.118079221680965,50.0,72.78265914210937,-61.94563293457031,-9.548768043518066,362.8056437855393,1093.9449948472375,0.04257401451468468,0.09132020175457001,309.15852623166177,378.42657785035044,1114.5833333333333,0.020724826388888888,0.003963103812445676,0.448,-477.6727332825428,82.73732789215588,118.54995176872177,72.00189996584558,59.65063343254197,12.659736010949022,0.37037037037037035
0.0,1.116625,41.830223083496094,,,,-59.52851867675781,-11.525671005249023,450.9886167980358,1185.3295489215886,0.020562084391713142,0.0602334588766098,339.5748475862578,388.07476797741026,1187.5,0.023465401785714286,0.0064079413832404805,0.608,-491.133128670605,58.226275662259916,92.35678918973868,55.214282021788804,52.064729405828515,13.443196377617324,0.0
0.0,0.9524375,45.59229278564453,,,,-58.1074333190918,-10.221624374389648,417.21970586604425,1144.8641681338331,0.03700093552470207,0.08331183344125748,317.1217508658463,405.9019962623037,1217.7083333333333,0.018359375,0.006006190179744595,0.48,-492.751032425106,77.09763669547934,100.98949431576767,69.39293503151235,51.94572572487001,9.953763434448735,0.0
0.0,0.76,40.793235778808594,69.11141255097579,56.448220240306554,82.16903145857903,-54.55303192138672,-9.267626762390137,377.7242752193052,1051.6340311643921,0.053281381726264954,0.09484497457742691,314.9590533491516,364.09860397751055,1091.1458333333333,0.021443684895833332,0.01066973363474548,0.384,-445.17338373836463,87.05809419394856,143.54702241101617,74.85464833367087,55.56835592820875,8.519493851196138,0.20833333333333334
0.0,0.96,41.30577087402344,76.27385031492658,50.0,102.3373891996775,-60.50373458862305,-11.970706939697266,373.6477534581623,1093.6233382569037,0.025122327730059624,0.06032238528132439,279.1918069921934,368.22396229049554,1036.7943548387098,0.015498991935483871,0.0038566496831660517,0.416,-485.01648233229577,62.55078771990001,99.62207548114107,58.421409500835,58.45541948231542,13.675782244497094,0.6129032258064516
0.0,0.84,38.73828125,,,,-56.74890899658203,-14.725019454956055,442.4009506098608,1217.9231657114208,0.01898423209786415,0.04676922783255577,316.06433778997854,412.48203173570107,1193.8657407407406,0.01609519675925926,0.005621688372612665,0.448,-521.6510093499912,74.45342045379084,134.90237154337694,59.90926160792222,52.713033523905686,14.183362057240657,0.0
0.0,0.64,33.457847595214844,73.31145309295304,65.21760348827821,97.71599684342459,-53.64922332763672,-12.276291847229004,313.65588562598435,1157.395111177266,0.0535835325717926,0.06976199895143509,243.09498060120217,328.3786765285672,816.9642857142857,0.015485491071428572,0.006148952632464879,0.352,-468.3705976886178,77.83444846814336,158.16201157534596,62.727785428113826,69.37161921566992,18.882120923899073,0.47619047619047616
0.0,0.625625,32.773014068603516,58.06273523417676,53.899109152142756,61.91381801887202,-49.939453125,-13.093500137329102,379.6110504484889,1164.6524806973189,0.03843792527914047,0.06287546455860138,281.8800093847252,384.83158249688177,1063.28125,0.01533203125,0.005464388606850695,0.32,-477.07300582117995,62.824310326614366,146.85469238714956,55.162671237341435,64.21653076171398,14.59363173422074,0.25
0.0,0.84,49.229740142822266,60.719662828958484,58.77739531418044,61.91381801887202,-64.19208526611328,-10.66165542602539,323.8607250921546,1125.4038405162312,0.029368355870246887,0.07490384578704834,289.1042249286355,364.8298755559409,1068.287037037037,0.020616319444444444,0.006968139912327397,0.416,-484.712602912101,77.38494103493166,86.1200127817672,71.44673008366343,48.38565905373258,17.27286892424816,0.18518518518518517
0.0,0.68,32.306007385253906,56.02117576307311,53.280025081424206,59.46035575013605,-48.870506286621094,-11.69909954071045,352.53266558795264,1033.5251040249705,0.03996773064136505,0.07183843106031418,265.0647340125893,302.70682727485394,781.9602272727273,0.018909801136363636,0.00923423491450114,0.352,-450.4500803320254,68.1378209471872,145.55221035482953,59.29809068211498,62.36235932682451,10.839121279438563,0.4090909090909091
0.0,0.76,42.92228698730469,73.70638640143426,68.30201283771977,80.7574166800042,-57.87143325805664,-11.607873916625977,361.9643929916266,1085.1808767249197,0.04696012660861015,0.08133924752473831,315.9178016632636,392.52825171746207,1174.4791666666667,0.020751953125,0.010650241265228143,0.32,-476.4178204162681,91.7863879742325,123.72552657601142,79.16101300269328,52.68133773721335,7.6715153271480885,0.20833333333333334
0.0,0.54425,32.26276779174805,,,,-47.70309829711914,-14.695487976074219,397.5849891674358,1096.740442736207,0.03656821697950363,0.05566668137907982,382.04997826195773,393.0076356887229,1134.548611111111,0.028645833333333332,0.012736977569344955,0.256,-432.7814334989696,55.38800402589634,192.1191929875341,45.579618222478246,42.57027611004821,14.504190228191394,0.0
0.0,0.64,49.034095764160156,,,,-61.48334884643555,-12.1038818359375,447.5908437197278,1154.3063109881602,0.04020649939775467,0.07323525100946426,379.7243447344817,470.6948156209267,1441.9642857142858,0.022274925595238096,0.00847936854169753,0.288,-470.44446230673975,73.12087838942003,114.60849831438082,65.89302233714714,54.47947394897274,21.65176938636153,0.0
0.0,0.76,41.204917907714844,83.52184058458587,72.78265914210937,94.38743126816934,-53.81482696533203,-9.267229080200195,367.1407453340552,1243.2288061004824,0.04714871570467949,0.09324302524328232,337.07558161484155,412.6795912658054,1214.84375,0.022298177083333332,0.014857628118068287,0.352,-450.3392751721845,81.86645345831052,141.46196786363657,70.15713632045482,56.1671749785088,11.85653644290534,0.4166666666666667
0.0,0.88,36.68193817138672,,,,-53.087154388427734,-13.539467811584473,362.7972874542389,1121.6588141707348,0.02720058336853981,0.05243656039237976,293.8935072398413,377.36575615218777,1109.9330357142858,0.018101283482142856,0.0044021367629747295,0.384,-494.8644210767653,65.68040705113548,138.6987448998233,55.201517123616675,61.46555258663615,15.530547378821112,0.0
0.0,0.72,43.85235595703125,84.51649234589271,57.10411696553857,102.3373891996775,-59.11117935180664,-12.551602363586426,391.88130747087155,1171.1359432059926,0.028906943276524544,0.06411635130643845,278.04013207059,381.88190281806885,1055.0271739130435,0.01554008152173913,0.004366494610116318,0.352,-504.77647297071127,73.36364952424488,99.43862444745122,66.90805571193629,54.512485884998625,12.110054751425373,0.6086956521739131
0.0,0.7860625,31.2755184173584,70.06736365336474,62.63322193120639,78.00652260133735,-43.19309997558594,-9.215869903564453,338.4595381727568,1155.550767041228,0.05401119217276573,0.08951877057552338,261.978872769094,362.7059639073645,993.75,0.0143359375,0.004813730057898188,0.352,-429.9558395148956,74.83753096223202,148.2449326676461,60.34604019357979,57.51919680847585,15.577872102795125,0.36
0.0,0.85225,35.52315139770508,66.17820612383892,57.76763484361365,74.48387315613512,-50.124183654785156,-11.352062225341797,463.75532696358766,1177.440423919061,0.03491527587175369,0.06993898004293442,321.76999425488174,399.7676051672548,1203.7037037037037,0.019314236111111112,0.005494352821689307,0.416,-442.9879212550873,50.60958334893122,135.46746348470555,45.357872748545475,52.798453091167026,13.096590018177986,0.25925925925925924
0.0,0.539875,38.1412467956543,,,,-48.62737274169922,-9.728996276855469,359.9987635789607,1105.2807807991555,0.08584217727184296,0.10549566894769669,295.1583415655209,397.89105425311647,1145.2205882352941,0.014590992647058824,0.0036149202027923426,0.288,-397.5937728815339,102.20435999472468,167.26141027913957,81.1436806654252,42.57510445361461,21.006417893364112,0.0
0.0,0.7550625,24.044313430786133,78.9699979935559,70.71067811865476,87.55936114058852,-40.10400390625,-11.466073036193848,412.8792124865836,1200.9102614335252,0.043393801897764206,0.06737382709980011,251.60431001140304,388.9410103866762,1080.7291666666667,0.011067708333333334,0.0029251628834002976,0.384,-425.0000918779071,59.426422822173585,130.46913297933938,49.43609087378166,45.886645183509955,12.654456544122786,0.9166666666666666
0.0,0.7925,28.112041473388672,80.98051869933114,56.775221453543864,100.57929410678534,-43.30244445800781,-12.777880668640137,301.9635185891495,1098.917900867304,0.040580522269010544,0.061134979128837585,246.89802546836677,340.4953795986648,912.5,0.01421875,0.005995043932934311,0.32,-458.05449568253164,90.4969367828748,146.04513726251548,71.08208240539234,50.86810350525444,16.603837284701857,0.88
0.0,0.6878125,38.98835372924805,,,,-58.092437744140625,-13.391254425048828,359.34224308805824,1092.6086622319083,0.05963405221700668,0.07647474855184555,339.67474658387766,407.95710410968053,1200.284090909091,0.021084872159090908,0.006965711481922593,0.288,-423.2524772201895,103.14481863500278,174.60676737763947,77.00002644948641,39.01768317583578,24.67397043062228,0.0
0.0,0.85225,42.841819763183594,63.620398732217545,59.80480608687019,68.69768237290445,-59.029239654541016,-9.741594314575195,341.22546040149376,1066.4552246346655,0.04236876964569092,0.08383405953645706,295.99473837644433,379.8541892957323,1083.3333333333333,0.016963252314814815,0.005369601724506839,0.48,-446.92325825179876,86.29044165580713,110.36521985347859,73.27634294720512,51.65411888288437,15.948380111654638,0.2222222222222222
0.0,0.8155625,40.987266540527344,,,,-59.59718322753906,-14.382659912109375,422.2033536046691,1178.8052762049538,0.024569818750023842,0.0479242242872715,302.73530584004,387.5511747148514,1120.7932692307693,0.018479567307692308,0.005416473213900349,0.384,-479.63865039698976,70.3098120314328,136.7509262907722,56.377029004978,54.328107524349875,15.491216718791357,0.0
0.0,0.680375,39.90013122558594,66.41091526025048,51.76324619206888,78.00652260133735,-54.602272033691406,-12.911530494689941,497.26021661062487,1161.3894232538605,0.03311697021126747,0.06402129679918289,353.1076432278236,460.83242230516504,1399.8579545454545,0.017711292613636364,0.005949643904588023,0.384,-449.4382999497859,78.15615188009099,135.62437701810904,62.0339738401705,44.38552312921179,13.240405699492682,0.18181818181818182
0.0,0.5299375,42.46957778930664,,,,-56.14993667602539,-12.623367309570312,502.66406977862283,1157.9294578291751,0.04691951721906662,0.07518428564071655,400.09577639664957,484.66153740060463,1409.0073529411766,0.02372472426470588,0.008162022168617365,0.224,-449.404983909201,61.00203687124686,154.7749678583584,57.677077378233626,41.866254031448925,16.42946062350283,0.0
0.0,0.742375,42.060523986816406,58.00422573034147,52.66805179774179,67.5174973084095,-58.88041687011719,-11.48399829864502,437.73692270123865,1114.9838860647346,0.040138620883226395,0.07070555537939072,346.37153560393864,411.06594590473725,1207.6822916666667,0.022135416666666668,0.007376477339599388,0.352,-444.29287740715444,51.997875962712314,132.00418055793855,50.940857143417524,49.67284011991588,13.601833087612649,0.20833333333333334
0.0,0.76,39.31312561035156,,,,-54.718955993652344,-12.802728652954102,497.93770598774773,1210.5415368352108,0.034574177116155624,0.060299698263406754,357.61723639194423,443.77967750497487,1321.6145833333333,0.0242919921875,0.009502947115945036,0.384,-447.7304682561821,48.355199615381395,140.74815711616378,46.32036574284149,49.07963845650175,15.758542534175758,0.0
0.0,0.68,47.60203552246094,,,,-59.704872131347656,-9.840398788452148,391.12674025689176,1121.002055288925,0.04549014940857887,0.08876728266477585,330.77586384049306,383.1290767684361,1118.6079545454545,0.022238991477272728,0.007643841644861845,0.32,-462.8740994447666,64.81326860121644,120.32306153177137,60.61304862655845,57.50816712027562,18.186268933583303,0.0
0.0,0.5676875,44.918128967285156,51.48657735898239,50.0,52.97315471796477,-58.49604034423828,-11.635473251342773,359.69390071774944,1037.2005422322234,0.03942735493183136,0.07852588593959808,348.1547942946342,396.85156574476457,1126.736111111111,0.026258680555555556,0.009417002584091639,0.256,-458.5031153847169,67.65600296341287,138.24414613607357,58.09722256648911,51.39084671282589,11.859706216036155,0.1111111111111111
0.0,0.6659375,43.51543045043945,,,,-57.37289047241211,-8.662518501281738,440.3282900028963,1142.73820933517,0.05806831642985344,0.10915882885456085,361.5801252549913,443.30847946640625,1302.827380952381,0.021344866071428572,0.006686733433042667,0.32,-437.4708150028551,70.52364543832189,136.10471129166467,64.50382464545586,46.93869975343869,13.301055120633855,0.0
0.0,0.64,46.62397766113281,,,,-60.541900634765625,-10.348042488098145,350.6443162764936,1008.7121537803865,0.0584394745528698,0.09476671367883682,359.0372898554863,409.2534901512944,1191.220238095238,0.025762648809523808,0.009083687157409653,0.32,-424.78930434121946,70.68723338341788,127.64155652737956,64.91355880671028,51.19273580997302,16.59742904757031,0.0
0.0,0.6331875,44.88862609863281,,,,-59.576873779296875,-12.711332321166992,427.6942975416118,1098.7715292052974,0.03496579825878143,0.06582386046648026,358.76412362903847,368.8415762193464,1082.03125,0.026611328125,0.011362903744749894,0.288,-452.43633252840357,57.79930701530538,135.22080549999325,53.08123981450622,57.72163719754468,15.029265581515439,0.0
0.0,0.76,48.81731033325195,,,,-62.42778778076172,-11.421638488769531,430.2130096547992,1124.3954927806844,0.03190905973315239,0.07258355617523193,361.3505218943122,427.9772511566457,1304.0364583333333,0.0225830078125,0.007122395647363933,0.352,-492.7210861139826,74.29768210360254,116.67962884657993,66.84972531620704,50.48688083991758,10.6811946288718,0.0
0.0,0.28275,36.38636779785156,,,,-51.166744232177734,-11.851316452026367,404.5591930334234,1028.3713108378308,0.07677409052848816,0.09518168121576309,405.61188273625464,463.44089883114316,1411.4583333333333,0.027777777777777776,0.005390513172037422,0.128,-424.03028517032516,59.60626800510191,183.8497247931697,58.80855606750528,56.21180548245751,16.748319697014097,0.0
0.0,0.5745625,44.18606185913086,,,,-56.438690185546875,-7.988705635070801,333.3170131297689,1181.4775198123496,0.0680554136633873,0.11733783781528473,341.7732308037715,429.2385632947975,1277.7777777777778,0.018391927083333332,0.00502452768243266,0.288,-425.0949669960911,71.04842622007439,121.28582493044746,65.50788582144936,53.94175703258017,16.3419648446898,0.0
0.0,0.4135625,45.76942443847656,,,,-59.19717788696289,-11.732068061828613,518.7418134982021,1176.0956171873565,0.05079590529203415,0.08837556838989258,398.36050900191856,427.90831715822856,1292.0673076923076,0.029296875,0.013789415751903565,0.192,-452.6451267396415,62.185878957476206,145.42676275194987,59.24884325788329,43.78982278129922,18.491848456903444,0.0
0.0,0.4929375,45.459686279296875,,,,-58.7926025390625,-11.232253074645996,281.7460096825869,1057.5321119985495,0.07238665968179703,0.09718397259712219,355.86156474611766,439.3968378758525,1237.3046875,0.0225830078125,0.005061135850006807,0.256,-435.7316346563704,76.87523218861695,159.03516441886848,71.44438414462233,46.57195247455848,15.702356215101899,0.0
0.0,0.4649375,46.17741012573242,,,,-58.77058029174805,-12.216620445251465,384.7111505874222,1100.7448165550434,0.04473912715911865,0.07970552146434784,364.3775612713105,440.32093945066447,1318.75,0.027799479166666665,0.010768000866685076,0.256,-464.1873255724147,67.54254567868537,142.97466857320626,63.699040063425926,57.24979717876992,15.962983434701583,0.0
0.0,0.730625,38.32230758666992,,,,-52.98679733276367,-11.69277572631836,312.2808766688211,1015.3353501695794,0.03758425638079643,0.07113020867109299,387.0517167437106,425.03622170572186,1307.0652173913043,0.030146059782608696,0.008277918421694083,0.352,-423.07645240802094,46.048728415573336,138.323263180539,44.998690851327574,45.95353009884977,14.400451378948492,0.0
0.0,0.64,45.46962356567383,,,,-63.617431640625,-12.945722579956055,346.0431282239138,1149.1384987007252,0.03374536707997322,0.06402155756950378,341.17733908986384,408.7143976063764,1202.3809523809523,0.025762648809523808,0.009247196035067379,0.352,-479.52086495689355,74.39616068062149,140.14121043178332,67.62404075479287,60.205501576537806,9.099177777899559,0.0
0.0,0.5068125,53.46449279785156,,,,-63.91895294189453,-8.34404468536377,272.3556407063258,1005.5990719054552,0.06453943997621536,0.12122632563114166,295.8678513821431,358.9800445135923,1028.3203125,0.0225830078125,0.007108434258564779,0.256,-453.70027094155535,100.07086516120687,104.86056753416938,89.52820189315025,48.0685873147565,18.852355974343286,0.0
0.0,0.68,41.60112380981445,,,,-59.309226989746094,-10.264445304870605,374.107353794937,1061.236114624234,0.05308781936764717,0.08279746770858765,345.2781506814753,401.9702274914638,1181.1079545454545,0.022682883522727272,0.004682798102940507,0.288,-401.4393554238843,62.117081857155114,147.26892972190166,52.44513980549616,56.09655522309253,14.17848145284584,0.0
0.0,0.59725,50.60149383544922,54.057326871424884,50.0,60.15125180410583,-59.335689544677734,-8.304015159606934,442.0801088727494,1092.0875137806731,0.07639449834823608,0.12485487014055252,410.84710845917135,462.0870519199255,1368.421052631579,0.028937088815789474,0.01638154359828608,0.256,-401.9536001711081,107.76072894447954,144.24428348720443,87.43967195535905,36.7646420098317,19.10819517141745,0.3157894736842105
0.0,0.6939375,46.504764556884766,,,,-57.03245544433594,-8.386588096618652,340.4762552463688,952.4846009776298,0.08585989475250244,0.11920596659183502,362.7829036378094,345.5578222905249,1014.2045454545455,0.031294389204545456,0.020714925130175307,0.416,-390.8752265174042,107.90752790470873,154.98078726681535,84.59877048355378,40.49518498787547,23.790693355112285,0.0
0.0,0.64,44.24444580078125,,,,-60.796730041503906,-11.172382354736328,429.3556076612664,1020.4152344773174,0.04106467217206955,0.07753143459558487,320.16555118761977,374.99400760451056,1020.8333333333334,0.02222842261904762,0.00964821892367426,0.32,-456.32829909704657,76.9764995143739,120.92052717442058,62.99933193664508,50.51636389743457,15.867410106305243,0.0
0.0,0.836,46.266021728515625,,,,-60.79965591430664,-10.451936721801758,402.8987896093481,1015.9636749767553,0.047199636697769165,0.08418066054582596,342.93447184246,396.792901213369,1173.611111111111,0.022858796296296297,0.004689151872292202,0.416,-444.50783710733435,96.07450822000206,128.19186597852553,78.81745268316439,49.67844979662345,15.07626235727312,0.0
0.0,0.7045,45.73226547241211,,,,-59.43981170654297,-10.551285743713379,292.4771898157443,1025.4125265993266,0.04723098501563072,0.08535858988761902,281.63067464258415,341.0673421110955,940.2173913043479,0.019276494565217392,0.004509483032388503,0.352,-467.6031029403592,95.81386401414979,130.4101902751596,76.94365039416371,56.52935819440998,18.05223943706591,0.0
0.0,0.92,45.67555236816406,,,,-59.164283752441406,-9.692184448242188,253.7548753801253,937.343429180824,0.03878173604607582,0.08155938237905502,304.76203959682704,356.97271982897115,1060.344827586207,0.02209051724137931,0.005478925845746967,0.448,-452.8335853718518,86.09144822608081,124.39472832629984,71.62893746650657,52.73607394897225,13.834999766978385,0.0
0.0,0.56,43.779048919677734,,,,-59.098716735839844,-13.95182991027832,314.826709228638,1099.6735188054588,0.036173392087221146,0.059174273163080215,316.43042057583045,350.8170817403018,1042.5347222222222,0.02099609375,0.005420190691844633,0.256,-451.0136381697696,96.97160668391152,159.59062277967553,79.3265416673805,46.8172415728527,15.239490103998076,0.0
0.0,0.92575,47.076812744140625,,,,-63.075714111328125,-11.448686599731445,346.84752064129754,1058.259657242752,0.026443198323249817,0.06626086682081223,279.31775757494285,301.10064079032514,850.2155172413793,0.02161907327586207,0.0065671453358022115,0.448,-488.992760629352,74.76069812227315,111.44111579365244,66.63395937488833,58.44400571931891,16.479045334784296,0.0
0.0,1.0,47.691131591796875,,,,-61.372684478759766,-9.594257354736328,390.63327952787483,1048.9764467552238,0.038044579327106476,0.08556031435728073,336.99688024952366,368.56343839089857,1148.92578125,0.025115966796875,0.006353449012273467,0.512,-459.0773164548626,66.39066317690472,99.73084239029814,63.02866380987355,54.78010843251147,17.475976042796166,0.0
0.0,0.92,46.622920989990234,,,,-63.10921096801758,-11.56412124633789,336.0391468655192,879.7668960834575,0.027555756270885468,0.06546133011579514,358.7784612066268,344.3983100589518,1032.3275862068965,0.03013873922413793,0.008930937562207615,0.48,-484.28025194111626,72.6798744348346,130.81113966932406,61.8804854069787,53.50479749057463,8.2833312985957,0.0
0.0,0.72,48.524803161621094,,,,-62.743934631347656,-8.066671371459961,336.84095423656646,1005.3839891462741,0.056458670645952225,0.113563172519207,293.36731940858726,341.22969086106883,978.9402173913044,0.020974864130434784,0.00445073290807699,0.384,-421.7533072952738,78.92466717489492,97.71289460200906,73.9976072188061,51.90052798305227,15.78133335732748,0.0
0.0,0.626,42.31637954711914,,,,-55.685630798339844,-9.686051368713379,221.24074633802434,1119.8631804490005,0.05466447025537491,0.09195219725370407,227.46274282123863,286.9102851645192,664.84375,0.016552734375,0.0036601557288887037,0.192,-454.86510146897615,72.50943472409548,119.08972648786987,66.24870208632439,69.42308262670693,15.306205760761317,0.0
0.0,0.72,46.24147415161133,,,,-57.55059814453125,-8.912803649902344,231.63259032983467,1092.4632930318603,0.0545760877430439,0.10151615738868713,224.2690745427714,292.3864131568444,729.6195652173913,0.017960258152173912,0.003987553288679993,0.384,-465.1005512482432,99.25980250500244,105.63043783664503,83.30953050665877,51.366235312661146,19.948493542620987,0.0
0.0,0.609,41.0942497253418,,,,-53.94577407836914,-9.762304306030273,253.90622402502453,1141.82287549236,0.060464341193437576,0.09644820541143417,265.7739263555882,346.4117838267503,956.25,0.0162109375,0.0030633568635465083,0.32,-467.27575893036135,77.72944908164415,121.4348012350807,68.38799445018226,61.672852711550185,12.179433086793955,0.0
0.0,0.7165,51.873207092285156,52.66805179774179,52.66805179774179,52.66805179774179,-62.7442626953125,-9.439109802246094,239.23937728161079,1065.2786047213988,0.048727747052907944,0.0959617868065834,241.6491618600847,304.1775993593707,781.25,0.017960258152173912,0.004268790328653806,0.384,-480.44397691708764,91.37806171346303,90.77902764530128,81.72757208617644,48.61531952367455,21.645164239178364,0.043478260869565216
0.0,0.6806875,46.42518615722656,,,,-61.880615234375,-10.01534652709961,208.80373253208035,1159.01684312569,0.04732166603207588,0.08901754766702652,258.67066607659837,336.42904035662514,887.0738636363636,0.016335227272727272,0.0031600624521586802,0.32,-470.4835207421462,78.99565361271432,98.96262533848443,73.7277803362179,57.29884962163206,19.062650038368844,0.0
0.0,0.67175,47.956356048583984,,,,-60.56379318237305,-11.489507675170898,238.6620137980199,1190.48362372468,0.03858298808336258,0.07461687922477722,239.23282544807574,299.50485728211595,812.5,0.017996651785714284,0.003239892754529456,0.352,-497.1070097528961,75.65425277323449,110.1990575983171,69.42247606819156,63.693565227341296,14.56196449699687,0.0
0.0,0.603375,45.86298370361328,,,,-56.81664276123047,-9.131843566894531,219.23106428091288,911.4681180947988,0.0847306177020073,0.11370886862277985,215.07032362796318,230.19331548124615,527.9605263157895,0.018349095394736843,0.005278754965652864,0.256,-440.71360435488214,92.25674910405422,141.1886831717768,83.53605142636536,71.43426787333712,21.51139081511063,0.0
0.0,0.7890625,40.89302444458008,,,,-57.46486282348633,-9.711934089660645,243.69370505028118,1020.6737991122922,0.04460000619292259,0.08794256299734116,215.39719221849336,245.31719753168963,562.5,0.0186328125,0.005218317253764617,0.352,-469.63424064111877,70.73997633093282,97.07969035780673,63.97284850247776,59.97404038008659,14.330554723659592,0.0
0.0,0.7774375,45.95584487915039,,,,-62.07511520385742,-11.398128509521484,198.4361243170032,889.2530977105388,0.0429982915520668,0.07606346160173416,207.4871929778193,237.92689031301987,582.5,0.0156640625,0.003851966573631578,0.32,-489.3947123086761,87.75222411774914,110.78825270747876,76.26561634254365,61.747201407157924,20.92616165417744,0.0
0.0,0.8645,47.335716247558594,57.98001460612474,56.12310241546865,61.91381801887202,-58.878211975097656,-9.006884574890137,249.38735147705273,995.6813779619342,0.0458562895655632,0.09713247418403625,248.33239070945356,301.39278091920187,824.7767857142857,0.016671316964285716,0.004609603849764726,0.416,-468.48753622488715,88.35078533625237,100.43675043607107,77.89255900369139,54.8295954945963,15.317167215024801,0.14285714285714285
0.0,0.7031875,43.52542495727539,,,,-60.374053955078125,-10.833162307739258,464.11201323730086,1068.71166753333,0.049561843276023865,0.08633972704410553,388.74412858886495,419.7715537923665,1303.2670454545455,0.02783203125,0.01327860596801285,0.352,-438.74028499500423,103.90041417566331,155.5781752938249,81.19363733157913,44.34909568341193,14.038399432650492,0.0
0.0,0.6725625,40.119346618652344,,,,-56.29743957519531,-12.724586486816406,408.06089823608835,1123.196342470714,0.033312126994132996,0.0643419697880745,361.06013808983306,403.38198968589,1184.659090909091,0.025479403409090908,0.011898294228495254,0.384,-457.5694306201413,69.42005083019104,148.46185076153532,55.624184474798334,51.824026459427316,17.456097384451553,0.0
0.0,0.8,50.13372802734375,,,,-64.55943298339844,-11.612615585327148,360.6814200731367,1054.0079626171846,0.04404544457793236,0.07607484608888626,322.7830653439565,373.16187236600547,1076.3221153846155,0.022385817307692308,0.006264321436114598,0.448,-472.3740112778988,90.27307808063628,133.97680204417387,76.89696706431852,61.5699005927319,14.877446491271742,0.0
0.0,0.8,36.30865478515625,,,,-56.303611755371094,-14.584540367126465,407.7895267885215,1069.529825792808,0.03635820001363754,0.04923716560006142,366.56651229576045,387.52139497598176,1193.5096153846155,0.027268629807692308,0.013531438419721225,0.384,-451.8600039548713,70.26582584293024,193.64493698212866,56.410945967575366,50.490893098953784,19.429852746821247,0.0
0.0,0.8,48.13720703125,,,,-62.12260818481445,-11.157903671264648,340.5538415865947,853.7602222266141,0.07145265489816666,0.08582866191864014,340.03842192153576,334.7838069160343,978.3653846153846,0.025428185096153848,0.008310632804776636,0.416,-442.0198580248329,105.49163188901183,191.97445099647362,90.10058349741574,65.7005594468966,15.87827731699629,0.0
0.0,0.4855,33.28506088256836,,,,-46.79571533203125,-13.34418773651123,550.2015954875903,1008.0713405232601,0.07461407780647278,0.08213778585195541,497.13316141137324,426.9159576546839,1237.3046875,0.04119873046875,0.03125613867547848,0.16,-393.3150047723542,49.07755972373627,227.33551461094328,52.497870448188685,32.93295555917172,35.55240961739328,0.0
0.0,0.72,39.487491607666016,,,,-49.8227653503418,-8.834878921508789,378.55363440850687,1084.0282388945466,0.063404381275177,0.10276513546705246,325.25215059867156,358.80997853729366,1054.3478260869565,0.023140285326086956,0.008437324964928139,0.384,-400.9676563552647,66.2138608970293,170.64308325292004,55.76179212468706,55.192627725542714,10.482847049269703,0.0
0.0,0.72,47.54002380371094,69.34405509079608,61.202677165232764,85.55950256826023,-64.20323181152344,-13.7178373336792,380.88751778355817,1033.619201918546,0.02696986123919487,0.055109184235334396,361.3227228672637,386.20695900401546,1120.9239130434783,0.025602921195652172,0.008370825803439445,0.384,-482.87634406796633,84.23842740918998,165.4711906766493,68.51856544838215,53.399057432286526,12.951517098149019,0.391304347826087
0.0,0.6755,47.92209243774414,88.39139576718152,84.57676786314485,93.84379966711431,-64.35807800292969,-11.205999374389648,304.97957525944815,1144.3163724155636,0.04789173603057861,0.08783313632011414,308.8295531525251,418.1440273666392,1273.4375,0.016823508522727272,0.0045703638904762405,0.32,-493.41025606749264,87.648142277758,102.1408879783436,83.73163642063491,54.073778465703256,18.05961730765723,0.18181818181818182
0.0,0.428125,45.836021423339844,,,,-56.633934020996094,-8.761972427368164,317.366684107485,961.5957897014541,0.08991625159978867,0.11926639825105667,284.6935882241415,367.07659151250454,1022.3214285714286,0.017578125,0.005193780822819834,0.288,-427.24278027904853,81.02866301676647,140.91566129796314,75.70451075180233,64.64418889822109,21.397583123428692,0.0
0.0,0.2206875,36.41074752807617,,,,-50.4300651550293,-11.605573654174805,247.35530331826467,1051.5649944872682,0.09513767808675766,0.10611796379089355,260.19728801932075,325.0654900497057,810.2678571428571,0.019112723214285716,0.0033365682876957026,0.064,-414.4469391323264,69.29776855478387,180.49894884177147,65.41107656595301,75.9104289533032,14.592321224147927,0.0
0.0,0.6399375,40.83822250366211,,,,-57.56269836425781,-12.618368148803711,370.8570355288743,1180.2914930335721,0.037213049829006195,0.06774815171957016,304.23235461011717,363.7384951399411,1063.28125,0.02060546875,0.00589911652755428,0.256,-473.2966949760612,64.82799614862965,144.64092974826698,56.48978748441653,57.383505550293,10.916756671155932,0.0
0.0,0.76,40.23875427246094,,,,-53.65624237060547,-11.95194149017334,362.8519426069316,1034.2563152866696,0.04455842450261116,0.07356651872396469,346.09905633434556,397.93475554890637,1143.2291666666667,0.024820963541666668,0.012213268805670708,0.384,-446.62271579483394,79.74600754400453,152.93518922363785,67.79297301013555,50.48751512796659,18.824005681088757,0.0
0.0,0.64,47.247039794921875,71.28746817110944,51.46511183217461,84.57676786314485,-62.17720031738281,-12.477531433105469,277.7638186286249,984.4417181973016,0.039004575461149216,0.07544026523828506,320.72998757765254,395.21549453189084,1098.9583333333333,0.021670386904761904,0.01162388377973809,0.256,-491.04137230445616,85.12305269057369,104.64213133091789,79.20786689026902,46.36320768920331,17.458285919237213,0.42857142857142855
0.0,0.8,52.68909454345703,79.90929844241275,64.84197773255048,92.76591169413095,-64.70223236083984,-8.45145320892334,265.86443785671753,984.0435397638425,0.05906098335981369,0.10881047695875168,244.90449674876166,302.0631573220969,799.2788461538462,0.016526442307692308,0.005609421485154588,0.384,-451.50463896676234,100.53609290452727,98.9428120512831,91.92610373569681,46.44515990277604,21.914008413182813,0.34615384615384615
0.0,0.61625,34.88685989379883,,,,-49.717613220214844,-11.936504364013672,438.6746124235621,1136.4564130215097,0.039752304553985596,0.07127243280410767,313.23990628933393,420.36915564862704,1192.96875,0.01767578125,0.005891027785881122,0.32,-451.27897675370195,54.43111749889364,153.596993825453,49.04763281891739,53.47117858032063,22.853428306798964,0.0
0.0,0.68,44.86945724487305,85.86648151588372,71.53229662176292,101.74796921026864,-55.57857894897461,-10.228551864624023,360.9105660617311,1113.048366217601,0.05279181897640228,0.09722144901752472,353.7604381856055,424.39669974194834,1219.4602272727273,0.017489346590909092,0.004737806840953954,0.32,-453.50955292046086,81.85106565443965,105.37670175104819,78.28391770564163,47.54582776166198,22.306455865708223,0.36363636363636365
0.0,0.6873125,50.26497268676758,,,,-63.602176666259766,-11.341843605041504,267.18610071555565,991.2948784170901,0.03429583087563515,0.07565488666296005,271.0430439962515,339.37357797451375,909.0909090909091,0.01953125,0.003618196710283173,0.352,-501.3287623972014,90.16417651702908,99.97700885375025,81.99024963544352,50.491204763589444,13.165306873324662,0.0
0.0,0.4955625,25.571483612060547,,,,-39.527130126953125,-11.677247047424316,500.72555379083263,1188.6771361578933,0.06687584519386292,0.07526510208845139,360.69407978908646,451.4648809286654,1399.4140625,0.01861572265625,0.004851815062013477,0.128,-363.9015211638145,57.55008531152918,212.6251188813414,45.68449365078967,26.874846555281508,8.989302164355284,0.0
0.0,0.76125,38.12266540527344,,,,-55.65016174316406,-11.849871635437012,398.0152320304436,1019.5797850903521,0.042896825820207596,0.0703735202550888,353.44674438981315,396.81663372846424,1194.6614583333333,0.023844401041666668,0.008901000976469495,0.384,-428.80971469785527,75.65357971976285,163.86057672538166,65.50565974792191,49.23308253361616,14.716986768117966,0.0
0.0,0.56125,23.895660400390625,59.03109183465648,50.58097201509612,72.3634618720189,-41.43019104003906,-15.380598068237305,401.04718441726817,1118.827617678721,0.0429028682410717,0.0486736036837101,339.54080447051797,429.72208541370287,1283.8541666666667,0.017740885416666668,0.005271528235905484,0.32,-411.01956524601144,59.807044682041216,205.2165513474128,46.70236904800915,23.288145201146065,10.788559167116938,0.4444444444444444
0.0,0.3655,20.687255859375,,,,-34.849884033203125,-12.952827453613281,484.52028867447325,1094.633094634893,0.07576533406972885,0.06811319291591644,461.84860725574543,532.9713259612032,1580.7291666666667,0.029866536458333332,0.012515365904815496,0.224,-321.4895268999083,47.84089530851274,236.81454057586438,46.06701832572117,8.858202510654051,8.593498548753574,0.0
0.0,0.6125625,21.623247146606445,,,,-39.35365295410156,-15.64391040802002,495.08153119427976,1156.5897380466815,0.05693727731704712,0.04776063561439514,392.39861952649557,458.765229745092,1388.28125,0.023486328125,0.0077664352393427135,0.192,-370.91116850177866,49.47849922371885,242.38296760855866,40.81355875862468,13.51298870918105,6.196946047626721,0.0
0.0,0.8,27.9918270111084,58.09113153624646,55.15894110818732,60.15125180410583,-45.53638458251953,-12.128911972045898,473.8995480201912,1187.1599003494118,0.04132472723722458,0.06345439702272415,368.7646622196771,463.06230883703114,1421.875,0.019756610576923076,0.005892507562812014,0.416,-400.60611776167264,54.26783231412798,172.1018562804374,47.7764772365273,31.138437594052863,8.882716458562145,0.4230769230769231
0.0,0.84,42.71495819091797,,,,-58.36000061035156,-11.241323471069336,444.37501644876164,1145.176017604243,0.03428938612341881,0.07086408883333206,345.40246430327255,448.70854744633186,1369.7916666666667,0.0185546875,0.005835212525932618,0.512,-464.46421672231634,76.93355579631844,141.8644364177667,66.75758623031265,48.360835052557015,12.01951166595226,0.0
0.0,0.8,23.891704559326172,,,,-38.917728424072266,-12.167707443237305,466.645577107841,1100.924906204477,0.04335319250822067,0.05960177257657051,378.27972774835996,454.8536891968753,1337.139423076923,0.019118088942307692,0.0062423252634305326,0.416,-387.37792404807374,41.04067191550739,194.8679819467522,34.617056975008765,24.74374300044014,7.878773688567329,0.0
0.0,0.68,35.94031524658203,113.41065506425214,110.95694720678449,116.87772485612456,-51.52109146118164,-13.675780296325684,514.9569778528191,1145.7890661434542,0.032134152948856354,0.05772361904382706,354.9285891984989,467.2796108773588,1448.8636363636363,0.016823508522727272,0.004336759404013664,0.32,-453.34227532890515,73.5746535413967,150.6102634118689,62.80494815362638,39.504338842958596,7.2794656802927085,0.18181818181818182
0.0,0.72,20.811965942382812,114.78997509275386,109.68249796946259,117.55479062836088,-34.20978546142578,-11.850399017333984,450.0696466528698,1124.2062358347564,0.0777900293469429,0.07036638259887695,337.1060809566545,431.07635554672595,1280.570652173913,0.017068614130434784,0.0036751163397388585,0.32,-367.18564711377115,49.67405611192302,215.92881950757038,40.689427641233124,23.35751639361049,12.72512804501036,0.2608695652173913
0.0,0.56,30.996471405029297,82.32583522304,59.11788930135741,120.30250360821167,-47.273101806640625,-15.114763259887695,434.1011263501469,1154.914152339463,0.03805416449904442,0.053361676633358,327.2290392644774,443.83784251284766,1327.2569444444443,0.019856770833333332,0.006647323521048873,0.32,-452.0078615142663,76.08475697857598,192.00871447489286,66.23862475201811,41.80381986399782,11.287691803444176,0.5555555555555556
0.0,0.76125,20.811187744140625,118.84649366737109,92.23161935859392,153.33283446696007,-33.697166442871094,-10.00479793548584,505.3192438060909,1087.9343494696154,0.06707996129989624,0.07605656236410141,324.77461367839834,409.96456582714814,1225.9114583333333,0.0194091796875,0.004361060506010079,0.448,-351.13636137953216,42.08029735311654,181.06862537163056,33.02696925222634,36.967543418922574,7.042497767257666,0.4583333333333333
0.0,0.690625,43.417694091796875,,,,-57.96855163574219,-12.531179428100586,429.62326043404994,1188.85257765244,0.03733452036976814,0.06821046769618988,387.7155887687857,461.5202589273766,1429.6875,0.024636008522727272,0.008492734905901814,0.288,-468.24027037347855,67.31279102057734,135.61402208045635,62.26976009534167,53.03117877657971,15.091191883390199,0.0
0.0,0.76,52.887413024902344,86.3203154240072,76.2248511627881,94.38743126816934,-61.924251556396484,-8.109627723693848,369.69107719386955,1104.805602075547,0.06998173147439957,0.12852661311626434,285.2800646383422,345.39007140168087,942.7083333333334,0.019124348958333332,0.005919536163384873,0.384,-439.1469972159825,93.42495431386658,96.89706893060122,87.0265032069914,46.22156634869604,18.14176026719819,0.25
0.0,0.96,45.32872009277344,85.95269500653852,51.16869459983875,97.15319411536059,-60.32752227783203,-10.330681800842285,350.2951699710101,1132.13545673803,0.0333111546933651,0.07495394349098206,340.06068589047385,416.61662661567505,1254.032258064516,0.019972278225806453,0.0038812733949751613,0.48,-479.168076423334,63.51193635472463,97.32644373545598,61.84123271511478,53.71729868448769,16.592965522781306,0.6451612903225806
0.0,0.7946875,48.47761535644531,,,,-59.19734573364258,-8.861212730407715,338.0568083689086,1092.0120967896046,0.04417141526937485,0.09577056020498276,271.38911544995005,322.1932103777616,923.125,0.0185546875,0.004847528767965179,0.48,-478.00976954467797,74.89709762525898,101.18736285793945,69.00259104495325,57.09238114008128,15.288870773209334,0.0
0.0,0.7793125,50.40052032470703,84.76595870662213,59.46035575013605,92.23161935859392,-60.43033218383789,-5.999763011932373,329.8089196019171,1116.5212637984428,0.0682024359703064,0.1369229257106781,283.99668273306577,364.74136351126367,1038.75,0.0169921875,0.004530239650290313,0.416,-440.13893908708224,91.76111641826472,95.06048181525401,83.28016074607748,46.88726744850624,17.887861518566226,0.36
0.0,0.9079375,46.31906509399414,,,,-61.153892517089844,-11.580424308776855,414.51140308917854,1031.540774013657,0.027621552348136902,0.0668879970908165,359.5750546523148,365.0146498438191,1067.8879310344828,0.029835668103448277,0.013629924785363325,0.384,-476.05552719668873,66.77124520789339,118.05184606226989,57.50110769421277,51.84523100503989,14.006790118165668,0.0
0.0,0.6,45.23078536987305,,,,-62.11233139038086,-10.95400333404541,295.86024857944335,1060.3894293613084,0.048105645924806595,0.08479716628789902,308.2128832684612,384.5454669787234,1115.1315789473683,0.02055921052631579,0.0039885663227973295,0.32,-473.4042616080358,87.48452356764653,137.2483899414051,71.09590598171788,58.53078682947257,15.113251668541356,0.0
0.0,0.55375,45.324981689453125,,,,-60.60344696044922,-10.556930541992188,420.38403861252027,1059.3950130397802,0.054531410336494446,0.08767358958721161,376.408914261614,401.1232672087344,1188.3680555555557,0.025065104166666668,0.008072654145597165,0.352,-442.8372992268119,55.572508914442125,129.5284209598675,54.235549279336446,54.66660825295394,20.99951793755539,0.0
0.0,0.367,33.94072723388672,,,,-47.47781753540039,-11.787501335144043,342.6215410237102,1062.904843972486,0.05931614711880684,0.08868930488824844,359.913156901744,393.5352473795351,1115.8854166666667,0.027262369791666668,0.005644642947219999,0.16,-399.12688736072545,58.70278089867289,170.2188075603421,46.75240100567108,53.74892074848759,11.423143518814042,0.0
0.0,0.489375,47.598121643066406,,,,-62.06882858276367,-10.467283248901367,277.2241769094921,1012.5669339160545,0.05493585765361786,0.09414903074502945,396.7655442443055,478.1776933878535,1471.6796875,0.026123046875,0.013980115529512118,0.224,-432.35884031660385,73.34913717553835,140.5097481398895,65.79149232243877,48.48550484822704,18.450073075020313,0.0
0.0,0.6439375,43.48552322387695,,,,-60.17280197143555,-9.795843124389648,265.42606338922224,1072.3073533307113,0.049262337386608124,0.08984187990427017,292.6863260100296,335.2504112410819,933.0357142857143,0.0234375,0.006684792718030658,0.288,-420.43429140460563,76.34521566935852,125.65242248979874,64.9143683947921,57.12367869496382,15.54416034827103,0.0
0.0,0.88,47.50600814819336,,,,-61.392791748046875,-11.787501335144043,274.2319971305419,867.2997390171953,0.0331200547516346,0.06941408663988113,296.7089658460171,325.27294320783125,938.0580357142857,0.024030412946428572,0.006619970616685203,0.512,-471.9593529051696,60.2286897198117,114.78485369527675,54.88151162526448,61.20566368833744,15.381570496900885,0.0
0.0,1.32,47.36622619628906,,,,-66.16007232666016,-8.708717346191406,428.8170654086184,1114.943972187005,0.026057031005620956,0.07681982219219208,344.9101945282967,382.25081671080096,1137.6488095238096,0.026250930059523808,0.011382998663887688,0.672,-463.10749403919624,61.31208167291896,86.39943218871228,55.744464754316816,47.2175373029368,14.392519617436395,0.0
0.0,0.830125,45.95937728881836,,,,-62.22997283935547,-10.252288818359375,291.7617740365365,1123.9737554278895,0.05553694814443588,0.10112439841032028,263.6961273831455,330.41877727480943,941.1057692307693,0.019268329326923076,0.003797286711951539,0.448,-445.24216210388664,86.9978960005721,111.14874819521916,75.55270446307112,54.13758485992452,12.364886264770103,0.0
0.0,1.0448125,36.667701721191406,,,,-53.77254867553711,-9.976053237915039,303.96338433033304,1033.245963653061,0.04616094008088112,0.07451881468296051,241.2137773032372,271.07947409907723,720.6439393939394,0.018584280303030304,0.00666462512322881,0.512,-440.2893901087337,63.473768007252886,128.20221687515232,55.435165690693445,70.99183908440925,18.322370198102302,0.0
0.0,1.0326875,48.83802795410156,,,,-66.534912109375,-11.16976547241211,296.59564730948915,1180.787469864043,0.03414767608046532,0.06977127492427826,279.2949990885827,338.25970472801134,986.2689393939394,0.018406723484848484,0.005482900368379954,0.512,-478.1327534522166,72.82778199755201,99.67059952392896,64.70319158072243,59.55126770510103,20.63265290429438,0.0
0.0,0.76,38.507694244384766,,,,-53.803916931152344,-10.818439483642578,326.2272469032531,1196.819113708967,0.04042235389351845,0.0771392285823822,277.50288900939,364.53889432235036,1077.4739583333333,0.01806640625,0.004700367538474496,0.384,-452.3773055868158,68.93999904957793,114.27642228806796,57.714391225995705,60.0716646182669,12.598118646411613,0.0
0.0,1.1623125,41.10670471191406,,,,-60.36626434326172,-11.565369606018066,284.86528224240686,1207.1531292987406,0.024396724998950958,0.06097307801246643,283.74331814164054,366.4623723005266,1065.8783783783783,0.01834353885135135,0.004272663470314981,0.544,-503.940984056349,73.9476859284101,97.77170535452105,63.318304885277364,57.437315309451435,15.326225918358606,0.0
0.0,0.84,30.768539428710938,,,,-51.3939094543457,-10.345701217651367,377.55411609945645,1163.2070013141724,0.06720462441444397,0.0801270455121994,318.0743506144498,365.9966713304807,1065.9722222222222,0.022352430555555556,0.005897429792405031,0.352,-395.09950328458865,49.086246872755815,177.10952999694916,41.22701132015413,56.42587912556905,16.16619112014637,0.0
0.0,0.875875,43.88732147216797,,,,-57.90740966796875,-10.77362060546875,383.3771831018227,1165.0107197228908,0.036073118448257446,0.07311954349279404,363.6151255572019,434.1672874527416,1335.3794642857142,0.022774832589285716,0.005906003844125314,0.352,-458.5620310935956,57.589496401072466,126.95637689616679,53.229847241241536,58.683341871919545,15.166790664145232,0.0
0.0,1.52,47.12528610229492,,,,-64.42963409423828,-9.027141571044922,362.75177519820517,1160.8701512881314,0.021731361746788025,0.06998968124389648,359.2868424366666,419.25580142644594,1271.484375,0.0255126953125,0.011772245586824737,0.704,-470.6729322651906,56.22971204437769,64.09059718723596,52.19753441572751,39.24126035366731,15.286008073069995,0.0
0.0,0.990125,47.9229736328125,,,,-59.97694396972656,-7.775183200836182,342.34013807843434,1191.6978960070728,0.03993880748748779,0.10097692161798477,303.05735768184354,368.93264972730475,1134.0725806451612,0.02176789314516129,0.005066440960312579,0.512,-442.9882585696712,69.25501979448264,76.84891864625558,63.0780533825207,46.774006187760136,16.20383264366008,0.0
0.0,0.88,42.325130462646484,,,,-59.377113342285156,-12.107447624206543,322.5568419940372,1212.5909548763227,0.025970112532377243,0.061915185302495956,298.698151739038,382.1520079274429,1127.7901785714287,0.020717075892857144,0.006038899836225427,0.448,-494.94682361917745,66.05104612962252,99.67699837558973,56.453425921141104,53.63559109815331,9.330856626872464,0.0
0.0,0.7581875,40.810516357421875,95.78076936751545,69.0956439983888,125.26644386241279,-56.506439208984375,-12.960052490234375,323.0987299218961,1243.109913996028,0.027442656457424164,0.059818536043167114,288.97459481653186,394.0557805759923,1138.0208333333333,0.018310546875,0.004360490991086853,0.32,-483.7190179986108,53.863427095345855,105.19023537146764,50.242779814853165,56.73860996364184,10.748597634370151,0.5
0.0,0.96,40.64436340332031,100.13245467912922,81.695772662055,128.9370308439579,-58.281005859375,-10.91488265991211,373.6775658587144,1209.069106701007,0.027157854288816452,0.06936758756637573,321.8306853319574,410.6096128791773,1239.9193548387098,0.017893145161290324,0.005892813987444517,0.448,-481.0258525549917,47.03966128484894,95.95952845651405,46.700720669565385,55.096721433829345,14.410414932666448,0.8709677419354839
0.0,0.983375,42.41756820678711,,,,-55.89025115966797,-8.169654846191406,292.96658527505946,969.925933090431,0.04778716713190079,0.0934736505150795,264.632392238685,295.5674388627431,813.0040322580645,0.019279233870967742,0.008953668812243203,0.48,-416.27082540197216,59.67346046606065,111.54236960245102,57.590232305365895,60.09092295376107,15.312667263348121,0.0
0.0,0.8,28.326107025146484,,,,-45.955604553222656,-15.013916015625,385.79243903730884,1206.3420871867945,0.03392321243882179,0.04409294202923775,269.6272412949619,357.29255547785664,1007.2115384615385,0.01622596153846154,0.005060447654176469,0.48,-448.03236950911986,53.93720102100391,158.88777344563837,43.81607632696145,59.56586731090724,17.271489888292255,0.0
0.0,0.92,45.35652160644531,,,,-56.82527160644531,-9.131730079650879,281.6676715910911,1109.8392957388314,0.054971273988485336,0.09391926974058151,263.31952714519514,332.2902351762645,952.5862068965517,0.01646686422413793,0.0036061674381000957,0.448,-461.05607692822986,86.8030770556096,120.58646395110085,76.93829402478295,57.250224405620706,13.313523612637997,0.0
0.0,0.7035625,41.11554718017578,,,,-58.34111785888672,-11.237582206726074,272.3955600435726,1117.7191831285668,0.04011166840791702,0.0763750821352005,251.5529514877484,316.40055334950824,890.625,0.01708984375,0.004844934760485731,0.384,-478.8967862909429,73.06311320823139,124.28071475569841,63.10072647857264,61.669836750688845,11.693217527122153,0.0
0.0,0.6,31.538745880126953,,,,-44.51398849487305,-11.056326866149902,361.460088004295,1107.4982067021765,0.053713660687208176,0.08310817182064056,274.27648530065466,358.9469854900357,992.5986842105264,0.018246299342105265,0.0057211336798291025,0.288,-425.0215576485977,59.86924922657012,161.36376748007,48.127567050827636,59.24368797627148,12.87367911364443,0.0
0.0,0.8714375,36.56184387207031,,,,-54.137474060058594,-11.875431060791016,346.5968617419441,1116.4586640028363,0.03699269890785217,0.06417091935873032,277.1963999068256,366.0607748191328,1002.2321428571429,0.016427176339285716,0.004784541028951037,0.416,-450.3923422558105,53.325588503485136,126.01235127373828,45.99496653581738,58.49535027453079,15.297053970506852,0.0
0.0,0.47575,49.886940002441406,,,,-64.46906280517578,-8.864141464233398,287.6327619698094,930.9864045319479,0.104925237596035,0.1153968945145607,296.7152998470088,347.5398677702268,985.4166666666666,0.0171875,0.003084041479772659,0.352,-396.0098192148225,98.63719849259095,178.40086778838526,83.13433471032162,63.96284767095188,21.01323367146076,0.0
0.0,0.3038125,42.036991119384766,64.83720591437313,50.0,87.05505632961241,-53.1959228515625,-10.02763843536377,255.53501486049214,801.1496767142373,0.10435875505208969,0.11165768653154373,301.56940703740736,331.2037135502492,934.375,0.02197265625,0.004055968683065466,0.16,-381.82348576208403,93.6451791733072,206.35769695425387,74.79634328886327,61.71974093531226,24.834960095099433,0.5
0.0,0.8,42.9434928894043,75.2296088188902,50.58097201509612,97.71599684342459,-60.78327560424805,-13.363759994506836,328.9409811465486,1131.4478456114773,0.028111547231674194,0.055697858333587646,295.2165380350912,399.3867472444933,1172.4759615384614,0.015662560096153848,0.004741655326731823,0.416,-487.6793177605709,87.31330093640555,117.38895492100461,72.63097842545454,54.19896514184923,13.168985553974757,0.4230769230769231
0.0,0.72,48.73423767089844,,,,-64.58565521240234,-7.638068199157715,280.7503066191355,1077.402973889244,0.05702991038560867,0.11689890921115875,267.9742195737411,350.5205939090621,953.125,0.017195991847826088,0.004952283733635643,0.384,-444.4587770003946,78.48272819898023,90.632439560735,71.8439808583798,51.169459283122585,15.968316241221526,0.0
0.0,0.64,47.41508865356445,73.50482532271546,50.0,87.05505632961241,-61.73942565917969,-11.155914306640625,351.7353143982434,1143.8797317418578,0.03935355693101883,0.07808848470449448,266.9622130942351,368.01843618049367,1014.8809523809524,0.017903645833333332,0.005419143278257892,0.288,-491.79466624948935,87.91513540136624,113.79677516733906,74.85652775579464,54.49387983618697,11.828550038320923,0.42857142857142855
0.0,0.96,46.4109992980957,,,,-61.943607330322266,-10.615930557250977,361.9548535038047,1179.6037689468521,0.030857430770993233,0.07306507974863052,309.7117578251927,404.19880073720634,1228.8306451612902,0.01968876008064516,0.005233128724698862,0.512,-484.3589510518051,71.8268712695639,100.20492864301586,63.19092473399642,53.83129733727378,13.430927006516834,0.0
0.0,0.7360625,42.52833557128906,,,,-60.837501525878906,-11.636799812316895,329.0336763405632,875.7084342479591,0.08199018239974976,0.08150298148393631,296.06824480673805,354.68130880512825,1020.8333333333334,0.020060221354166668,0.00564508290951796,0.224,-413.298213610748,74.28479331935615,177.41576363276806,64.5641909064119,59.16469401369549,11.645952313656537,0.0
0.0,0.64,45.15642166137695,,,,-60.894447326660156,-9.705804824829102,373.4549628737432,1057.6480444246736,0.07799555361270905,0.11227872222661972,350.6080686857437,423.70034880111734,1274.5535714285713,0.027157738095238096,0.01653885392618916,0.288,-429.2302205011739,109.9807587545145,142.64339090613217,82.65639714861146,44.97110634005393,24.719658953469207,0.0
0.0,0.64,43.798545837402344,,,,-56.14726638793945,-10.293304443359375,369.4764057891035,1167.518673492204,0.044895756989717484,0.08686871826648712,297.8130616151854,410.7849153736409,1194.9404761904761,0.015904017857142856,0.0038845993323022884,0.384,-454.1630816139533,77.87072064744366,108.0196156921509,69.17258244177195,55.98843724262914,11.559205071630442,0.0
0.0,0.56,41.05381393432617,,,,-54.0595817565918,-11.631290435791016,289.9176904587892,1015.7080740840742,0.0556076318025589,0.08129595220088959,275.80683228492677,354.24010232964173,967.8819444444445,0.015353732638888888,0.0035926287176960294,0.32,-450.2804429813019,94.63328559900047,136.8814454786483,74.72354455483249,59.60092593167561,34.862726812450305,0.0
0.0,0.69025,47.27033233642578,,,,-59.842647552490234,-7.382896423339844,364.76058648402454,1051.4222624692834,0.07037517428398132,0.12691694498062134,267.10878715178063,343.51893167587787,911.9318181818181,0.017045454545454544,0.004906965058748394,0.384,-419.8712446603376,96.5024150514745,109.42888518891651,84.30396047779877,45.876467443661674,12.50111306173783,0.0
0.0,0.6,46.77897644042969,,,,-60.09151840209961,-7.314888954162598,280.889051000379,1136.0973531536708,0.08660270273685455,0.134659543633461,262.99208961477626,307.2070536025617,773.0263157894736,0.020250822368421052,0.0059346361117849755,0.32,-417.50677246098473,98.327626168282,137.88454423471245,82.58051516138862,60.21906694780182,16.024491597704188,0.0
0.0,0.52,45.97243881225586,,,,-58.4925651550293,-9.86035442352295,339.48376884495053,1025.2727931721938,0.07530149817466736,0.10101722180843353,306.8202704247728,378.9135190181733,967.8308823529412,0.021254595588235295,0.0046957434093947165,0.288,-414.9617024987666,93.1924498544585,154.16766369279176,73.5070722071866,55.365101964829094,21.064092581425243,0.0
0.0,0.4410625,46.78733444213867,,,,-61.25051498413086,-10.15632152557373,273.96027031526336,1009.4126726997281,0.07546388357877731,0.10193326324224472,307.7580257539162,356.11897249412044,1013.3928571428571,0.021693638392857144,0.005287093906706808,0.256,-425.01146980397476,105.79652334055531,170.20502630906594,83.04805943924933,57.28466832494032,25.578994381403906,0.0
0.0,0.5406875,41.84920883178711,,,,-55.9815673828125,-10.832576751708984,312.92266386817846,1075.9922227112204,0.07310444116592407,0.0908476784825325,345.8452342061606,436.656873611619,1227.0220588235295,0.021829044117647058,0.00789777944542325,0.256,-400.7503782852362,93.34332748756935,163.687121092589,70.88845845133572,41.82117720273015,26.017407099081915,0.0
0.0,0.431875,49.39918899536133,,,,-61.34587097167969,-8.501214027404785,259.79633345094976,956.0369332551567,0.08942897617816925,0.12771204113960266,324.0418220951594,405.6848756436074,1183.0357142857142,0.020368303571428572,0.004593213625322078,0.224,-401.2363950470514,108.16238712135032,149.07762044560724,87.85478116766741,50.16244863539358,20.01065922158223,0.0
0.0,0.5839375,45.40538787841797,,,,-60.51723861694336,-10.90350341796875,301.93729884482786,1051.4186118913524,0.06460379809141159,0.08149337768554688,357.4563179928797,443.50062773481295,1383.2236842105262,0.020250822368421052,0.0034248213916442606,0.288,-430.4173613598573,99.75049100364026,164.75620108311773,81.16418792867951,52.04391413018173,20.186765524339346,0.0
0.0,0.5294375,41.35307312011719,,,,-53.964073181152344,-8.456591606140137,232.8987957456817,884.962296459734,0.11078440397977829,0.12981250882148743,313.7945615216163,343.1949687329202,1042.2794117647059,0.02326516544117647,0.006915367820134278,0.288,-356.1797677618971,106.29415823583626,176.66666974930178,82.28668376341157,40.58960875593982,19.753621477257436,0.0
0.0,0.5375625,41.69513702392578,,,,-55.76311111450195,-11.502270698547363,330.4314854394846,1060.7171667599077,0.058483559638261795,0.07943541556596756,342.4854046659577,366.74991383179866,1064.3382352941176,0.027458639705882353,0.011103660640432523,0.32,-413.054007530212,81.79600427850818,186.3805462623137,61.63603315260909,40.24820364318263,20.893464067734826,0.0
0.0,0.59925,43.8082160949707,,,,-55.61935806274414,-10.117154121398926,375.1495929717374,1064.8874458466219,0.07220564037561417,0.10650858283042908,363.09610472449106,423.74359183262516,1319.078947368421,0.022923519736842105,0.0049529139418777145,0.384,-394.94621985049935,88.07639245843397,177.77913437832473,72.1199402790843,42.42350357345433,13.887781502634779,0.0
0.0,0.64,41.31243133544922,,,,-53.31073760986328,-8.54585075378418,343.32556468811816,995.356843272279,0.12896133959293365,0.1399531066417694,373.8851229953184,423.2171090440805,1220.982142857143,0.023995535714285716,0.006565324368940884,0.416,-348.0552642940723,104.08126163861574,199.5672207417406,80.23743646967739,39.11130910778871,21.75719677999023,0.0
0.0,0.4815,22.946489334106445,,,,-34.0333251953125,-9.714920997619629,332.1841179059123,1115.769304135287,0.09611234068870544,0.09429583698511124,306.53318028851623,386.2441986915036,1061.5234375,0.01959228515625,0.005091590634271029,0.256,-348.7820805730545,34.12400644048158,205.57900807986755,21.44745511950635,40.61305249131297,12.197668375406701,0.0
0.0,0.44,29.00282859802246,,,,-45.097694396972656,-12.27035140991211,329.20981883588615,994.4737180470817,0.062036775052547455,0.07646343857049942,337.0766402135485,377.3020738844825,1077.0089285714287,0.026715959821428572,0.006526051127902656,0.192,-375.9941415450938,54.08487529685537,196.50674300434122,43.756533485073795,43.59890185999193,7.927840966481048,0.0
0.0,0.352625,31.28539276123047,,,,-46.55622863769531,-11.346277236938477,246.08160671387336,986.2111532089491,0.09663766622543335,0.09466322511434555,333.7937563147383,400.23129710253255,1122.3958333333333,0.021484375,0.005524271728019903,0.192,-367.39498909978823,67.90006745506001,216.10915753824102,55.244212171854535,37.47309332231378,5.6042887875447045,0.0
0.0,0.407,43.36839294433594,,,,-54.49525451660156,-10.020475387573242,238.7535672954364,1048.7049848656577,0.07328973710536957,0.10601687431335449,319.8838160005902,406.3706088502459,1127.4038461538462,0.02110877403846154,0.005103752329165573,0.224,-408.94720769262045,97.43612486982512,164.1143597674575,77.9679505248844,47.71546361141069,16.152903583612183,0.0
0.0,0.4665,46.536521911621094,68.47761126710832,51.46511183217461,104.12621525348065,-57.8842887878418,-10.263998031616211,390.7255431224867,1035.1589699405397,0.07011270523071289,0.10413811355829239,390.177399586813,456.41063091407057,1297.9166666666667,0.027799479166666665,0.011139473214576347,0.224,-408.61840456641926,100.26157647520846,169.2638164801315,79.4001140801813,38.28896645336661,19.77362641852143,0.5333333333333333
0.0,0.4089375,26.78399085998535,,,,-40.11943054199219,-11.285744667053223,424.2868677641216,1074.7111048522304,0.07099524885416031,0.08598971366882324,361.60064365051596,402.4767768505833,1193.5096153846155,0.026517427884615384,0.009590115722901027,0.224,-367.9783036493299,75.74052769693043,214.41482676742964,51.808011202959165,29.91903225030819,24.060961677584903,0.0
0.0,0.4745,35.09300994873047,,,,-51.914825439453125,-11.28017807006836,397.9245142040829,1106.2778272899163,0.058868926018476486,0.08339619636535645,435.5763866954825,440.76528033104427,1325.0,0.0353515625,0.01474663268192875,0.288,-375.2119914044316,77.77381344793689,195.2675424242622,54.315406983953565,28.325570119953895,30.128333244082683,0.0
0.0,0.56,45.499149322509766,,,,-57.463382720947266,-9.874504089355469,455.58306967418724,1066.2915462032965,0.05280057713389397,0.09606485068798065,453.6866957082915,449.62302607755555,1304.6875,0.034125434027777776,0.025053416982029925,0.288,-414.21268451635416,64.00213310568206,147.33230139070466,57.535204577851545,37.94996673628839,23.05092484193002,0.0
0.0,0.56,44.66948699951172,,,,-60.326900482177734,-11.964612007141113,419.7611282935391,1070.7475061628504,0.044175464659929276,0.07576613128185272,351.10866398665894,399.99410784176155,1126.736111111111,0.022352430555555556,0.005455644570302315,0.256,-424.33201614604957,82.57576529306998,138.11097533312227,64.97163074427434,47.298841998786926,15.217056359544786,0.0
0.0,0.56,44.652183532714844,,,,-60.51918411254883,-10.438504219055176,426.19427064507386,1042.5097378411815,0.057343363761901855,0.0923595204949379,342.70936474136073,417.3705966054871,1142.361111111111,0.019911024305555556,0.003523135437294752,0.224,-433.93117778920805,96.90850193286434,148.80348028868082,77.32056301900401,46.84363467431167,12.219647194976664,0.0
0.0,0.52,42.85655975341797,,,,-55.08491134643555,-10.832534790039062,446.6249943772151,1110.685631992868,0.06060159206390381,0.08522911369800568,321.6216061969142,373.78301969029656,1044.1176470588234,0.021714154411764705,0.005787408570660008,0.256,-413.38688392517906,68.71715626161854,151.12410202583857,56.382500769947505,59.4631681509475,13.95687440843141,0.0
0.0,0.6,39.46393966674805,,,,-53.138702392578125,-11.773466110229492,393.6878811380086,1054.8520651443703,0.049578916281461716,0.07639927417039871,401.0633466742343,428.8574645556566,1375.0,0.03145559210526316,0.00883508002575064,0.32,-397.064816288146,91.26581556365451,181.0177605128939,67.62268470703701,37.64099897743863,18.32599030997167,0.0
0.0,0.56,46.11465835571289,,,,-57.63111877441406,-9.895023345947266,457.1003175333539,1059.0075247038728,0.07667074352502823,0.11011968553066254,439.03809454608444,469.229662459586,1414.0625,0.030924479166666668,0.013174548401593789,0.288,-384.12349072310496,96.68944851121145,183.47928767039332,75.13696283380138,29.6052543109296,19.991252847109855,0.0
0.0,0.64,36.39588165283203,,,,-51.393394470214844,-12.423768043518066,371.3555951698322,1078.7101253438727,0.06978172808885574,0.07751782983541489,413.68597081509273,444.4166783654641,1351.9345238095239,0.02683221726190476,0.010885471656376582,0.384,-376.6765984884637,97.4367222606267,193.59684350187825,69.48651500097729,30.163773495499612,28.339736564515484,0.0
0.0,0.505875,33.52451705932617,,,,-56.71626281738281,-11.728330612182617,340.98603569669535,1010.2461141749915,0.07205265015363693,0.07784328609704971,411.20027889014136,377.2824612611482,1164.0625,0.031494140625,0.012022531496333136,0.224,-372.89919983071775,80.71308636187817,206.17565083049215,60.01757712627309,31.852321892154453,25.987240761335677,0.0
0.0,0.64,42.76544952392578,92.47236916852485,72.78265914210937,119.60961217374037,-56.536476135253906,-9.370073318481445,419.24569821012153,1062.7837216375717,0.06815272569656372,0.10371126234531403,406.84175388120457,435.69153992790353,1235.1190476190477,0.028506324404761904,0.01766990714747264,0.32,-407.9072024176942,98.18904047174858,165.4312143086429,75.67762999142211,36.696376627021195,28.204341331544274,0.42857142857142855
0.0,0.492125,33.71868896484375,,,,-50.45703125,-13.342178344726562,383.72228285184536,1028.2492848950603,0.05304485931992531,0.0723564550280571,420.16792097993755,436.34047430986277,1207.03125,0.03173828125,0.015152461571467676,0.256,-396.6985647729989,83.2970674717901,185.7862844363724,64.02669235871238,34.94515928991662,27.638232396997118,0.0
0.0,0.88,42.928436279296875,,,,-58.79310989379883,-11.438003540039062,370.21988821342023,1028.6650534749126,0.04188599810004234,0.06890925765037537,305.94233073959924,366.34183702419705,1016.1830357142857,0.021030970982142856,0.007097409623456769,0.416,-452.9931157469753,81.23195767846958,134.84572768062864,70.25130878652651,53.73209680614203,24.146124949780962,0.0
0.0,0.6745625,44.174156188964844,87.38154710774282,70.30341458111748,109.68249796946259,-55.996646881103516,-10.49956226348877,411.6672028164832,1116.0608478200963,0.04330451413989067,0.08387318253517151,290.80745726658154,381.7160446559399,1001.4204545454545,0.01824396306818182,0.004832718566661236,0.384,-460.2672229677109,73.02527157168268,117.40208561275072,65.6006864456216,55.2008814483976,14.84185099074928,0.36363636363636365
0.0,0.5280625,45.51168441772461,,,,-56.098426818847656,-9.6573486328125,287.05157988906586,1008.2957878890616,0.08644314110279083,0.11609185487031937,286.1671983599105,370.7500563976402,975.1838235294117,0.016831341911764705,0.004996711679223951,0.32,-421.3327953575248,94.93266903471651,150.2562091827299,82.7729933622414,54.13907464689357,12.158414308895466,0.0
0.0,0.5393125,36.52899169921875,,,,-55.33558654785156,-13.95105266571045,360.72470391178877,1055.8385974467685,0.0702325701713562,0.06899631023406982,270.15023041061386,312.80917326685386,842.8308823529412,0.017980238970588234,0.004843115557986671,0.224,-428.76650911661847,63.41680315596412,181.51560407131328,55.68885126763085,58.32758777238938,18.59041455607297,0.0
0.0,0.7290625,30.39656639099121,,,,-47.926490783691406,-10.843036651611328,370.1713772195655,1047.8697695543308,0.056229617446660995,0.07763009518384933,314.0346727035923,349.13139325248784,1041.4402173913043,0.023989470108695652,0.011661381909695508,0.48,-403.07387927416386,68.06274253308939,174.09474947671157,53.12514129537301,58.40694076629386,18.63860170222389,0.0
0.0,0.64,36.908565521240234,,,,-53.70346450805664,-13.52255630493164,415.90915362461317,1062.425478988351,0.03380930423736572,0.05921795964241028,345.4116440926296,359.6725551374172,1049.107142857143,0.026274181547619048,0.010103460536419017,0.32,-441.4056445302115,63.78308366545669,171.8440552938205,50.525828872424775,55.951900064754966,12.956136656373273,0.0
0.0,0.52,42.27924346923828,,,,-53.95317840576172,-10.462565422058105,298.5429029214592,1043.2868978405672,0.06719537079334259,0.08923990279436111,265.70030081414905,315.9547704225249,855.6985294117648,0.019473805147058824,0.0052265346386922195,0.288,-408.50941134480354,80.73903241989542,151.65540147620302,65.06741194628185,65.81378716164654,21.03791016096332,0.0
0.0,0.72,45.90620422363281,,,,-61.05555725097656,-9.718256950378418,341.08761902964187,1035.1657586629126,0.05239742249250412,0.08936750143766403,290.1760203856698,354.2162570699247,967.3913043478261,0.020550271739130436,0.006896196105911216,0.416,-424.98003462894627,84.87660119931343,124.82599011215305,75.84139850058696,55.6320676651143,16.11964458389946,0.0
0.0,0.4150625,48.51709747314453,,,,-60.36672592163086,-8.416330337524414,357.0870105722134,1016.3099496530626,0.08979056775569916,0.12635713815689087,271.1687115842117,324.51250726570146,881.0096153846154,0.01893028846153846,0.0038022988986910343,0.224,-400.24410406371277,105.33332536452748,152.5150459176506,87.34170058645026,52.354041030269634,14.710773710036497,0.0
0.0,0.36,45.70991897583008,,,,-59.903358459472656,-12.516554832458496,378.06185405121613,1074.3863769640154,0.05583187937736511,0.08109917491674423,405.05329602667143,495.73917745263947,1410.15625,0.018147786458333332,0.007367044213057727,0.192,-432.881918399506,95.9260303114088,157.85691373101523,80.75986874757825,53.68026529010866,15.433568491188518,0.0
0.0,0.586125,38.157249450683594,53.22832082756747,50.0,60.85017568352955,-53.51630401611328,-12.24502182006836,389.07420682306923,877.2314855704029,0.05603902414441109,0.07900922745466232,383.6841613266678,402.26489888910595,1138.9802631578948,0.02816611842105263,0.012626979392006521,0.384,-408.1190311384971,84.68792130726824,203.30847089939553,67.63745532970302,38.2361888348711,23.43310087675188,0.21052631578947367
0.0,0.39675,26.84449005126953,,,,-40.33567810058594,-11.317538261413574,559.3043909082517,1111.1345142411249,0.06517613679170609,0.08799831569194794,430.6175868904654,517.7744312120134,1503.6057692307693,0.029972956730769232,0.01059008226559445,0.192,-351.4278602741625,67.22178009970347,210.3761212094067,49.15496485689123,20.655518776825485,14.929649154842679,0.0
0.0,0.47725,27.3671932220459,,,,-41.503662109375,-13.12885856628418,500.76734707039583,1090.136095265726,0.04505495727062225,0.06859587877988815,381.42781683760035,390.6435559080422,1197.9166666666667,0.0310546875,0.012966357397266428,0.256,-391.88657704546716,66.15823660712537,197.92227671998342,47.97162723608846,34.047126675070885,17.308875717428297,0.0
0.0,0.4400625,26.507171630859375,,,,-41.50849151611328,-13.91833782196045,405.6499945880143,986.8136243903864,0.05878152325749397,0.06584902107715607,344.0006961319173,410.42264403704183,1252.232142857143,0.019461495535714284,0.0057828933055141165,0.256,-375.5502977862361,75.2142173926444,202.38538373872575,54.06598494767588,30.154395862680698,16.44379268058856,0.0
0.0,0.6475,24.52957534790039,55.438418745976065,53.588673126814655,59.11788930135741,-38.07533645629883,-10.443367958068848,414.89036966654385,1089.6479882116912,0.057481374591588974,0.07923181354999542,352.96092130809984,432.3770955283161,1262.6488095238096,0.019391741071428572,0.005291540128933938,0.352,-374.3087778050813,54.25014558121609,196.93660521172876,43.816952304889384,36.568755246807754,8.084012084609272,0.38095238095238093
0.0,0.5810625,25.326745986938477,79.6318330321231,64.84197773255048,107.17734625362931,-47.699432373046875,-13.157661437988281,394.70572732022805,1190.8091185718624,0.04706699028611183,0.060506418347358704,316.63112921217487,408.6657333780362,1125.8223684210527,0.018811677631578948,0.006101445827200534,0.256,-398.53800681268626,66.66784849204569,181.36108019277742,50.260210066643246,46.07334541998404,17.831628082015285,0.9473684210526315
0.0,0.654,31.558523178100586,78.79794288812357,60.49970446096463,100.0,-47.2065315246582,-12.327314376831055,512.9636125196135,1182.3687412622533,0.04609142616391182,0.06422235816717148,337.1471885915897,442.4951233921574,1319.9404761904761,0.015764508928571428,0.005752100482167496,0.32,-405.83780317082676,53.84691797394138,169.21590928022096,47.592313574521604,39.12730205252109,11.558607242398717,0.9047619047619048
0.0,0.4,26.540077209472656,,,,-40.70227813720703,-12.078165054321289,409.4179973759151,1050.690073513422,0.07256606966257095,0.07707285135984421,362.188905444554,426.833343173992,1155.048076923077,0.024864783653846152,0.01207403745291658,0.256,-356.61419246864995,46.01310775408263,217.265754821042,35.09746413672509,42.75019215336445,14.57012461729675,0.0
0.0,0.48,40.59131622314453,,,,-54.78189468383789,-12.40455436706543,326.3688539342454,977.4884545784466,0.05093839019536972,0.07460881024599075,337.6456051306116,376.53182258035065,1105.46875,0.0245361328125,0.007444287640863929,0.256,-441.08503904202774,61.2166979345556,158.92990264503698,55.73078809246289,60.27739730841584,9.062602841418634,0.0
0.0,0.88,48.020843505859375,,,,-62.9920539855957,-11.824613571166992,388.69454413057383,1126.3234377675255,0.033202994614839554,0.06500145047903061,343.91503750878104,402.6440938593323,1205.9151785714287,0.0234375,0.00663364588614327,0.448,-503.3146527592368,67.60723330476316,119.48256447075774,63.16738254758945,59.6345654643471,16.982437170357265,0.0
0.0,0.48,42.905052185058594,,,,-58.135467529296875,-12.712926864624023,332.8510551646795,1064.6648522493563,0.06482179462909698,0.08176915347576141,293.54525709735515,367.41386070565346,1020.5078125,0.02197265625,0.005715185503281067,0.288,-463.83872364538894,63.29261915560561,152.59346694496304,61.50191909964275,69.42502713114976,14.809262762382561,0.0
0.0,0.72,46.00731658935547,,,,-60.88779067993164,-11.858301162719727,318.2697437690464,1103.2699362312505,0.03169868886470795,0.06956539303064346,298.2385641612307,361.1901872963495,1069.2934782608695,0.022588315217391304,0.006363505426572775,0.352,-493.464031916682,66.55653609545153,97.6409063119393,61.77475872376459,58.03883827440915,12.614755035611172,0.0
0.0,0.7076875,38.178714752197266,,,,-61.85531234741211,-14.260621070861816,302.3472154569727,898.2746042248509,0.029875636100769043,0.05149872601032257,331.3563949256953,364.3289924583263,1069.9728260869565,0.023819633152173912,0.006127384580913228,0.448,-466.22620295361884,72.79040233930216,173.32699687925566,61.11685651954127,52.15281434479788,16.875714903289666,0.0
0.0,0.7139375,45.04485321044922,57.27335557517215,56.775221453543864,58.43886242806228,-58.11908721923828,-9.413368225097656,299.05470339512476,1081.4493821136155,0.04534561559557915,0.09285137802362442,269.382056936156,327.17496002393096,889.945652173913,0.018597146739130436,0.003648036943615929,0.352,-460.84237655594274,61.94130895741614,89.47687994744015,63.03621717656783,55.7512284160353,19.790226757812864,0.17391304347826086
0.0,0.64,43.460960388183594,,,,-56.764198303222656,-10.653754234313965,358.4421253975045,1083.3351900243445,0.04226446896791458,0.08242563158273697,317.23470161104007,401.81240997386857,1175.595238095238,0.018415178571428572,0.002972555211029927,0.352,-455.5213694018461,65.18339712062122,112.77404056643597,60.08628265100943,59.464168670747995,10.455970105158546,0.0
0.0,0.6098125,38.324520111083984,,,,-50.67789077758789,-11.32852554321289,304.7413035024492,982.0998656453219,0.04195904731750488,0.07747085392475128,292.8136526095671,331.1102530322645,978.90625,0.019873046875,0.005270497950964695,0.352,-449.45361337892183,52.780860309754125,137.19746862870562,49.83317015399115,61.10976543963392,10.715629753342439,0.0
0.0,0.785,47.7303352355957,,,,-64.77281188964844,-12.10752010345459,369.4126145498811,1083.371165191199,0.04981640726327896,0.07154379040002823,318.5635822717222,302.0881141182508,891.875,0.027109375,0.007325025997180829,0.384,-439.26976989427436,69.53465272044168,166.09702413483828,63.412186395761815,63.42410769553956,16.23519050805801,0.0
0.0,0.5064375,41.7655029296875,,,,-56.15890884399414,-9.824274063110352,247.26269855225974,1072.1287736336449,0.056400418281555176,0.10001616179943085,252.96433235202926,292.4267188997239,754.8828125,0.02081298828125,0.0027989793671382083,0.256,-455.1876275545842,79.31683915499576,119.4841859163297,70.62737218337718,67.09950342335945,9.687023874299983,0.0
0.0,1.5014375,32.866416931152344,,,,-60.884098052978516,-15.306585311889648,488.5382850801356,1166.4269945908163,0.01349347922950983,0.034031469374895096,322.19888265279883,391.5436072805789,1209.4414893617022,0.01917802526595745,0.005987576642763638,0.576,-498.56731657695997,47.56191481359827,110.81344870140374,43.79548544667845,53.172468456908014,10.234156520359125,0.0
0.0,0.88,32.00556945800781,,,,-51.882179260253906,-15.766802787780762,470.70514642211185,1171.0760527693462,0.030008671805262566,0.037900328636169434,391.12502000716097,433.0999877097529,1381.6964285714287,0.027936662946428572,0.008121753445236211,0.384,-422.9832391998556,52.73740513369403,192.10016619952754,49.2218474674445,33.53178402407644,10.311861236523567,0.0
0.0,0.48,30.912179946899414,,,,-49.1324577331543,-12.870475769042969,403.74991527257407,1097.0795209535102,0.052828557789325714,0.06929607689380646,331.75197775733454,436.6124936578703,1237.3046875,0.019287109375,0.007172085362093936,0.256,-408.2143540898551,67.12700552601056,191.9974465481643,52.8887088164889,42.81114108691014,10.303847885928109,0.0
0.0,0.5329375,35.11494827270508,,,,-47.332759857177734,-9.325369834899902,434.29898038143403,1047.1885294963047,0.07151128351688385,0.10632927715778351,345.96527290884427,406.4045732594703,1144.3014705882354,0.02556295955882353,0.008501838235294119,0.32,-382.03184991038756,67.63546126676471,165.25576186606722,56.152371972600335,51.79979505178939,9.338972503675532,0.0
0.0,0.479375,28.874279022216797,,,,-40.825077056884766,-10.4487943649292,435.5630282212936,1116.152457198288,0.06662137806415558,0.09433409571647644,383.0407388295566,404.003859132377,1217.7083333333333,0.028059895833333334,0.007840661050689894,0.16,-367.099964439458,65.54242212142304,193.1010453749945,52.05840989802174,42.30936520118696,12.98219183181519,0.0
0.0,0.6,44.591758728027344,,,,-58.014102935791016,-10.62060260772705,374.70875251591224,1061.2995006924698,0.05152396485209465,0.09129270911216736,347.52622738630714,401.4927544960521,1231.907894736842,0.024002878289473683,0.004230903706261652,0.256,-433.69817468357036,81.73586042849958,128.2175289586928,70.31133084117906,50.85169723789611,11.988064438360658,0.0
0.0,1.04,38.57589340209961,,,,-54.88050079345703,-13.850852966308594,420.9268460287246,1085.5831401868868,0.03751714527606964,0.05777360498905182,332.7784207642926,404.3272472566841,1192.2348484848485,0.02109966856060606,0.004825895747083143,0.384,-460.21569351204704,68.65801466383363,143.36203292927442,61.01981792683466,53.713809903466796,8.090188038529561,0.0
0.0,0.73175,47.65153884887695,,,,-61.701297760009766,-12.979217529296875,395.20519795878823,1084.5895508193548,0.03890179470181465,0.06588588654994965,339.71712768435583,408.82889924281653,1233.016304347826,0.022163722826086956,0.004265833078330981,0.352,-470.92164755442514,83.16763135640512,130.40497204916488,76.31047875099118,55.34256592881508,11.954092406301788,0.0
0.0,0.458875,46.75891876220703,,,,-56.16380310058594,-8.77707576751709,338.92032257956595,1090.7471293696292,0.08636697381734848,0.12258350849151611,338.48595003777933,432.87472631616197,1226.0416666666667,0.020963541666666665,0.004125775916081995,0.192,-408.84839200423056,77.78697184850444,147.07443706651142,68.44602272700646,59.07307043523469,9.474803666812596,0.0
0.0,0.999375,48.65171813964844,,,,-66.01114654541016,-10.569452285766602,341.78206833576945,947.1830368964171,0.030417608097195625,0.07090139389038086,383.68873854261335,387.3431086234663,1218.26171875,0.02923583984375,0.012116208763119288,0.608,-467.40202781501955,86.03356820176315,117.78655852110765,71.94401300611688,46.26730835288964,21.330417302104067,0.0
0.0,0.32,42.13801574707031,,,,-59.903011322021484,-13.382349014282227,374.9535301528064,1057.4554217131688,0.05909312888979912,0.07609552145004272,376.0682424381157,451.7063218767972,1274.1477272727273,0.01970880681818182,0.007550863343382428,0.16,-411.0902360801114,57.20945442639638,170.39486097607153,52.96174308960938,46.59255565339607,16.711719254232154,0.0
0.0,0.4,34.21106719970703,,,,-46.11431884765625,-11.629476547241211,371.8727749271099,1127.5559534168108,0.07101793587207794,0.08762478828430176,335.64276078607367,435.45127136124063,1262.0192307692307,0.019831730769230768,0.006909424451662811,0.192,-387.42005900758534,74.64044697704361,179.22250888902994,58.64227262874221,50.183987292143485,16.67325387489443,0.0
0.0,0.4780625,36.92971420288086,,,,-50.891910552978516,-11.628377914428711,372.61611055641646,1103.6670643269872,0.05368940532207489,0.08256886154413223,304.2204305542887,378.63776593837116,1110.4166666666667,0.0185546875,0.005998775781140335,0.224,-424.45842402634935,74.84220924351733,148.21517867274895,61.24615289191028,53.85272442713719,13.592623237422462,0.0
0.0,0.5003125,39.19434356689453,,,,-53.640602111816406,-11.784307479858398,296.56218627675275,1188.8926609022215,0.05446503683924675,0.08016172796487808,257.9860053963281,353.2290903430615,957.03125,0.01617431640625,0.0032749214905508574,0.256,-431.5440393159503,78.16895049737592,127.68128038181834,66.57944356136625,54.08786216710796,11.27945116632562,0.0
0.0,0.48,41.89592742919922,,,,-56.59406661987305,-10.376201629638672,358.4866772477904,1105.7384041384619,0.061580151319503784,0.09592914581298828,288.88302205225045,393.0965232305597,1116.2109375,0.01446533203125,0.0038170158969127368,0.256,-429.6273864688612,87.1830176645566,136.0065075404369,70.14298266073682,48.18589504795049,11.854580800605468,0.0
0.0,0.52,24.328399658203125,,,,-40.373382568359375,-11.31235122680664,402.12077597843216,1199.36563110134,0.06102019175887108,0.07628490775823593,291.0996758653144,404.65537699411806,1136.9485294117646,0.01711856617647059,0.0041039915210229205,0.224,-388.7232924926558,40.85099732441026,170.28265925840597,35.97991864783032,53.76945419230313,7.835753684051649,0.0
0.0,0.468625,41.81525421142578,,,,-55.46331787109375,-10.641484260559082,386.94309436735057,996.7292958949843,0.05467469245195389,0.09439994394779205,347.84935558506976,410.00677744969755,1206.25,0.026106770833333334,0.00772630400997229,0.256,-413.9086189637639,84.49061120594202,163.89376778643452,64.09235413639114,47.38182800555036,21.460131930621042,0.0
0.0,0.415,25.178499221801758,,,,-46.03400802612305,-16.377273559570312,377.71828958193925,1010.0101449896482,0.05009325593709946,0.04668721556663513,366.88821359472087,433.3401195207321,1287.2596153846155,0.021935096153846152,0.005438826430257799,0.288,-376.09533308427586,67.3227525211437,214.02135292406246,43.18825888643929,27.64802272301527,26.942752550757476,0.0
0.0,0.5235,36.6141471862793,,,,-52.8440055847168,-11.502656936645508,423.7291802854841,986.0712636230816,0.05486200749874115,0.07925967872142792,367.88542587484426,443.3143388311878,1280.3308823529412,0.02556295955882353,0.007885653132305707,0.352,-405.86417772437045,77.5996541086677,193.0722734155796,60.14471640927049,41.77528191212641,16.362466701813368,0.0
0.0,0.542,33.632240295410156,,,,-46.153011322021484,-9.878527641296387,374.61657409008825,1113.7272768791122,0.05675757676362991,0.09558479487895966,348.76287009218555,414.9084715319718,1282.1691176470588,0.023782169117647058,0.015689282035483792,0.288,-403.8019654371417,58.82758834847094,147.47514408205197,47.66071662822853,51.85527681961759,12.988938586368072,0.0
0.0,0.3983125,31.43770408630371,,,,-49.11711120605469,-14.684610366821289,377.7842162364493,1135.7829218897148,0.037139441817998886,0.06285354495048523,370.0507934435898,480.0763728970561,1431.4903846153845,0.024188701923076924,0.008761088680208199,0.192,-424.68282226714496,61.61070625491112,167.42369625865098,44.315860049181225,38.367369100658465,14.380082533304188,0.0
0.0,0.46775,29.003999710083008,,,,-43.09000015258789,-13.786527633666992,517.8867180400998,1191.6884117251354,0.040497247129678726,0.06460316479206085,504.05443019357585,514.2220743395833,1547.9166666666667,0.03502604166666667,0.013398810783996736,0.256,-394.7759828346927,35.55476772057069,203.4221484165664,31.56303266813323,19.100819310335012,9.8638784603625,0.0
0.0,0.56,32.895301818847656,,,,-44.461334228515625,-10.342124938964844,351.5391995592236,1139.4893097059535,0.05539078265428543,0.08774346858263016,310.5731168011609,365.5475958319042,1067.7083333333333,0.021267361111111112,0.006723053851848814,0.224,-393.44781212664975,66.65320065538785,154.25419253607345,53.222678286777196,57.47112492834967,14.519028555847758,0.0
0.0,0.6,38.66410827636719,,,,-54.671630859375,-11.588669776916504,357.3584331645624,1066.982014771689,0.08227044343948364,0.08863837271928787,307.1925735194126,364.4966265795687,1038.6513157894738,0.018965871710526317,0.003910305633554735,0.192,-392.8406297927513,101.03375653369284,176.73888136572342,79.18366346330339,50.28982867704127,23.786405585047948,0.0
0.0,0.7585625,41.38237380981445,,,,-61.60670852661133,-13.744536399841309,334.3584867164556,1166.969325896848,0.030091186985373497,0.05519318953156471,348.1613681714498,414.9314954562806,1234.375,0.023640950520833332,0.009745173762306412,0.416,-469.52448727290806,81.32217804966626,143.66371361410143,66.56533538107513,46.78026169583706,20.844286838532486,0.0
0.0,0.5914375,38.426761627197266,,,,-55.41645431518555,-13.07300090789795,341.626562758336,1122.358169028368,0.05298200994729996,0.0645504742860794,295.66505612018943,380.7491231506099,1040.296052631579,0.018965871710526317,0.0062915887122119065,0.352,-433.07180469659005,67.03433694747831,174.4567908770113,57.79113145176185,48.78864856856554,15.223039195736803,0.0
0.0,0.688125,52.420711517333984,,,,-63.660301208496094,-9.934837341308594,339.7868776504891,1057.35563959564,0.06192396581172943,0.09638756513595581,345.74954492137937,440.4062194961812,1309.659090909091,0.020552201704545456,0.005052770722946863,0.416,-439.3302958759708,109.26474008982379,122.53426855854724,93.14582298152416,43.111160039056784,16.997746558759083,0.0
0.0,0.87075,42.40804672241211,60.72361742037128,51.46511183217461,71.53229662176292,-58.37874984741211,-12.305002212524414,344.30457426613555,1185.8566522622061,0.0405026450753212,0.06893037259578705,303.75796634242545,382.94942600007755,1127.232142857143,0.019566127232142856,0.0062064816121606015,0.512,-454.4867426651882,53.472625090851594,137.2237877572778,51.370997030087935,59.26809264919113,15.390554423354859,0.14285714285714285
0.0,0.44,35.44575500488281,,,,-49.8414421081543,-10.302099227905273,395.93004377633116,1041.4777790807434,0.07226477563381195,0.09711093455553055,308.4394527823535,403.1323264171845,1162.9464285714287,0.016531808035714284,0.0023479398269680295,0.256,-400.0262591936622,68.50253371718021,166.48132787022095,57.09581329452848,52.98429543481165,15.510759182954455,0.0
0.0,0.4050625,30.254785537719727,90.97372362192671,67.5174973084095,113.55044290708773,-47.29627990722656,-15.925634384155273,479.092751706217,1310.7732811531835,0.047502048313617706,0.058015983551740646,418.4407342218941,528.436077115312,1474.7596153846155,0.021484375,0.009272400315029732,0.224,-419.10035074926265,99.06316693470164,173.26636151558438,67.86520016530784,28.853755019864348,38.212214859763925,0.7692307692307693
0.0,0.4246875,25.649639129638672,,,,-40.21782302856445,-9.051386833190918,279.2604615009261,974.579717671413,0.10518282651901245,0.10746468603610992,307.7917180381424,376.9461934255067,1049.107142857143,0.020089285714285716,0.005925435430132618,0.224,-350.25549880067535,74.13175463929822,196.03705009984952,57.05212574168807,52.539162967497724,18.25675681501419,0.0
0.0,0.72,42.91469955444336,,,,-57.04772186279297,-9.753922462463379,338.8413198107448,1137.725094684292,0.04655088111758232,0.08807174861431122,301.2978073270659,380.77948800928993,1105.2989130434783,0.020592730978260868,0.005174804142462929,0.384,-443.4785966193382,80.32508958973543,125.90808394597506,65.40610695740482,56.90499533144843,14.99455701031439,0.0
0.0,0.6,42.904266357421875,,,,-55.763893127441406,-10.961240768432617,345.3615095805197,1115.7334604502491,0.042946141213178635,0.08243761211633682,302.1314391121797,381.14300553972095,1085.5263157894738,0.019788240131578948,0.005657519698115549,0.32,-428.31216115871297,71.64281322656933,129.60136650516964,60.753557138207675,55.89377215444112,13.182693145311273,0.0
0.0,0.52,33.87028503417969,,,,-47.05626678466797,-9.095413208007812,342.5811205964735,1156.4812783602795,0.06987275928258896,0.10470277070999146,269.5875100026835,377.3955452773201,977.9411764705883,0.01528033088235294,0.004046499601414596,0.288,-407.95091902873594,53.330267891213005,147.23444922429016,48.45577902986865,68.69049236749544,12.990900240972387,0.0
0.0,0.56,38.17240905761719,,,,-50.494022369384766,-9.96498966217041,295.0054028864036,1145.92162788097,0.07330627739429474,0.09065145254135132,269.1101106319795,357.7258195591836,967.8819444444445,0.016004774305555556,0.0035530847070383985,0.288,-414.0256627644874,60.798882086580704,147.13909531431565,55.46383580100769,65.07149669623914,13.609100809726714,0.0
0.0,0.678125,28.29189682006836,,,,-43.22416305541992,-10.702577590942383,331.0717554888907,1120.0482757022226,0.07319758832454681,0.0821593776345253,290.0015410965579,353.1535174502058,950.2840909090909,0.021129261363636364,0.008007300679067741,0.32,-394.0969507412634,43.885112690959325,168.97876891895928,36.53822040829386,59.86431546173673,14.202326468977999,0.0
0.0,0.7459375,30.93779754638672,,,,-45.354576110839844,-12.216941833496094,284.4057049351605,1143.2096122992887,0.05808059871196747,0.06929689645767212,240.2857258492747,323.0576771800083,815.1041666666666,0.017130533854166668,0.003916197931364479,0.416,-437.57167105461787,54.52302824205487,160.25936257048065,42.33710918686074,68.22231905527097,14.466625704783723,0.0
0.0,0.484,34.626869201660156,,,,-48.65498352050781,-11.1069917678833,363.872389850445,1058.559131120073,0.06188981980085373,0.08267231285572052,261.0391501628799,376.9717312290694,935.546875,0.01519775390625,0.0030681930487199234,0.32,-423.3043255251687,66.29232217749126,167.07541073742834,52.62203962176079,62.00907239904807,14.16716945080974,0.0
0.0,0.588125,44.04781723022461,,,,-54.488468170166016,-9.167719841003418,322.395975064545,1183.5864203911676,0.0528813861310482,0.10153400152921677,259.9691176892936,336.6895532193307,874.1776315789474,0.01655016447368421,0.005343911895793597,0.32,-431.0745154896036,69.1351663420891,116.30610821467805,62.31848957990947,64.12228895591626,14.313801694767077,0.0
0.0,0.5385625,43.58527755737305,,,,-56.754547119140625,-8.228767395019531,328.35739006198196,1074.0224283476728,0.0668596401810646,0.11694812774658203,281.26950884391204,360.34114583147806,1018.3823529411765,0.016831341911764705,0.003812192100881677,0.352,-428.67354390167213,64.71397206010607,126.16203830704195,58.08403651005889,61.368801537037996,12.063696883922537,0.0
0.0,0.6,45.722328186035156,82.32389228382794,57.76763484361365,112.89644048061314,-58.071712493896484,-9.104211807250977,240.747577500471,991.6194385582726,0.09227203577756882,0.12502434849739075,215.7587708545718,267.4371687013551,676.8092105263158,0.013877467105263159,0.0028792071492929516,0.352,-427.5635975719664,97.0726990528805,133.7258804821248,79.17261066065987,60.9513222606548,21.994023147383274,0.9473684210526315
0.0,0.55325,47.388572692871094,,,,-60.791263580322266,-7.1411638259887695,295.8087935665773,1077.343356756918,0.09635313600301743,0.14062607288360596,285.8428848733263,346.4940284565582,923.6111111111111,0.018934461805555556,0.003241162550183126,0.32,-412.5191360562612,99.45429425541246,135.8567242577514,85.7808844069494,56.4262971391659,16.070256958031038,0.0
0.0,0.8089375,46.960296630859375,,,,-64.48907470703125,-8.155587196350098,329.54997433520236,986.2542871391184,0.05245392769575119,0.1012517586350441,332.34432587485855,378.2713434055571,1123.1971153846155,0.021897536057692308,0.005733914978618288,0.48,-406.2215798453978,76.40030569825072,142.8172057336704,64.65025327054883,49.19551415504444,15.307503047664595,0.0
0.0,0.701875,40.99384307861328,102.72415061625391,90.12504626108301,119.60961217374037,-55.104827880859375,-10.98511791229248,323.7390501185025,1135.121253902827,0.039962805807590485,0.07882468402385712,246.67482618397017,314.74951227751785,884.9431818181819,0.016734730113636364,0.00384242349188312,0.352,-465.0847485674692,72.40921631552605,122.61010772227097,58.69320079001048,58.782773358746184,12.701024756280479,0.18181818181818182
0.0,0.84,37.12398147583008,88.20708596875937,75.34933407372878,98.2820598545251,-52.57528305053711,-11.419548988342285,332.3891591861099,1021.7334668802288,0.05534201115369797,0.07490899413824081,270.85887391185133,345.4569286525823,955.4398148148148,0.016999421296296297,0.004417652805841675,0.448,-423.0040819334194,63.03890733247179,155.66435851988146,51.03068994860129,59.63591052522835,14.949176805591664,0.2962962962962963
1.0,1.3358125,33.7614631652832,206.45631563616234,73.62835290502629,273.20805135087915,-43.38623809814453,-3.223672389984131,394.96479969609436,1030.6634316132556,0.28520283102989197,0.25207939743995667,529.1595245013416,451.223565490871,1494.419642857143,0.040318080357142856,0.009309194313455818,0.736,-219.6651032170931,100.11685202599755,218.6139486014189,66.0172603453128,-1.5603811049451901,31.10136087521054,0.7142857142857143
1.0,1.4336875,26.64089012145996,252.64372437115554,215.59643660857103,282.842712474619,-44.587005615234375,-3.9137015342712402,354.69996261268835,953.8980877042914,0.3005429804325104,0.2062980979681015,547.9608970804632,433.5949773605478,1451.0416666666667,0.03734809027777778,0.00900029621238583,1.056,-205.9312397955346,81.96959457268703,212.07660577593347,51.70328056626853,-9.007235136509461,36.29422799264786,0.7333333333333333
1.0,1.133375,26.177196502685547,225.14697437939557,91.17224885582168,270.06998923363795,-34.88239288330078,-3.631340503692627,332.23250991858066,933.2284098831436,0.3458770215511322,0.22802037000656128,512.9250217352287,426.7996438033417,1422.3090277777778,0.037896050347222224,0.00812766086809789,0.768,-198.25358585756575,86.5397963063841,236.83334593989508,54.00420395425989,-4.012370191915957,34.06270921844639,0.6944444444444444
1.0,1.173875,27.88780403137207,258.5521560184479,213.12010032569688,299.66141537533633,-33.20043182373047,-3.691138982772827,342.9193388364029,964.745028526434,0.34989994764328003,0.23626737296581268,512.1253550464804,433.48025654902517,1472.972972972973,0.037267736486486486,0.008092893467410751,0.832,-195.89947006917018,83.18350373299886,232.83240064547817,54.09619294717476,-2.225421883875034,29.341958349494504,0.7297297297297297
1.0,1.1298125,25.94550132751465,212.22584871124428,84.08964152537145,274.79072949161787,-32.5836296081543,-3.4976038932800293,373.5408500107753,1001.2008263717003,0.32473480701446533,0.23118700087070465,554.6548150123614,465.355586920618,1595.0520833333333,0.03968641493055555,0.014140785319933362,0.8,-201.74728587948357,81.73276046683655,223.73884884106116,51.78869508256822,-7.223289592410314,33.64207405732921,0.8611111111111112
1.0,1.273375,25.786714553833008,221.8779312061844,77.55723809168673,270.06998923363795,-33.35742950439453,-3.271195411682129,351.3128237168675,965.3937374586803,0.3923358917236328,0.25283607840538025,505.2872102651498,421.4386342146977,1434.765625,0.03525390625,0.006557528111015447,0.544,-184.5321470180345,88.5062747576152,239.23176945199708,52.94383727427767,-3.040200256016878,37.2839452025469,0.95
1.0,2.099875,32.298343658447266,153.84340462823334,65.9753955386447,266.96797083400685,-43.16114044189453,-4.059632301330566,360.65306462807666,1020.200184337568,0.18481610715389252,0.21813565492630005,471.2077778987835,401.05918354000823,1346.590909090909,0.037212949810606064,0.009675138292852535,1.44,-268.3657464156697,90.63856010722726,187.33472097035838,55.6457150940844,14.358690521040518,37.98786000481593,0.9848484848484849
1.0,1.9135,47.861671447753906,207.1493459147061,58.77739531418044,296.2195104573129,-62.16630935668945,-4.0831618309021,333.64981310212676,960.3636344642838,0.20514702796936035,0.2174258828163147,531.804833191712,423.670667961209,1394.0104166666667,0.043717447916666666,0.011560848450343884,1.184,-263.44960725010844,113.66762128671118,189.46464392151768,78.86135371502463,3.054071799155648,34.68578744879882,0.75
1.0,1.8915625,34.17210388183594,211.77094921819298,85.06671609508557,251.98420997897463,-47.87000274658203,-4.657301425933838,467.64666425249425,1018.5508936924122,0.23290926218032837,0.19065140187740326,677.368368759113,445.6116561893501,1550.5208333333333,0.06140950520833333,0.02082017483008672,1.248,-224.10553547312335,103.00793954709273,203.1635419488346,56.66535177656891,-23.9789136173029,52.181241038675296,0.8666666666666667
1.0,1.883375,24.007095336914062,163.10755241672044,82.16903145857903,241.99881784385852,-31.011974334716797,-4.898053169250488,428.50205350091255,1046.816404841442,0.22485174238681793,0.19549018144607544,547.1567616687704,414.4606338383115,1419.2266949152543,0.046841896186440676,0.017071476492755158,1.344,-227.03438939930297,89.75364765593024,222.54355884418428,46.25874988781554,-3.2814714103194285,51.052174906435255,0.7966101694915254
1.0,4.47375,34.901947021484375,240.48144337011954,68.69768237290445,299.66141537533633,-58.19550323486328,-7.229149341583252,386.74272239902115,972.072321249475,0.1900743544101715,0.15085650980472565,598.6482245847079,429.9932210431431,1477.6785714285713,0.04810965401785714,0.017860536252893612,1.088,-244.13094908425208,116.31887294221814,219.3119917376793,66.76604822071955,-17.60437339242597,51.331031823425825,0.8285714285714286
1.0,2.0631875,38.91249084472656,204.70758098664461,58.43886242806228,289.4538474880756,-57.58938217163086,-3.9907827377319336,353.4587023840756,930.9957336708222,0.2386796474456787,0.2229357212781906,546.6167511873831,418.5978013896153,1376.4423076923076,0.04176682692307692,0.011614077338539348,0.992,-243.5721407266785,113.22362365110072,207.93300756205298,66.19690794848793,-4.036678311036761,50.81892257987014,0.9230769230769231
1.0,2.3548125,37.5791015625,192.26440526517493,59.11788930135741,277.98364396846745,-54.997840881347656,-4.429973602294922,346.294288392623,940.0954790463666,0.2131706178188324,0.21483448147773743,517.0142032297506,412.66031191603474,1367.820945945946,0.04035578547297297,0.01421815623001413,1.472,-252.7593328481731,112.82085034505494,198.34180149683826,66.50935310404022,4.053771250325181,48.87341838516571,0.9594594594594594
1.0,2.0991875,34.75339126586914,203.87635983366528,69.0956439983888,262.38162088748976,-45.62971496582031,-3.501833915710449,347.863864969987,931.7832448391563,0.21560458838939667,0.19905564188957214,516.749681831129,412.72713417673003,1353.6931818181818,0.038411458333333336,0.013885112210440073,1.344,-254.25315957634027,90.84107428417553,173.31455297279217,55.46962984167663,5.621867014874563,47.50917144321036,0.9545454545454546
1.0,2.546625,36.66092300415039,176.07604798046387,52.063107626740326,284.4812036394563,-50.55480194091797,-4.100967884063721,337.6505512671401,954.2030045577343,0.1756441295146942,0.21108226478099823,519.4791332384544,424.05988549062585,1387.6953125,0.03897705078125,0.013618752954770696,1.376,-260.76815688859733,98.8069373383041,190.0085046122552,60.042368386839655,5.824057724910853,39.733302500992735,0.975
1.0,1.705375,25.71343231201172,217.98273106619774,72.78265914210937,274.79072949161787,-38.32816696166992,-3.68428373336792,344.92559570109256,945.3443791110495,0.2634286880493164,0.2157154083251953,497.69572679709404,389.6739261194799,1257.8125,0.03537326388888889,0.007961777920071243,0.96,-230.83199300798134,91.21580996432509,211.02218076694018,48.82176866655982,5.176420743532477,50.24984981625559,0.8888888888888888
1.0,1.7581875,29.041866302490234,180.401546585052,71.53229662176292,259.3679109302019,-37.84436798095703,-3.868892192840576,389.190837573686,980.433927423625,0.276233971118927,0.2311842143535614,560.6848162761028,439.767580390557,1456.25,0.041015625,0.009744294887164046,1.28,-208.6335505000015,92.75074309437424,222.82081375437485,53.71724284563707,-8.407381458057314,40.917599125755,0.8363636363636363
1.0,9.5814375,38.87332534790039,232.35765527218192,60.49970446096463,470.2191625134435,-66.26519012451172,-8.029528617858887,408.9981228381542,919.8654498181189,0.14514008164405823,0.1056547537446022,642.1128077458967,440.5246032404489,1525.0,0.057509765625,0.017399206082000854,0.8,-249.31340333377346,102.3551996991033,218.9373508541509,61.403302177433986,-22.277589976894685,42.43133733546198,0.41333333333333333
1.0,2.788875,26.351585388183594,139.88608871324243,63.36098491435311,266.96797083400685,-35.566070556640625,-4.824573040008545,398.04398284920836,1007.2452978782461,0.17675627768039703,0.18983939290046692,568.2086858633494,450.4167880358444,1482.9545454545455,0.04966042258522727,0.014970086479308507,1.888,-235.36781688053205,80.13720485598496,211.3940493824267,43.43158222373616,-3.9920151305218226,40.112930725521835,0.8409090909090909
1.0,2.5906875,30.52079200744629,130.2166573703257,66.35758711692841,289.4538474880756,-40.58336639404297,-3.916053295135498,391.1261174555675,1049.0275554911539,0.15864628553390503,0.2003897726535797,501.6432025746857,445.6089676128709,1498.4567901234568,0.037290219907407406,0.013202322330178349,1.92,-266.9335429135977,88.287914879943,191.46740522039403,53.382116294391075,2.875132961926901,34.87523494009088,0.9135802469135802
1.0,2.024875,35.422691345214844,189.83170560883303,71.53229662176292,310.2289523667469,-49.719078063964844,-3.934523582458496,395.4986082301718,1044.1051346489996,0.23364096879959106,0.22337888181209564,579.0609588780057,463.5417589080457,1529.78515625,0.0433349609375,0.012083727841130534,1.408,-232.30030990008663,102.40996862609455,208.4474795924711,59.598427111134114,-7.748755526890815,46.56857333718302,0.9375
1.0,1.914125,35.6821403503418,211.03836289632417,64.84197773255048,282.842712474619,-58.37631607055664,-4.159282684326172,399.3902081029085,951.2422432202569,0.263530433177948,0.22591844201087952,545.7225281592388,423.42329641010593,1436.71875,0.043538411458333336,0.014659600419651283,1.408,-227.11877733337218,108.52736255699028,221.6884412280402,63.96142330294225,-5.634166134698181,46.55199278517113,0.9166666666666666
1.0,2.679875,38.66474914550781,170.9832940716152,62.27248111794115,284.4812036394563,-52.37579345703125,-4.274964809417725,350.76962344493086,957.6204452708062,0.1614745855331421,0.20709538459777832,520.8695168163549,423.74505393683404,1406.6220238095239,0.039248511904761904,0.010547516754353083,1.664,-276.3196850769961,97.85182617023025,177.75917406796256,60.85622365582852,8.435399878038023,38.868363346078745,0.9642857142857143
1.0,1.79725,33.72223663330078,216.31404508884177,71.53229662176292,282.842712474619,-46.568294525146484,-4.091071605682373,386.51157096578635,1004.2272027502826,0.2414134442806244,0.21914498507976532,532.0992527727443,429.4053483654879,1443.530701754386,0.03788034539473684,0.010686340641899238,0.96,-236.45015311779213,100.00067534428304,197.4618332838027,60.085514846551725,2.655248956915257,47.376604112284554,0.9473684210526315
1.0,1.5664375,30.804014205932617,222.1954341020196,76.2248511627881,270.06998923363795,-38.376346588134766,-3.957409620285034,315.9897473410686,1006.4569911167373,0.2643701434135437,0.22618183493614197,466.3610720554143,395.02096515674356,1314.4132653061224,0.031190210459183673,0.003942988129651951,0.96,-240.95846081889803,95.07837763524144,189.51758578830908,59.870289217730445,10.674325584257476,40.63307417884349,0.9591836734693877
1.0,1.370375,22.568443298339844,298.46295462279437,96.03729450510042,459.47934199881405,-32.61570358276367,-4.084002494812012,458.83720108615233,1080.6513475487382,0.2642594575881958,0.2034938782453537,624.9189972472393,432.5453088064211,1528.343023255814,0.048782703488372096,0.01348231053224215,0.992,-224.56584422352415,75.81743871301576,205.1294858818141,39.413059944592206,-18.088604155545625,48.97627321766596,0.8837209302325582
1.0,1.9801875,31.205524444580078,86.77013577039465,71.946679000541,117.55479062836088,-43.54485321044922,-4.128960609436035,357.38253150109193,892.7846615176427,0.2615516483783722,0.22596246004104614,526.7176610404817,394.2722730451598,1349.7983870967741,0.04596144153225806,0.01680312933722232,1.28,-231.2393077273843,112.4159476390721,230.5041269652706,62.38807042991486,-5.504542178258187,52.1466450122937,0.1935483870967742
1.0,2.126125,35.631935119628906,189.53753642000606,67.90862219136606,277.98364396846745,-43.01197052001953,-3.994314670562744,361.7974124843501,955.7143246609331,0.23591193556785583,0.2263876348733902,551.912600665156,424.9193272937584,1401.5858208955224,0.041613222947761194,0.0125458235823899,1.184,-241.42886091052569,106.00019325190705,210.10004013857653,61.70286207014416,-5.4915147027666755,47.88646966590085,0.7910447761194029
1.0,1.7044375,31.088626861572266,225.44040105770011,66.35758711692841,282.842712474619,-51.31484603881836,-4.331834316253662,369.21551052129297,972.6149674864943,0.2959122657775879,0.19738642871379852,575.2992970232214,441.3089271155985,1434.3171296296296,0.04016565393518518,0.013756925715587781,1.216,-208.90386307956908,97.38369699393058,221.17420754658525,54.629727564404234,-17.305646774635992,50.11359513146604,0.8888888888888888
1.0,1.7360625,29.36356544494629,217.04937439550838,71.946679000541,270.06998923363795,-42.907772064208984,-3.3587141036987305,352.31484867469675,925.9254258573046,0.21921592950820923,0.1893228441476822,524.3612969816196,407.93697414239676,1340.625,0.04019886363636364,0.01337798426594071,1.248,-247.30447223676396,84.40037377833738,197.83456853705968,45.50462641161938,3.9398461614034224,49.16657882368641,0.8909090909090909
1.0,2.3045,35.86903381347656,180.8992935926527,61.557220667245815,281.2136583244699,-50.100547790527344,-4.081760406494141,358.51360478714406,981.3181636352632,0.21080563962459564,0.21641060709953308,531.8373609011991,437.2089825090391,1434.0753424657535,0.038380244006849314,0.009518607669230886,1.376,-251.27100668860749,99.9334256622847,202.37811861059868,60.57780041840967,-0.6298001901010535,41.52936148455331,0.9315068493150684
1.0,2.998625,48.361175537109375,190.22006354689665,64.84197773255048,296.2195104573129,-56.18011474609375,-4.480868816375732,354.8122504672394,899.1283009452369,0.17284438014030457,0.2018846869468689,518.9700042837545,427.82044193662074,1442.8191489361702,0.037389876994680854,0.0118287226353959,1.696,-277.8440686094028,119.31188774630303,179.15088182619536,75.11343026307443,8.079445926940839,47.78893731566767,0.8191489361702128
1.0,1.8544375,31.348522186279297,241.65926064071886,110.95694720678449,287.786716002164,-40.4025993347168,-3.403390645980835,383.40697606131874,990.7132576576345,0.26267895102500916,0.21111495792865753,550.5834140324017,416.3133732959491,1418.6422413793102,0.03840584590517242,0.007302045123914103,1.216,-227.4864996311258,94.0108798441215,199.23675971556017,54.11514347680128,-6.278969583181164,47.53266066564819,0.9137931034482759
0.0,0.9399375,16.358837127685547,76.31994672295636,65.59540522187244,82.16903145857903,-40.13671112060547,-14.70545768737793,389.57712302388046,1008.1539459385928,0.11982548236846924,0.042853426188230515,520.1043405232871,486.6389907112934,1552.0833333333333,0.0419921875,0.022691860932317,0.832,-288.2448397284952,43.913860390633936,258.2690485317362,22.903647862972974,-27.08119501712034,24.85896502687684,0.9666666666666667
0.0,0.9399375,16.358837127685547,76.31994672295636,65.59540522187244,82.16903145857903,-40.13671112060547,-14.70545768737793,389.57712302388046,1008.1539459385928,0.11982548236846924,0.042853426188230515,520.1043405232871,486.6389907112934,1552.0833333333333,0.0419921875,0.022691860932317,0.832,-288.2448397284952,43.913860390633936,258.2690485317362,22.903647862972974,-27.08119501712034,24.85896502687684,0.9666666666666667
0.0,1.455,23.358945846557617,72.51321559216727,51.16869459983875,77.55723809168673,-47.3518180847168,-9.459432601928711,350.5135454578185,1135.0204067893521,0.19735528528690338,0.0932309627532959,583.313949391479,531.7253878902128,1605.2989130434783,0.038595448369565216,0.008285754887716917,0.704,-214.6497969226671,59.669133054458534,247.81029396575224,34.63403769597173,-34.55111296455293,26.1562609443411,0.9347826086956522
0.0,1.1108125,15.471116065979004,81.41189028146417,67.5174973084095,93.84379966711431,-33.29825973510742,-11.964277267456055,324.77647421385427,972.8266282590562,0.15303386747837067,0.05335644632577896,515.9138632962756,451.5610809700799,1404.017857142857,0.03959263392857143,0.01136544915568773,0.32,-255.39559218751236,35.37715485785963,247.1870218177029,22.77373746972806,-22.289162395541457,14.342508929216388,0.9714285714285714
0.0,0.9879375,15.137356758117676,71.21047985743643,57.76763484361365,74.91535384383408,-33.2008171081543,-12.511543273925781,431.1817282134765,997.0141785459672,0.15140482783317566,0.06304918974637985,595.9606174422638,507.03001638748435,1626.008064516129,0.055853074596774195,0.01539375600358922,0.448,-246.65893849326642,34.15308228642636,269.9258244261413,27.229421010429387,-32.07692427836335,20.39095856959308,0.8064516129032258
0.0,1.239625,19.619918823242188,77.73644634914965,63.36098491435311,82.16903145857903,-38.90904235839844,-12.852605819702148,383.2317699290188,1050.6279614773164,0.1293967366218567,0.06162535399198532,578.3035039131368,480.770886413274,1486.7788461538462,0.05561398237179487,0.0168956800403248,0.8,-266.50269133010454,55.628151353380744,257.4125555461126,27.30973758549337,-35.496694532241996,31.301967205980365,0.8205128205128205
0.0,1.2831875,13.167363166809082,74.55025364528873,56.775221453543864,77.11054127039704,-36.493534088134766,-14.566675186157227,452.58495654096015,1164.4464737069002,0.12124661356210709,0.051553256809711456,478.2228361593481,490.56235110776703,1570.8841463414635,0.03889576981707317,0.009824760073148801,0.832,-289.18213846285255,28.766335818606567,246.5595934293558,32.74560600484895,-6.046091489620231,16.039779836984135,0.975609756097561
0.0,1.802,30.1558780670166,74.71455445954182,51.16869459983875,79.829838635665,-48.67061996459961,-12.603521347045898,329.2481934303346,976.659618700353,0.11190292239189148,0.08038568496704102,510.94565557074213,474.4601303823468,1476.4254385964912,0.04173519736842105,0.015459788135022927,1.12,-309.2854247969506,73.21086399669704,226.29907717991756,49.09815394774897,-6.059032758170969,26.153585732065935,0.7017543859649122
0.0,1.03625,19.315889358520508,71.38566549904145,52.97315471796477,76.2248511627881,-34.65525436401367,-10.83154296875,408.8149818961345,1009.6815717819333,0.15903040766716003,0.09012681990861893,559.9365287172418,493.1979948687721,1557.2916666666667,0.045928030303030304,0.016007764464852588,0.32,-242.10704917690535,35.60383132844229,257.7906577187745,26.805411598036308,-19.36218349214291,13.196270409434653,0.7575757575757576
0.0,1.702125,25.018674850463867,78.74489972088503,53.899109152142756,84.08964152537145,-42.99482727050781,-12.809113502502441,320.24749977722485,1055.5290119423107,0.13472460210323334,0.074851855635643,471.77169902370747,472.03040333331313,1458.0439814814815,0.035951967592592594,0.012719042317317967,0.896,-292.40217576535775,41.77970192135877,235.20628448570628,22.122519842855052,-15.033660008856476,19.292106793012387,0.9814814814814815
0.0,1.215375,11.863357543945312,81.00876591365758,56.775221453543864,83.12378961427878,-30.84744644165039,-12.355509757995605,346.97816594455054,953.1797895848027,0.16945038735866547,0.061161525547504425,563.6840593042764,438.72328781983686,1422.6973684210527,0.061446340460526314,0.026628009882350416,0.736,-256.2017157630639,37.30836032596948,261.7258054308084,14.155896545944758,-27.84962998214559,32.413827244073495,0.868421052631579
0.0,1.3495,15.646184921264648,74.59469671399758,50.58097201509612,79.829838635665,-35.27117919921875,-12.90367317199707,337.7512932778446,1026.8824105428587,0.14179259538650513,0.05675187334418297,538.2674366333296,468.18144769691156,1425.1453488372092,0.04603470203488372,0.013646840067133528,0.736,-266.8783573064332,34.43859161044381,254.11181532835698,18.574134657667038,-29.075694990542765,18.95074084176097,0.9302325581395349
0.0,1.8503125,18.66625213623047,70.4875858301321,50.87398460513432,74.48387315613512,-43.437110900878906,-16.18036651611328,417.7199103721468,1010.5655965996251,0.10321631282567978,0.039970606565475464,574.5467992733991,462.5374740527797,1420.2586206896551,0.05051185344827586,0.013635497883040183,0.96,-290.03766768656277,50.2869624951423,269.46720534093697,25.362161942408864,-35.95425005422288,25.769565844621336,0.9827586206896551
0.0,1.802,30.1558780670166,74.71455445954182,51.16869459983875,79.829838635665,-48.67061996459961,-12.603521347045898,329.2481934303346,976.659618700353,0.11190292239189148,0.08038568496704102,510.94565557074213,474.4601303823468,1476.4254385964912,0.04173519736842105,0.015459788135022927,1.12,-309.2854247969506,73.21086399669704,226.29907717991756,49.09815394774897,-6.059032758170969,26.153585732065935,0.7017543859649122
0.0,1.6205625,24.4156551361084,73.62546565792597,56.12310241546865,78.45840978967507,-50.04907989501953,-15.126989364624023,373.48503093278714,1045.6883779834552,0.11276097595691681,0.05378968268632889,579.0197731691478,478.48105476500024,1454.3504901960785,0.05376838235294118,0.014440041012636948,0.8,-289.3171658855756,59.89206918424908,266.1432446735075,34.30994507383613,-36.82309130087206,26.248533307526554,0.8235294117647058
0.0,1.4776875,22.221546173095703,74.96382609852795,58.77739531418044,81.22523963562355,-33.24345779418945,-4.860081195831299,436.0008673018844,1071.6319390693488,0.17441147565841675,0.12558963894844055,592.6314909083524,502.91511410802093,1571.8085106382978,0.054022606382978726,0.009848605195391881,0.384,-208.97087387334184,44.78584668067853,255.4050554147948,30.46295402122092,-29.61558199089279,12.143182936189165,0.7659574468085106
0.0,1.3066875,14.787820816040039,81.49361059620092,62.27248111794115,87.55936114058852,-36.02240753173828,-13.470863342285156,458.87412672238776,1093.999726065117,0.1212836354970932,0.05604042485356331,649.4138215330948,516.5304837778239,1589.939024390244,0.05918921493902439,0.024495270853940317,0.704,-249.0056137580457,47.46640771858699,248.5967954174086,20.107526143919817,-38.57814818969074,30.9930884847185,0.8292682926829268
0.0,1.1936875,18.23155975341797,73.4566124372398,61.91381801887202,77.11054127039704,-36.58282470703125,-11.02957534790039,363.9169674509471,1027.6193476800167,0.14183126389980316,0.07811728119850159,529.9328876839085,481.6892707967639,1501.6447368421052,0.044022409539473686,0.012069811772510274,0.512,-253.30612058475518,45.345124669452254,238.45235653607477,24.967986943244128,-15.644359724303225,26.579207025149973,0.9736842105263158
0.0,1.6183125,30.12140464782715,72.17902794113898,53.899109152142756,77.11054127039704,-45.29312515258789,-10.466667175292969,337.0935850928087,1068.5512322171119,0.11760736256837845,0.08606594055891037,518.8722804471404,475.2990566867391,1475.1838235294117,0.042777267156862746,0.013343812724838101,0.96,-278.3962178271214,47.86718047760715,218.52555695602706,31.62819909331275,-9.483961463155223,16.626748475133702,0.9411764705882353
0.0,1.57825,30.76397132873535,71.38877174245741,50.58097201509612,76.2248511627881,-51.63775634765625,-14.802684783935547,363.59780976920985,1076.0046764347212,0.10053526610136032,0.06283094733953476,516.9173011373169,452.3347132994183,1413.4375,0.041875,0.00950359396964347,1.12,-308.2014994196245,73.19295586856438,241.27732438801115,43.975487568234534,-11.959317983125517,27.277548396722672,0.8
0.0,1.57825,28.510990142822266,71.11149652559949,55.79985713151117,74.48387315613512,-44.66363525390625,-10.774582862854004,329.8394828407661,987.7194790039408,0.14739029109477997,0.0962420105934143,458.0994939674588,426.2596273872392,1370.9375,0.035390625,0.010637917239907677,0.768,-290.55657105787867,40.7124178206169,234.60691217191237,29.00387625892893,2.349619524884929,13.681107237204152,0.98
0.0,1.100625,14.784273147583008,69.93750524209027,51.16869459983875,74.48387315613512,-35.93397521972656,-12.206153869628906,474.3432135400081,1031.4319226218608,0.16399425268173218,0.06534029543399811,578.091572094517,487.86586443265844,1589.732142857143,0.050474330357142855,0.013912447025542287,0.352,-235.51269733114853,30.90658633107374,263.6852539894223,26.342323684905878,-23.10015126236547,13.901219539955925,0.9428571428571428
0.0,1.5831875,17.359519958496094,70.26747474345218,56.448220240306554,74.0548776143282,-38.79081344604492,-14.328226089477539,397.71793203699946,946.8798958639426,0.12702219188213348,0.047669921070337296,576.0713968931922,467.695546633662,1444.0625,0.05244140625,0.013711229630969064,0.416,-260.72925371017703,29.17917515657228,265.40789362035645,22.773428975956115,-24.17416286955806,13.19995368728861,0.94
1.0,2.6844375,25.903770446777344,303.61412898740934,63.72803136596311,543.2689775309286,-44.81155776977539,-5.863776206970215,481.31404763031827,1083.069581055751,0.2320965826511383,0.11460551619529724,671.8990491531156,458.8290290351405,1508.1845238095239,0.05304827008928571,0.014551359181791106,2.08,-228.13380009933562,64.30973228994954,222.50381227201018,43.794582698153285,-32.06941770928791,43.26313772158401,0.9523809523809523
1.0,2.67075,10.639545440673828,289.77464638515994,69.89849670895097,537.0290011121053,-35.208839416503906,-6.519345283508301,457.9871270287064,1057.5276228616642,0.24776306748390198,0.07759565114974976,672.1970207911551,475.2875350401391,1541.294642857143,0.05383882068452381,0.02068792905152922,2.272,-210.8768418917349,42.70882866451052,233.3474289088593,33.576327367371626,-39.337402594866255,34.89857085787359,0.9047619047619048
1.0,2.0029375,8.164398193359375,429.15933394824407,81.695772662055,521.7408279062257,-23.49819564819336,-4.869701862335205,495.9841176620348,1125.3578450675093,0.28800567984580994,0.0861489325761795,729.8782485521749,477.04929165703186,1587.797619047619,0.05685763888888889,0.015047016677720826,1.728,-193.50457991885222,33.49614439660425,225.2607284495945,36.63216018655389,-43.82287775286839,35.08722037481322,0.8412698412698413
1.0,1.7480625,7.586713790893555,372.4869892402759,69.49591099211685,527.8031643091576,-21.290626525878906,-7.389857769012451,546.7139615789112,1160.4756938322587,0.2894866466522217,0.07891348004341125,770.1590132510133,495.44625285269774,1693.465909090909,0.06653053977272727,0.015310052221499823,1.472,-177.7923018497488,45.53111986376668,245.9225825675279,35.735260734025545,-60.49627026088157,32.019619816812764,0.9090909090909091
1.0,1.6388125,23.932619094848633,327.7947298890725,75.7858283255199,524.7632417749795,-49.95770263671875,-5.590724945068359,528.8981684109611,1080.8884642806559,0.30241984128952026,0.12070206552743912,755.1071733935671,489.46977172800223,1685.0961538461538,0.06847205528846154,0.0264586018330066,1.376,-179.17956729381135,63.96161547666354,241.886393099296,41.7196733553148,-55.25988479951214,36.21267746737595,0.8846153846153846
1.0,2.0029375,20.270519256591797,344.923066254433,74.48387315613512,509.8242509277049,-44.7599983215332,-6.033257484436035,537.0343747927792,1135.9033644986218,0.28270307183265686,0.1244647279381752,748.1816966004185,505.7204255908706,1676.8353174603174,0.059074280753968256,0.01651963640264907,0.416,-187.3603844307093,63.60032207113628,234.34331665883616,45.52086782065262,-54.498057630950456,26.348914534475828,0.8412698412698413
1.0,2.5128125,21.175077438354492,402.80375690117904,71.12030090986407,546.4161027017583,-45.79033660888672,-6.563093662261963,550.8386276893997,1036.040077032605,0.23512306809425354,0.11505305767059326,816.3902467162633,473.505918350617,1689.4778481012659,0.08303253560126582,0.033590966625346275,2.112,-205.4428896283476,65.6972182900334,227.45123627115407,44.42000453454884,-55.07641067690564,38.63579170859225,0.7721518987341772
1.0,2.1121875,17.370376586914062,387.9403187302643,74.0548776143282,524.7632417749795,-37.83327865600586,-6.075680255889893,505.3352277797012,1061.1227287640213,0.2644355893135071,0.09814540296792984,762.587744577096,484.58059788264126,1674.2070895522388,0.06647912779850747,0.021510405380275096,1.824,-190.05890700023645,47.92468372642482,244.2165847526459,30.43796450504572,-57.652937543815376,38.820526915732195,0.8955223880597015
1.0,2.476375,15.901827812194824,214.78477283105735,68.30201283771977,282.842712474619,-44.42839050292969,-7.343876361846924,539.1709011126508,1027.410297608599,0.26507455110549927,0.09796582907438278,721.8813050102641,488.1806640144599,1640.224358974359,0.06171123798076923,0.01804968778560333,0.576,-184.89595022892874,58.942769899194104,254.71035756496764,36.690558693047635,-54.69927075085819,29.707411222191634,0.6538461538461539
1.0,2.0029375,7.77414608001709,246.36398112882728,80.7574166800042,287.786716002164,-27.168188095092773,-6.370327472686768,542.5237034604088,1077.4050364666734,0.27528244256973267,0.09544657915830612,822.2914717306014,481.3452303394668,1692.4603174603174,0.08286830357142858,0.03279755712095663,1.696,-176.89263823865332,38.94348884753603,247.54267850380396,33.86930892875744,-68.3983924756202,33.305513496573454,0.873015873015873
1.0,2.039375,15.8884859085083,225.95205864420785,74.48387315613512,402.31717642714136,-31.38943099975586,-5.463237762451172,453.51027496368084,1022.0050675774372,0.29851996898651123,0.11865870654582977,739.6201900126453,488.729018058428,1643.798828125,0.066162109375,0.018477429617602053,1.76,-161.49278402780692,40.56482082395871,243.48750683599502,31.44056199018419,-50.597560459079986,25.701900922324544,0.890625
1.0,1.8573125,12.609762191772461,156.39562564996345,72.78265914210937,254.91212546385245,-30.160743713378906,-8.658523559570312,465.91227065449056,1047.8467648048377,0.2649291157722473,0.0934671089053154,711.2332191317125,480.13106650726695,1610.9639830508474,0.05887513241525424,0.019527153674859098,1.376,-171.9517684981176,58.1060861207419,265.5382386489299,25.1175423178707,-54.54232788253601,41.85652046838146,0.559322033898305
1.0,1.8026875,8.22858715057373,256.7793578643421,224.49240966187455,268.51450055605267,-23.665903091430664,-6.211459159851074,551.586780068605,1124.6547046815163,0.2725555896759033,0.07832077890634537,804.282272372543,501.9163107092492,1741.2280701754387,0.07087787828947369,0.02043543986911912,1.728,-171.277929883672,34.62750443256477,240.56676853851252,26.973727399956697,-66.50074665331601,23.10929389704739,0.7543859649122807
1.0,1.71075,18.89824676513672,216.35611822448965,75.34933407372878,259.3679109302019,-40.67527389526367,-6.287491321563721,482.3494197823452,1047.1422431242843,0.26411038637161255,0.10279545933008194,719.9308104061907,475.3347340885489,1609.664351851852,0.06222873263888889,0.01729188468690123,1.408,-176.2313539343441,50.723403300240626,246.2891504614207,27.953845840349796,-49.2563844001223,38.25382288810062,0.8703703703703703
1.0,1.8573125,13.301936149597168,152.19627694820176,78.45840978967507,277.98364396846745,-32.408447265625,-8.372787475585938,566.8906879858886,1037.1186982468967,0.2624222934246063,0.08561549335718155,794.4048741606146,490.1316805040481,1686.9703389830509,0.0779925847457627,0.021776158086915128,1.568,-165.86616586348197,48.68832894819783,270.70338401209307,26.781966649282236,-72.91545450429284,30.710629017338963,0.8305084745762712
1.0,1.711625,14.844221115112305,362.9425770830393,75.34933407372878,524.7632417749795,-30.913402557373047,-6.529351234436035,581.3049844712708,1111.696936214774,0.27879735827445984,0.1037307158112526,781.8842351180315,494.0396969297752,1713.2523148148148,0.07157841435185185,0.019686727114720755,1.376,-173.38666155629969,42.8051012297077,249.1051448721395,31.728391610439086,-59.73223630161204,36.863820413036876,0.6851851851851852
1.0,2.0758125,16.747617721557617,298.5295071374078,67.5174973084095,521.7408279062257,-39.103782653808594,-5.410920143127441,459.2109602656514,1031.543031496474,0.26418471336364746,0.11930709332227707,701.5903246896976,474.3236387675179,1615.3846153846155,0.057286658653846155,0.014701203964048568,1.76,-189.63184985217086,55.726337970851574,250.1537695661147,29.40508688682832,-45.24961311939241,41.717648855428585,0.7846153846153846
1.0,1.9665625,14.857073783874512,229.15685772480845,77.55723809168673,274.79072949161787,-27.922117233276367,-5.913062572479248,469.5770965153609,1026.4505780204672,0.28809553384780884,0.11249589174985886,699.579364686848,480.43967943404346,1604.8387096774193,0.05741242439516129,0.021816260652648668,1.664,-169.63966309875602,48.077141774708466,246.9211036415284,25.18336418420416,-46.10424508284178,36.87305980860002,0.9354838709677419
1.0,1.8755,13.880047798156738,224.685089224061,76.66641723348003,266.96797083400685,-30.20189094543457,-5.8943328857421875,465.75734591496234,1027.5319870601722,0.29834529757499695,0.10280953347682953,705.4034506982015,484.9399041824144,1638.7711864406779,0.0565578654661017,0.01990204189517832,1.568,-165.53455989428798,41.08820176066273,243.23665364108447,24.745925703590054,-46.28196953108715,34.61658493296513,0.9322033898305084
1.0,1.9665625,17.73764419555664,220.25493880374736,75.7858283255199,262.38162088748976,-36.63339614868164,-6.485073089599609,429.1519067075495,1034.940959090679,0.2704562246799469,0.11083134263753891,714.8498870464924,471.9931322372256,1586.1895161290322,0.06355531754032258,0.022570447113127917,1.632,-182.43829554887807,55.044634787458584,244.05784744626274,31.52250338082747,-48.56198882991074,39.09796157429245,0.8709677419354839
1.0,1.930125,19.42464828491211,200.44918885358072,68.30201283771977,254.91212546385245,-40.457008361816406,-6.731697082519531,436.292452711102,1008.4228311550106,0.2637188136577606,0.12681294977664948,720.150740620772,498.2780981068844,1623.9754098360656,0.058577740778688527,0.017843381387445532,1.632,-176.09534540791321,51.2553779369854,248.44855552547196,31.130999210988097,-46.642573505031734,28.960964893264567,0.9016393442622951
1.0,1.6934375,16.059873580932617,209.80822368776222,75.34933407372878,260.87041395311286,-30.858291625976562,-5.109091758728027,461.7791199417423,1016.7735821008179,0.30961576104164124,0.1307273656129837,687.0687432056516,485.0218569295424,1619.1037735849056,0.05196049528301887,0.021418408934862087,1.312,-168.558094215687,56.06202308240043,250.70834552213552,28.551317116299685,-45.36308530278951,41.58989100868389,0.9811320754716981
1.0,1.930125,11.823982238769531,233.53333017118445,79.37005259840997,274.79072949161787,-28.295108795166016,-7.184471130371094,490.62570299642766,1087.6523559582902,0.30475950241088867,0.09926793724298477,723.1301957109295,505.9433323792585,1664.702868852459,0.053486808401639344,0.014868662869001438,0.512,-165.0840411978734,45.44341307436961,260.592793087473,29.745425939548728,-58.91073916304438,29.875172435832074,0.7377049180327869
1.0,2.148625,15.851430892944336,230.78575489441326,77.11054127039704,273.20805135087915,-34.56700897216797,-5.419423580169678,407.5481015602183,1068.7528134481008,0.3004947602748871,0.12409156560897827,713.4769409474953,497.3999055612864,1645.4503676470588,0.05408432904411765,0.013039760187369116,1.76,-170.99676850172705,52.53713416825795,241.59052035803774,36.54643914841041,-49.364902308695434,28.66150509544183,0.9852941176470589
1.0,2.1668125,19.35519790649414,206.49602851108278,73.20428479728128,273.20805135087915,-29.418811798095703,-5.108084678649902,482.87466219232834,1100.2469748895574,0.2630842328071594,0.13333819806575775,669.0690631521708,475.2849116854781,1565.0275735294117,0.05148494944852941,0.013566680210465965,1.856,-192.37475804065022,46.46186014419442,235.69980798219288,33.97001030359539,-36.17700833812328,31.835614493788466,0.9705882352941176
1.0,2.2943125,14.836050033569336,242.83728615643065,67.12862513901318,509.8242509277049,-36.800907135009766,-5.496501445770264,448.6659904007286,1040.3389348165606,0.2617985010147095,0.10299336165189743,697.1636146602026,482.7167171966337,1578.342013888889,0.057929144965277776,0.02061335224415539,1.984,-181.41968051863938,41.92127579534292,248.33610413069994,28.109214336316676,-44.21408947936643,33.877181896877694,0.9027777777777778
1.0,1.98475,17.35567283630371,250.93003333484936,77.55723809168673,406.99187684107454,-29.780681610107422,-5.503667831420898,480.33730800395193,1030.8462022521674,0.26158419251441956,0.12961140275001526,705.6766232749764,473.9015725980269,1636.4087301587301,0.05797371031746032,0.015522260334936512,1.568,-191.44403318451137,54.17322038542783,238.49145933855152,31.304219756286336,-40.27268801154944,42.78789766279618,0.8888888888888888
1.0,1.8936875,13.971156120300293,241.53111539215968,77.55723809168673,281.2136583244699,-30.201377868652344,-6.171027183532715,495.6988217337128,1023.8486695378539,0.2993374466896057,0.11129412055015564,713.3000934626009,488.8583972209256,1653.6458333333333,0.05865885416666667,0.015484872415873955,1.632,-166.53697734759038,47.7582959164873,258.5065036445449,28.226963930922363,-52.28260346726423,24.981848473551764,0.8166666666666667
1.0,2.2943125,16.956893920898438,195.66545496852663,71.12030090986407,291.13063656843747,-38.99551010131836,-8.264787673950195,383.92870891679445,976.5091911381369,0.26939329504966736,0.10653935372829437,654.0842975479753,498.57967209932735,1611.111111111111,0.044230143229166664,0.014548120675005643,1.376,-181.57226515384627,54.62268949562481,264.8149707274581,30.73917471625258,-46.735899742637486,24.445973264170334,0.9305555555555556
1.0,1.98475,11.270307540893555,185.83332214457963,66.35758711692841,266.96797083400685,-27.43653106689453,-6.270496845245361,487.60694464596304,1042.9312718757228,0.3029857277870178,0.09634513407945633,743.579745641655,502.7769390863261,1723.7103174603174,0.06012834821428571,0.0186281426761822,1.728,-163.76461820910535,34.36747338574759,259.2958730088982,32.39760031250475,-58.214255572417876,33.191356632778756,0.7142857142857143
1.0,1.930125,16.212764739990234,229.23662934047644,70.30341458111748,263.9015821545788,-40.829742431640625,-5.910150527954102,494.8371540526,1082.9231329382549,0.2725117802619934,0.11084028333425522,731.0697237195888,486.2918312541001,1636.782786885246,0.061603483606557374,0.017637875774499982,1.536,-182.7213959231183,51.29117157504085,247.03001266920995,32.982465351882524,-50.07031708260911,37.81847232108011,0.8032786885245902
1.0,2.0758125,18.073028564453125,219.39467462703578,68.69768237290445,265.4303484677136,-43.87147903442383,-6.1305975914001465,444.7138318751718,1028.8071329881539,0.2719363272190094,0.11439834535121918,717.6306897376096,476.55718741076737,1606.25,0.061463341346153846,0.016082978793954435,1.696,-181.48563519557086,57.55100662673919,252.18207964133202,34.16202468361409,-51.99341599496892,36.66357637381777,0.8769230769230769
1.0,1.7844375,10.967607498168945,238.86937866026847,93.30329915368074,276.38257599355524,-19.348342895507812,-5.88983154296875,473.6519440586196,1028.9238130794604,0.2849992513656616,0.10725536197423935,637.558199577183,445.9703747931141,1533.203125,0.05332728794642857,0.017597179508774062,1.408,-184.80569735180114,45.774499960250324,249.29173909178638,26.842344110839097,-34.99057383829988,35.23559441471278,0.7678571428571429
1.0,1.711625,13.015395164489746,227.55119120392612,79.829838635665,281.2136583244699,-29.946802139282227,-4.671295166015625,516.318883951366,1104.8705468110936,0.30314767360687256,0.12319111078977585,675.012186526798,472.9113604853279,1586.8055555555557,0.05441623263888889,0.013296528811730417,1.408,-187.0492083406985,47.319730610758874,254.4063549376544,32.92718412166914,-43.97205583631525,30.127582320553124,0.8148148148148148
1.0,2.476375,9.109418869018555,199.10108382378849,75.34933407372878,282.842712474619,-27.55389404296875,-10.608596801757812,435.2825681479564,989.4988728425119,0.21081435680389404,0.055724918842315674,711.926724568828,497.6371242649933,1643.8301282051282,0.056765825320512824,0.02876042944447048,1.088,-196.311329130087,49.7228354401368,258.81899470588326,24.837347540865206,-59.97721557456463,32.337786799675236,0.8461538461538461
1.0,0.9650625,14.923965454101562,489.9107585909862,195.43199368684918,692.4292488049143,-28.682571411132812,-5.845682144165039,554.7167947911367,1131.029350762742,0.2714554965496063,0.12259327620267868,722.9326784502931,453.3573571359843,1639.616935483871,0.07191910282258064,0.02735673968163894,0.768,-202.2743687305296,44.1512433408153,228.35192994581612,32.55622333715011,-40.5171465632617,25.85689915815668,0.6774193548387096
1.0,2.0575625,18.354381561279297,137.01251654392874,64.84197773255048,260.87041395311286,-43.6841926574707,-8.865499496459961,474.1322623612943,1009.0913932722709,0.22970449924468994,0.09652097523212433,766.2460430804565,513.392761448557,1673.5576923076924,0.06577524038461538,0.01934362309714876,0.8,-172.82977840959228,49.96238744010089,255.69484182913337,30.581220600579393,-60.13556603136835,23.340401461483328,0.8
1.0,1.8936875,12.057699203491211,195.15504494155482,78.91291473386416,279.5939868358039,-28.47766876220703,-6.772806644439697,477.6664856565553,974.9611815684381,0.2921386957168579,0.12028560042381287,655.7102433741386,486.15819244032235,1596.3541666666667,0.048811848958333334,0.014919893267434137,1.504,-171.9834930494361,54.18963994264595,273.1335120007564,28.37457449193578,-47.45899560762873,29.83201573857384,0.45
1.0,2.0575625,14.619583129882812,86.5475423117982,70.30341458111748,143.893358001082,-30.347610473632812,-8.482559204101562,457.39031998476304,1004.6898733614229,0.2772161066532135,0.0938931331038475,696.887216368132,508.0227104582181,1646.875,0.04896334134615385,0.018953966323669757,0.576,-165.69995619355547,42.91245317352683,261.66553835550974,25.800057118341204,-54.463969218059134,26.764687201696997,0.6461538461538462
1.0,1.8390625,13.312891006469727,79.01494957916586,56.775221453543864,102.3373891996775,-33.84394454956055,-7.94464111328125,452.29347424750637,1029.146112923032,0.29259562492370605,0.08481597900390625,720.5297076633535,521.5724695708883,1695.8512931034484,0.04781788793103448,0.015452481472526565,1.568,-155.316724340522,43.13604983353251,265.43597493112867,26.23451901708745,-60.03236150583634,23.538477439143396,0.5172413793103449
1.0,1.9665625,11.078289985656738,220.38896421199007,83.60532082885095,287.786716002164,-22.448135375976562,-6.65303897857666,393.2509530712957,973.3433164914105,0.30654606223106384,0.11149997264146805,604.3135181902112,476.4715652127167,1536.5423387096773,0.03955078125,0.011803433836654656,1.568,-169.60701557064337,51.57493277180471,261.00122943043266,27.373981769588074,-36.197792460684475,27.916188387782174,0.8387096774193549
1.0,1.5659375,11.991186141967773,137.2003719575543,69.0956439983888,244.81070866093103,-24.476911544799805,-5.809543132781982,439.85396249139404,968.359480224864,0.3517163395881653,0.10933326929807663,637.0135396867805,473.5366339272,1574.6173469387754,0.047931281887755105,0.018273898256546486,1.216,-145.05983005024223,41.79720040641421,266.43747649843874,26.331990825422647,-38.2157035369308,26.63365483124793,0.5306122448979592
1.0,1.8390625,12.145623207092285,109.83025491918507,67.5174973084095,259.3679109302019,-27.821380615234375,-7.080832004547119,434.0750624081065,1009.6315997160231,0.3045623302459717,0.10048376023769379,679.0565755573346,477.9439095153711,1586.7456896551723,0.050848599137931036,0.012903249420578099,1.44,-158.22919311762368,50.26606761255636,266.4712968112803,22.698866576677286,-48.46216193506841,34.23085770702396,0.603448275862069
1.0,1.8936875,2.8956031799316406,90.9563923942664,73.20428479728128,110.95694720678449,-17.179243087768555,-9.504793167114258,451.6221737865488,999.8933782927188,0.2695302665233612,0.036540985107421875,727.1712298008102,504.40417398523977,1657.5520833333333,0.052408854166666664,0.01257159603992677,1.568,-157.31777187174612,24.4371237853982,279.86445968068006,13.224671141027816,-68.19472542292644,24.28860802141018,0.6166666666666667
1.0,1.8573125,13.61976432800293,140.13966839170521,70.71067811865476,253.44393965741244,-30.35272789001465,-7.506961822509766,440.470048504389,1005.5505972101951,0.2833675742149353,0.10198560357093811,685.1221344799095,496.97759288609666,1622.8813559322034,0.050532971398305086,0.017136332256862927,1.44,-163.32313702611495,45.356748290552204,267.9059805141698,23.422873032569246,-51.79670991812791,27.533257642203196,0.6779661016949152
1.0,2.039375,16.78836441040039,129.9539383164056,71.946679000541,254.91212546385245,-35.68047332763672,-7.990281581878662,409.6053386143729,977.9705391228699,0.2569827735424042,0.09357583522796631,691.0830243080543,497.6651778623992,1619.873046875,0.044464111328125,0.01335425646920839,1.6,-173.68479856370834,54.33149358941943,259.3431572292008,26.857035481739047,-50.97940435219828,33.34993860403364,0.78125
1.0,2.1121875,15.141444206237793,196.6240751556467,70.71067811865476,241.99881784385852,-36.59600067138672,-8.222192764282227,398.905434856353,967.5981031320877,0.26510658860206604,0.08345621824264526,698.1797460489844,499.456035789183,1630.830223880597,0.049207089552238806,0.021196873209294077,1.952,-169.763488392578,43.28968260202022,263.9293517349238,24.804537628737155,-55.823029809083096,21.026819696914316,0.835820895522388
1.0,2.07575,15.286802291870117,190.34414687215175,67.5174973084095,268.51450055605267,-37.64376449584961,-6.515869617462158,393.18453507163804,979.2141412972752,0.25958532094955444,0.12383931130170822,673.4434636078457,472.32194393782777,1537.7403846153845,0.05504807692307692,0.01869574829780172,1.76,-180.98440492030272,52.00634168099016,254.16866052685717,27.18314956890927,-41.28256947708075,35.099462422929896,0.9230769230769231
1.0,2.3125,16.381208419799805,183.84871676446164,71.946679000541,249.08992447176465,-30.419689178466797,-7.524383068084717,453.1176844525439,1009.4538073642143,0.24388350546360016,0.11293920874595642,657.9435578564481,484.8114812041219,1554.5804794520548,0.05019263698630137,0.0218316589667516,0.928,-188.26733659921072,59.29097968442469,251.20827914345864,30.459209235694694,-40.02237175503159,36.282359803348704,0.9863013698630136
1.0,2.694875,15.192707061767578,185.8417661423063,69.49591099211685,287.786716002164,-36.34187316894531,-8.823888778686523,436.39776512367774,976.095122374266,0.24294334650039673,0.09027598798274994,662.6297045338265,484.78109193579155,1595.0367647058824,0.04981617647058824,0.02234323887438047,0.896,-192.76246683437293,53.60659410050421,260.33483900698377,27.451770915416507,-46.807003805418155,28.418654816099355,0.9764705882352941
1.0,1.9483125,13.924469947814941,219.77536632210285,97.71599684342459,246.2288826689832,-39.4724235534668,-7.135534763336182,421.5406135790233,1003.3722979546028,0.2874608039855957,0.09711306542158127,673.3606841851948,497.93046856664125,1599.641393442623,0.04154392930327869,0.014901412091721017,1.536,-171.79468382244545,52.73768506867908,263.3596027849425,30.14835248419841,-50.98979825903631,34.169453011066906,0.6885245901639344
1.0,1.820875,21.04543685913086,190.8007662504497,66.35758711692841,250.53288772482563,-45.03707504272461,-5.948721885681152,490.8691022559415,1034.2229754571401,0.2850712835788727,0.133530393242836,661.6254538706829,486.59601874377904,1597.0394736842106,0.04869106359649123,0.017308055885918983,1.504,-173.1316605297433,52.87877179142639,250.81560494636835,35.32355164695623,-39.68973305590592,23.24536731442555,0.9298245614035088
1.0,1.7844375,11.319437980651855,119.10866543700048,50.0,233.75544971224912,-26.63762855529785,-6.499677658081055,461.81436985587226,1028.9263587686764,0.29806432127952576,0.10277433693408966,655.6928465367426,499.66799011615177,1611.328125,0.04155622209821429,0.014845814545955802,1.536,-159.7604835388777,35.6878819819523,266.60431907384265,18.799202883019397,-48.048124468400474,18.384948921287265,0.6428571428571429
1.0,2.0211875,14.71530818939209,187.31184054413967,70.30341458111748,260.87041395311286,-33.205326080322266,-6.029615879058838,420.77085141469246,986.4389045625408,0.26768654584884644,0.11250264197587967,630.7421494313007,483.83662343316985,1560.05859375,0.0442962646484375,0.01473906614830678,1.664,-184.6820654831572,52.57040541480475,256.1698785023565,29.612553995408934,-35.715227435840504,36.63317843576897,0.9375
1.0,2.0575625,16.109926223754883,196.79237613402827,66.35758711692841,253.44393965741244,-35.97549819946289,-6.424391746520996,383.60027959954056,976.1036558760125,0.26556962728500366,0.10990487784147263,679.0355468585224,502.2310451967568,1610.0961538461538,0.04344951923076923,0.01690946017822157,1.664,-181.05420297874414,47.4044991101422,257.11466140840173,27.49002246370359,-49.47523353993058,30.075712838356694,0.9230769230769231
1.0,1.98475,12.961201667785645,205.95559807645995,68.30201283771977,259.3679109302019,-33.213706970214844,-7.319035053253174,430.27544048397993,1007.5317325572145,0.27832040190696716,0.10159537941217422,701.7807202429956,516.6174836460295,1683.0357142857142,0.049680679563492064,0.01920572291122091,1.664,-165.48301455730018,39.9459369206608,263.72256539566433,29.777070331979086,-52.19618516260048,26.253813525602606,0.9206349206349206
1.0,1.6388125,10.675898551940918,104.18431921129931,73.62835290502629,110.31788221637464,-20.475454330444336,-7.044361114501953,489.8800024948047,1033.7474339272692,0.2932869493961334,0.09380611032247543,683.8851289448693,491.83511290904073,1632.8125,0.051175631009615384,0.016263684278560293,1.248,-161.15735922961736,43.1160199566906,270.6567514785032,24.676482266791602,-50.20077915155882,32.428518427212296,0.38461538461538464
1.0,1.7298125,14.06141471862793,107.4768202275832,50.58097201509612,241.99881784385852,-26.969249725341797,-7.618007659912109,483.692565014519,1048.1200519781269,0.2911188304424286,0.09941580891609192,684.5846900213818,503.45215442925297,1654.5454545454545,0.04703480113636364,0.01631952911093239,1.344,-160.7213485536297,43.79219350171994,265.99942946994094,25.69555335924659,-50.06815181705624,31.72780517865607,0.5636363636363636
1.0,1.8026875,13.292646408081055,203.2595232204691,76.2248511627881,263.9015821545788,-28.712322235107422,-7.233150005340576,448.84568708455225,1017.7101424592537,0.2951964735984802,0.09202270954847336,679.5140519997228,519.2156090353335,1694.078947368421,0.041957922149122806,0.016895719515013265,1.504,-163.06162197607054,37.69077705745368,261.84902751192016,27.314097626013286,-49.415934233263734,25.41086904574407,0.9824561403508771
1.0,1.7844375,13.639792442321777,208.98204450788282,74.91535384383408,268.51450055605267,-33.2941780090332,-6.118053913116455,426.46845755762683,1006.535443084326,0.30408018827438354,0.11044227331876755,705.8895384256929,508.4047458647596,1645.3683035714287,0.04799107142857143,0.02314755416650112,1.504,-159.530330803648,40.853641623204155,261.17930723901674,24.289152045185972,-54.42029067612418,21.899966055931838,0.8035714285714286
1.0,1.8573125,22.979785919189453,223.5250366956113,198.8480847635095,253.44393965741244,-49.01429748535156,-7.383188724517822,478.47295071264074,1058.607665811325,0.2974177896976471,0.11240755766630173,718.958292421645,515.1485104572276,1678.760593220339,0.04925847457627119,0.02602272444295702,1.664,-162.743769083293,54.62221843638131,257.11563522727033,36.818155489954165,-56.767324048486714,20.606576630183255,0.7627118644067796
1.0,1.8936875,17.6173038482666,130.19614451172347,68.69768237290445,249.08992447176465,-33.38149642944336,-6.889774322509766,399.6765056594527,964.4743494036076,0.2565617561340332,0.12627604603767395,677.6149174739161,488.70991320607607,1564.3229166666667,0.05266927083333333,0.017555384113316988,1.44,-181.53452886987236,62.84072720605955,259.1065099865347,31.287260100053363,-46.11284456722616,34.74539047946287,0.6666666666666666
1.0,2.4399375,16.340457916259766,186.73736461000226,66.74199270850171,235.10958125672175,-36.73419952392578,-8.314362525939941,404.07364684734534,972.6703636553842,0.22086076438426971,0.08831925690174103,667.5222866629178,493.9142279080941,1605.1136363636363,0.04877739448051948,0.02218876024690585,0.704,-203.66824111873922,53.94506248573628,255.49067353575876,28.176322189251614,-45.11233264045152,32.98496297140555,0.974025974025974
1.0,1.5659375,13.479358673095703,146.0606627410488,73.20428479728128,260.87041395311286,-34.17607116699219,-7.718005657196045,432.85762749639053,986.45745946046,0.3136613368988037,0.09774143993854523,683.6391870593881,493.9954277007518,1630.1020408163265,0.047154017857142856,0.015057919325420551,0.288,-159.14811292503106,57.06431438164277,272.7604786992532,27.60230324109337,-55.43382474810065,33.2880220138857,0.8775510204081632
1.0,1.8573125,4.521673202514648,139.59177563117686,75.34933407372878,254.91212546385245,-28.34646224975586,-8.75019645690918,409.1723629444416,998.6980958237885,0.2830863296985626,0.056886810809373856,726.0163715328052,526.0210977565159,1720.074152542373,0.04766949152542373,0.017078584343565417,1.696,-151.7234201802222,27.499729285131714,267.84932095120195,19.95765097896563,-62.766692956268585,24.361028657276343,0.6440677966101694
1.0,1.8535625,10.808979034423828,74.24376445275105,58.10227934789198,96.59363289248455,-25.70273208618164,-8.586830139160156,437.25208201106835,994.5109616874983,0.281360387802124,0.06561046838760376,701.7590695653978,500.217937851008,1641.7025862068965,0.04807044719827586,0.014335333619963747,1.632,-159.6083405991471,30.470367870200576,277.20007781468405,19.553320796990935,-60.06570385510528,21.404375187519204,0.5172413793103449
1.0,2.1325625,4.724095821380615,231.18910668307998,209.4588245641254,263.9015821545788,-23.599964141845703,-8.42190170288086,384.3540729982448,963.7154839775786,0.2983270585536957,0.06085005775094032,667.0551499606129,497.486440544687,1620.3358208955224,0.0408261427238806,0.016815168217981683,0.16,-167.72937652531536,32.04329036836504,268.9713655171791,22.057320245400145,-55.46348502252913,25.57779305825771,0.5970149253731343
1.0,1.9930625,16.142864227294922,170.08251584077092,71.12030090986407,257.8740616879158,-32.956260681152344,-7.525206565856934,578.8609904357869,1118.2887329638536,0.249392569065094,0.114482082426548,729.4225845340643,523.5224776857881,1696.4285714285713,0.06008184523809524,0.015160683457149255,1.792,-170.1227005789172,46.973085823557675,256.4634612415412,30.54655349670966,-52.49507116842114,25.62072879168179,0.8888888888888888
1.0,1.65425,12.57680892944336,106.1267072097233,76.2248511627881,112.89644048061314,-33.42792510986328,-9.068859100341797,484.53248975912516,1051.1093784082084,0.2488345503807068,0.07628186792135239,754.3597466056118,514.3489570884971,1674.2788461538462,0.05926983173076923,0.019895508833440705,1.312,-167.6807697703498,41.92458787606895,272.49451511798594,22.948913654045246,-66.49896260156879,26.598667726475988,0.36538461538461536
1.0,1.6741875,11.407135009765625,235.78547745900806,205.86044732869837,263.9015821545788,-25.499099731445312,-6.805460453033447,382.7668176576335,950.9079857606527,0.32795026898384094,0.10323938727378845,658.7853799546175,482.32979592274967,1572.8183962264152,0.04709610849056604,0.023663386637824274,1.344,-154.25662219455813,42.253020618713315,268.48425709488157,20.579121394496898,-45.85908944434281,28.543443412797206,0.8113207547169812
1.0,1.6343125,11.39472770690918,199.46704804187567,80.7574166800042,221.91389441356898,-21.388471603393555,-4.886688709259033,418.36223657155307,992.800901018392,0.31756657361984253,0.10991808772087097,656.3590785095591,502.629390573628,1615.6850961538462,0.04473407451923077,0.018982718014994182,0.352,-169.16309560546145,40.89761880442842,241.4285524461787,30.43565638996903,-43.37687343151603,30.15865068339687,0.9423076923076923
1.0,1.7738125,12.351819038391113,232.69351723536246,74.91535384383408,266.96797083400685,-29.133899688720703,-5.001348972320557,436.9777772256968,1020.0024848966069,0.3050355017185211,0.1090083122253418,686.3743944536187,481.5438586245941,1580.6361607142858,0.05461774553571429,0.017248404599743354,1.472,-163.57275354835764,45.61548556912243,255.22090777857167,21.37632123619884,-46.86237238209981,37.00297883920331,0.8392857142857143
1.0,1.694125,8.305840492248535,218.41548709641538,74.91535384383408,284.4812036394563,-20.661115646362305,-6.247583389282227,436.43903139673677,1027.0394185698963,0.3318604826927185,0.0992080494761467,705.8996545769102,485.8417754132723,1642.688679245283,0.05363723466981132,0.01616481767877803,0.384,-146.14364212642786,26.970072996389835,261.67191828306613,21.538133411430245,-53.74719970151136,21.841919242463458,0.9056603773584906
0.0,1.20675,16.471773147583008,82.1976562974134,73.62835290502629,85.55950256826023,-28.282352447509766,-7.5022501945495605,560.9797753304457,1170.014982909103,0.24867117404937744,0.12575893104076385,537.9392692326766,516.8972149313486,1546.4638157894738,0.027369449013157895,0.016683727296040975,0.544,-219.74827547030011,23.993180050419948,232.6611994177018,16.812101902793085,-31.9024177782964,13.197393716748456,0.9736842105263158
0.0,1.1175625,7.007054328918457,83.59651513612546,79.37005259840997,86.55365610061429,-23.455814361572266,-11.792858123779297,438.79284199906806,993.0971641668045,0.17611929774284363,0.04087202996015549,699.8141271514073,522.249308040957,1639.2857142857142,0.07572544642857143,0.02043706287953872,0.032,-220.62824528324586,23.79056719059556,294.12728151435596,15.391845199650504,-56.846653818067196,14.984146608654033,0.7428571428571429
0.0,0.9650625,17.660444259643555,224.25422988708343,205.86044732869837,281.2136583244699,-26.298599243164062,-4.4491987228393555,444.75920209040106,904.4382944608063,0.3477758467197418,0.16596271097660065,676.592225155828,456.80226272239565,1515.1209677419354,0.06461063508064516,0.015603518133239985,0.704,-148.07751005752135,43.32924385976688,270.6131928779985,22.845113087358385,-38.42052857666696,20.53837484838481,0.8064516129032258
0.0,0.89225,25.012310028076172,79.06523841946894,67.12862513901318,85.55950256826023,-46.02383041381836,-11.172804832458496,741.0405528429288,1269.6680292148467,0.16124235093593597,0.09420772641897202,701.4996485560906,558.4281713194192,1645.0892857142858,0.05915178571428571,0.018402491571251282,0.608,-235.94400370399822,57.15194324346763,244.11651340992563,33.18127145616431,-48.98607697270232,23.22081728378059,0.9642857142857143
0.0,1.6934375,18.169832229614258,79.89938390701532,71.53229662176292,82.64503181542116,-30.996858596801758,-9.240246772766113,441.9577923239596,985.0091666366885,0.18989504873752594,0.11173410713672638,632.4455815724457,510.68317020031657,1581.9575471698113,0.057893573113207544,0.028258536385231042,0.768,-231.75137476383915,23.394458776624692,242.66992645390698,13.867725870142777,-41.53924661713286,15.510244150483166,0.9056603773584906
0.0,1.6205625,10.416038513183594,77.12395953573099,68.30201283771977,79.37005259840997,-31.614147186279297,-13.16585636138916,504.7092616394869,978.9742662005316,0.13637211918830872,0.052682213485240936,679.9596761068741,510.7366333671442,1554.8406862745098,0.062231924019607844,0.020571157886446513,0.768,-253.91913439247355,15.213257791249028,269.64705824506643,15.132806844625255,-46.44833431542073,8.780409323287317,0.9803921568627451
0.0,1.8755,24.619836807250977,67.92878982783512,60.15125180410583,74.0548776143282,-45.4573974609375,-13.581385612487793,553.2669647059387,1128.0587101036497,0.08055150508880615,0.061894070357084274,643.7370325956111,522.7560104268987,1592.6906779661017,0.057733050847457626,0.02730475708526565,1.088,-301.706742252418,66.74538148076589,241.1189996069104,43.37874616592395,-28.07391653738121,25.947592941013674,0.9830508474576272
0.0,1.54775,15.116146087646484,76.0114603276079,63.36098491435311,88.57675191023606,-37.104557037353516,-13.030799865722656,444.02566665274907,988.0059993740406,0.09167397767305374,0.055653806775808334,668.1652118831058,510.078899411569,1583.2270408163265,0.06754225127551021,0.023918639554874548,1.44,-272.38095559581376,21.86353462294112,250.99344574672082,18.445322733436992,-36.40638592136719,9.529764919697405,0.9795918367346939
0.0,1.0015,19.537702560424805,88.9143866555189,63.36098491435311,100.0,-40.38520812988281,-11.911354064941406,621.6183741846005,1146.113610919749,0.16845564544200897,0.06729089468717575,712.2379827989313,557.8698738356171,1734.86328125,0.067138671875,0.025857016464502565,0.64,-226.8107850226579,35.83179046963365,267.14960669142704,32.5033214087194,-53.920052985723984,21.733398029202448,0.9375
0.0,1.1289375,8.471444129943848,75.54425349787809,50.87398460513432,79.37005259840997,-22.48514175415039,-11.10446548461914,506.10902319445813,982.0021520197524,0.17041178047657013,0.05498015508055687,739.8162561155092,522.2508935948654,1617.6215277777778,0.06895616319444445,0.024470721772894884,1.024,-218.17086906707257,17.682634882457393,269.6915082577859,13.713260826969158,-61.288847947067325,11.593114128422068,0.9722222222222222
0.0,1.1835625,14.513306617736816,75.57776931670854,62.63322193120639,79.37005259840997,-34.07027053833008,-13.181787490844727,454.217914349166,970.7463944146076,0.13874341547489166,0.054387323558330536,670.8928282868167,491.5132871869927,1509.2905405405406,0.0717113597972973,0.022866987996908585,0.768,-249.69590942942267,33.563439752639944,272.65480994961626,19.234000571970245,-43.87762706317151,25.079429442041626,0.8378378378378378
0.0,1.20175,12.221628189086914,82.21190551371305,67.5174973084095,85.06671609508557,-32.29438400268555,-11.975058555603027,517.8638614211858,1015.8358282040082,0.16905653476715088,0.05623501539230347,680.0257729009824,532.588063025974,1604.8519736842106,0.0556640625,0.021505391186210896,0.384,-229.88704367266936,23.223321977412525,260.92887676486026,16.527438638423213,-52.332253706604945,11.291052111909895,0.9736842105263158
0.0,1.165375,20.33951759338379,68.26351144676393,57.76763484361365,71.946679000541,-37.06944274902344,-11.361982345581055,494.2804958433685,1010.4197300867713,0.14759862422943115,0.08116699010133743,704.4239664051512,523.2640577155264,1594.1722972972973,0.0687816722972973,0.03779247466202909,0.608,-236.33107588151256,44.11366682544768,256.18305156643714,31.390491203318568,-39.15883965601024,26.069867451639404,0.9459459459459459
0.0,1.0379375,24.259889602661133,74.38798095013775,63.36098491435311,78.45840978967507,-44.93849182128906,-13.879083633422852,674.7915684363667,1114.0439342866055,0.14139361679553986,0.056774772703647614,708.4578339011844,522.3243399906455,1626.8939393939395,0.0741891571969697,0.025085447514158234,0.416,-252.72733756192275,48.76675761379247,264.6376413454646,32.8458793590723,-49.588045828496696,18.489068920964584,0.8484848484848485
0.0,0.874,14.23631763458252,72.66600102255398,63.36098491435311,75.34933407372878,-35.15593719482422,-11.797832489013672,544.3099889596748,1067.6678061906377,0.1465533971786499,0.06451582908630371,717.043677091775,524.4755973627224,1604.3526785714287,0.07407924107142858,0.028021332902475174,0.288,-236.36907791478228,29.42580167223295,253.79785691994124,23.446006950864387,-44.70782732434095,21.753873906524305,0.8928571428571429
0.0,1.0743125,13.972182273864746,71.77325908944523,62.27248111794115,74.48387315613512,-33.12554168701172,-11.122430801391602,487.4508303087092,1000.9387102020817,0.1864604502916336,0.07246577739715576,639.532726709067,521.7268422344805,1579.5036764705883,0.05417049632352941,0.026631002611910155,0.544,-221.0399118362682,25.59220289463045,264.23312970868255,22.304115174630315,-37.462286787496275,18.510032253337233,0.9705882352941176
0.0,1.2955,9.061073303222656,79.52651799892985,71.53229662176292,83.12378961427878,-25.899871826171875,-9.547895431518555,707.4659836273703,1192.1329927650977,0.21444089710712433,0.07820103317499161,673.0907199796131,537.3605171379319,1620.4268292682927,0.057926829268292686,0.02002105793413586,1.056,-210.79090601202577,20.593961175095227,256.96994958956367,17.25243985242823,-50.153334890216186,8.36522074760648,0.975609756097561
1.0,2.1073125,10.540413856506348,170.7355823182488,79.37005259840997,259.3679109302019,-25.05976104736328,-7.516188144683838,334.16467504813755,908.7965366458438,0.2583220601081848,0.08638639003038406,582.5386828126966,468.7166612745823,1560.3693181818182,0.03647312973484849,0.01579652211454417,0.896,-207.91053238233,48.33100270053693,232.81995764094805,30.171987067780716,-31.268910551143364,36.63973195808571,0.9696969696969697
1.0,2.194375,11.52363395690918,154.67070704282236,77.11054127039704,202.3238880603845,-28.340450286865234,-6.247552871704102,373.6178858998469,1022.8538401140173,0.2682574987411499,0.08995595574378967,586.6180363713999,473.3709847235593,1533.7409420289855,0.040095674818840576,0.018819019650467585,1.984,-212.04637084801666,56.018673842422196,248.32823305066495,33.678638336951316,-37.83901870463872,43.14053839861012,0.9710144927536232
1.0,1.9679375,6.707587242126465,178.47655342339988,83.12378961427878,211.89261887185907,-22.012954711914062,-6.368784427642822,421.13164321176856,1059.3356411485477,0.29938217997550964,0.07978151738643646,685.8716545806176,501.92083991977483,1661.7943548387098,0.04805632560483871,0.018169462004061332,1.76,-193.87407142265047,48.89282048501339,227.68478722936928,40.604839795587786,-50.18055788867851,32.078758397418696,0.9354838709677419
1.0,2.1769375,12.125916481018066,175.7632790743156,72.78265914210937,211.89261887185907,-29.98150062561035,-5.976415157318115,366.34814206111986,979.0652280709807,0.2605643570423126,0.09618987143039703,609.9624501700295,503.75393267700383,1669.1576086956522,0.036939538043478264,0.014047785405663765,1.856,-201.7134544364984,52.466425153978996,222.10088996833903,37.84935614238087,-32.09391541676865,35.32357850823347,0.927536231884058
1.0,2.42075,6.9917097091674805,94.05980520775171,53.280025081424206,138.99182198423372,-22.845420837402344,-9.099187850952148,326.8137240302827,917.1685486750421,0.2530139684677124,0.05509204789996147,591.4387408651102,458.96696200866387,1490.3371710526317,0.04350842927631579,0.019716302323074027,2.176,-196.11604941839286,37.7291515415934,274.9038484431347,18.282829168519,-37.51420480933277,34.4630224175331,0.868421052631579
1.0,1.776375,8.9437894821167,89.26888610570956,54.21134351507092,137.3953647458089,-21.17989730834961,-7.998016357421875,432.13903354981085,1049.1786151948888,0.29988113045692444,0.07211733609437943,573.1707084581421,446.4037528388935,1458.984375,0.04424176897321429,0.019632063724127645,1.6,-188.28485985146276,46.29527506429639,265.97815618506274,24.84436721859488,-27.060007516390762,44.479416476454574,0.8035714285714286
1.0,2.264,9.582917213439941,162.38876643444465,78.45840978967507,227.10088581417543,-24.143226623535156,-6.807797431945801,364.00637981590495,947.8053182961545,0.2608524560928345,0.07984430342912674,585.1497895606361,479.6501082441634,1556.1179577464789,0.03771456866197183,0.023368837283119493,1.888,-206.1996795323926,60.45202078523317,225.8856701421455,39.23440750381122,-30.06782997646079,37.08831339075825,0.8732394366197183
1.0,4.0055625,14.453023910522461,198.13595406285611,74.48387315613512,268.51450055605267,-30.179805755615234,-9.057348251342773,398.76572387450443,992.8299696391541,0.1871051788330078,0.07660592347383499,642.9246416685789,495.53285122292357,1632.3164682539682,0.04093036954365079,0.01690561568005077,3.392,-228.79010730159527,59.246945526188995,233.36128392619543,37.83217195707714,-43.25865158152488,30.44593503768766,0.8412698412698413
1.0,2.31625,7.981892108917236,181.6299049952189,68.69768237290445,233.75544971224912,-32.31636047363281,-8.00058650970459,413.7883254464814,1044.2999146286775,0.24483081698417664,0.07976765185594559,607.352662377056,495.2751626101054,1593.75,0.033684717465753425,0.015390065515190945,1.92,-214.4987111526203,59.72419803016839,226.36822088914425,39.64163201060757,-35.73824903153064,39.73403495794263,0.9863013698630136
1.0,2.4975625,14.695481300354004,190.82615417695206,73.20428479728128,220.63576443274928,-31.547637939453125,-6.8390421867370605,386.01579633008197,1019.3993755306806,0.19850528240203857,0.08407282084226608,581.629008394829,473.749439034872,1569.0268987341772,0.033858287183544306,0.012859910710158583,1.984,-244.73207477769705,53.29753819919745,215.83520489218182,31.8767630839931,-25.249248608500658,44.67497801292515,0.9873417721518988
1.0,2.0846875,17.26901626586914,165.22008614593918,68.30201283771977,210.67220719096719,-32.71453094482422,-5.8351826667785645,386.0203071963668,1009.5033924928445,0.25116637349128723,0.11560438573360443,543.6374630969337,470.0482550719635,1503.314393939394,0.03194543087121212,0.012977591347521076,1.76,-217.94222896705176,63.51285583266227,221.47527886705282,38.87134076558397,-20.95729246022389,39.583635185753934,0.9696969696969697
1.0,1.960875,15.56485366821289,160.1420468644692,62.99605249474366,207.05298476827548,-33.989524841308594,-6.475371360778809,481.84869317459726,1091.664466961279,0.2758655250072479,0.10267862677574158,553.3123339440502,471.9291157303719,1534.7782258064517,0.03759765625,0.016287981801462913,1.6,-200.19930190453323,54.85393375814669,246.60344390433787,38.18541013643541,-24.59849756968521,32.916412800392145,0.8387096774193549
1.0,2.105375,11.955799102783203,176.07009369951174,86.55365610061429,229.73967099940702,-29.099462509155273,-5.477895259857178,352.35890369823727,971.0237008550345,0.2432474046945572,0.10128386318683624,576.3170913292105,461.9209534515083,1503.7878787878788,0.04116358901515151,0.016039572236438936,1.728,-217.09860623211466,49.076871900803106,229.21160094160138,27.982378717200845,-21.994205176232565,40.03690828528429,0.9848484848484849
1.0,2.126,14.176673889160156,179.50177939908235,74.91535384383408,207.05298476827548,-24.916494369506836,-5.472582817077637,332.20245001946637,933.5854273714007,0.24708519876003265,0.0995393618941307,557.4744387920301,452.96472625485495,1496.7350746268658,0.03366954291044776,0.010531908519195091,1.696,-225.69845384964177,47.69433213011963,223.80337123141695,38.070203073072385,-23.37032152122925,37.96158449681716,0.9701492537313433
1.0,1.837,6.8549323081970215,204.16578596645022,194.30638823072118,208.25243050696125,-24.87999725341797,-5.898388862609863,412.77574537032007,1009.4583058492029,0.3053481876850128,0.10166891664266586,627.3443622417097,499.2066576226681,1596.7133620689656,0.041318696120689655,0.01756989796452719,1.504,-191.26184932257547,57.09638662220914,245.86855573659147,45.11522725061329,-45.54784395598419,26.561820014231383,0.7068965517241379
1.0,2.105375,9.824869155883789,169.0728582627381,71.53229662176292,213.12010032569688,-24.489002227783203,-5.784051895141602,393.9158286965769,944.6398747131498,0.26999250054359436,0.09155713021755219,539.5741179441574,435.5327801828607,1436.0795454545455,0.033099550189393936,0.01406378310582814,1.792,-218.32511739791633,44.97412955667155,221.156534810637,31.401355763887214,-18.467888584881397,42.245626746472034,0.9848484848484849
1.0,1.94025,7.112537384033203,203.51264300762728,197.70280407057922,208.25243050696125,-19.557228088378906,-7.070045471191406,533.7658319843318,1143.4377447676825,0.273550808429718,0.09155488014221191,691.2200458828661,519.1575533088279,1708.7602459016393,0.04716316598360656,0.015377238336093254,0.416,-178.9543769781509,44.279983208511105,235.29772350438606,38.613729672163686,-51.0322079167171,22.675594053245888,0.7704918032786885
1.0,2.291125,6.474862575531006,182.23921660085017,76.2248511627881,214.35469250725862,-18.45827865600586,-7.763707637786865,400.6789149241295,978.7762369605654,0.24906693398952484,0.07121197134256363,674.9932682351483,496.1692639015938,1630.642361111111,0.04564073350694445,0.011779619224412832,1.984,-191.47257636314288,40.16137627504875,246.66077357715292,33.32479592350043,-50.94160912325688,28.239638453611107,0.9583333333333334
1.0,2.126,8.305266380310059,174.7488341310122,75.7858283255199,250.53288772482563,-20.958871841430664,-6.566877365112305,395.2182607602515,1057.9025438655233,0.27592045068740845,0.08354242891073227,539.2143138081587,474.67151349850104,1513.2929104477612,0.025376049440298507,0.0077713844504769475,1.888,-213.5662928081414,49.16918219191938,222.58873521507402,35.77661101073978,-25.259175701013014,36.02533960884593,0.9552238805970149
1.0,1.527375,13.907331466674805,109.23282105308776,71.12030090986407,130.43520697655643,-28.819740295410156,-6.753988265991211,366.6547993063168,1002.4143647712364,0.31957826018333435,0.11815009266138077,558.4232706431135,464.92932071747623,1462.890625,0.04449462890625,0.018362995899880045,1.088,-178.19134124021124,62.22835485365291,260.65176121802455,34.53854083639647,-27.210723124041873,34.10781256254431,0.8541666666666666
1.0,2.126,8.092350006103516,164.99242941063883,82.64503181542116,220.63576443274928,-20.299131393432617,-7.477680206298828,378.88726386864096,954.2014188466968,0.26612406969070435,0.07298828661441803,560.6466197685896,446.43879300556733,1444.9626865671642,0.037080223880597014,0.017621773315706038,1.696,-211.35564690900657,53.39000242678753,233.87485357033717,32.892694578275524,-24.852791742063943,41.87825571147184,0.9104477611940298
1.0,1.816375,8.997664451599121,161.808623379878,77.55723809168673,263.9015821545788,-19.965585708618164,-8.246406555175781,424.91388922683063,1000.769106856284,0.29116055369377136,0.07596518844366074,583.9914724902866,447.53979494355315,1478.892543859649,0.048742461622807015,0.019143877049017367,0.896,-180.887210176085,50.11776861408599,270.9706692012338,25.01163543544641,-29.884355748544642,36.59069061334836,0.8421052631578947
1.0,2.146625,11.918493270874023,168.2264024865109,74.91535384383408,218.10154653305153,-29.16653060913086,-6.021442890167236,417.02293004928043,1011.0522583441403,0.27361708879470825,0.10844368487596512,539.0814779795818,466.84294373479787,1521.829044117647,0.030517578125,0.011937364911723982,1.792,-214.9972844469496,56.25620449384863,227.72020836378317,42.11536638181019,-20.82701109931411,34.91073921432368,0.7941176470588235
1.0,1.837,6.136164665222168,185.17771353108964,103.52649238413775,208.25243050696125,-14.221166610717773,-6.413540840148926,495.58347463632145,1120.844395316798,0.3162616491317749,0.08462896943092346,669.4017027277329,509.8734402893839,1668.103448275862,0.04296875,0.015129927999126611,1.76,-181.73457843405058,57.339904103971776,247.88183952317024,46.05952728228058,-54.18899004907004,22.381089179148177,0.6724137931034483
1.0,2.1053125,10.389299392700195,188.576214719372,70.71067811865476,240.60500721642333,-26.30561637878418,-6.330881595611572,400.7002240357815,1028.9879113638776,0.2580958306789398,0.08762063086032867,611.0789391782054,504.28307279427617,1642.9924242424242,0.03363222064393939,0.011203260317999708,1.792,-201.57927237849688,50.16596316392683,230.64474016377295,36.81354669042215,-37.29363384721768,31.126776530450023,0.9696969696969697
1.0,1.5068125,9.39537525177002,130.0169101481048,72.3634618720189,160.5845763726753,-24.13134002685547,-9.68332576751709,480.3172623903077,1082.4300359206222,0.2701944410800934,0.0654093399643898,745.4777862280271,550.1348905612386,1783.203125,0.0601806640625,0.020492911601971267,1.376,-159.74058457524436,38.798979694922814,272.1016476106851,28.618687341902113,-70.59925849472745,30.402062078060357,0.875
1.0,1.79575,7.581524848937988,189.3294714870246,59.46035575013605,211.89261887185907,-14.193028450012207,-6.151996612548828,368.24842594362696,970.9815838255505,0.2933978736400604,0.10714011639356613,672.0255862781038,510.52861752388753,1647.4780701754387,0.041478207236842105,0.016808490586488554,1.536,-187.93257896904177,62.98576015038978,233.0194200614452,45.21500290411932,-54.30036399800787,23.02156056126466,0.9298245614035088
1.0,2.2704375,12.922000885009766,196.0338861826863,65.59540522187244,266.96797083400685,-33.777870178222656,-6.545124530792236,383.43102580029216,959.6079182988278,0.220582515001297,0.09467568248510361,558.8898188989618,460.2101642180489,1529.0492957746478,0.031923965669014086,0.010356507128390096,1.824,-234.97882985266162,61.70169825751225,232.39589225714224,31.851489930131233,-27.46936727779965,44.10404053503488,0.9295774647887324
1.0,1.79575,6.218044757843018,187.68020063553516,83.60532082885095,214.35469250725862,-19.39220428466797,-6.528680324554443,377.76616402249533,983.4781875720281,0.30196771025657654,0.08419689536094666,662.2127465332611,508.2011922786576,1624.451754385965,0.0429516173245614,0.017556687734619738,1.568,-184.84741265577932,56.301590837219265,236.6579260463376,46.13669641178434,-51.94569613435252,18.0904998061897,0.8771929824561403
1.0,1.7338125,6.067485332489014,170.25171337543813,106.56005016284841,198.8480847635095,-19.731719970703125,-6.98335075378418,398.1983173075734,1007.5045897234331,0.2942899167537689,0.07066484540700912,654.9996745593194,509.7927264121284,1644.3181818181818,0.043892045454545454,0.015506271862940573,1.568,-177.12855690269637,40.355573363326094,252.30740935438087,34.412029472471836,-51.01674143395768,26.499268639647767,0.7454545454545455
1.0,1.9815,5.655441761016846,177.54705570819837,81.22523963562355,215.59643660857103,-19.08725357055664,-5.8414692878723145,509.7513659717092,1092.397001533695,0.3133081793785095,0.08287035673856735,672.3659931902044,511.57222111819203,1654.9899193548388,0.04399256552419355,0.015543499860795796,1.856,-173.22002817426326,49.6152953657539,236.80496941470042,39.14991042747289,-52.81076376070944,15.659939269730478,0.9193548387096774
1.0,1.7131875,7.9340739250183105,196.70138505802396,80.29228818633764,229.73967099940702,-20.629919052124023,-5.4302592277526855,389.90568471201846,1000.7033068257157,0.28542080521583557,0.09220477938652039,589.6067785360929,481.0796620683953,1564.236111111111,0.031665943287037035,0.010385427216451432,1.376,-215.2641638676097,51.126958488484675,222.17943385582583,37.58283158415535,-37.06047788254158,35.44204055457405,0.9814814814814815
1.0,2.105375,6.919076442718506,205.2266630982123,127.45606273192622,256.3888163841458,-19.101165771484375,-6.256248474121094,441.0133042983637,963.758645752946,0.2785230875015259,0.08611200004816055,650.3237840285533,479.4713719404863,1609.6117424242425,0.04290956439393939,0.012419003314536324,1.92,-194.0843199164906,41.739251252049904,236.86384069930276,36.774424307187914,-44.75352904145373,35.110359504195046,0.9090909090909091
1.0,2.0434375,5.691816329956055,182.5432419133775,85.55950256826023,211.89261887185907,-14.153711318969727,-7.20182991027832,522.5259070668718,1063.4938246837387,0.28304335474967957,0.06341026723384857,684.8317883879854,504.13940070975906,1649.4140625,0.0491943359375,0.01664772347933412,1.728,-175.515322361163,43.34792687387841,241.85832708413417,34.224261791058915,-52.046940821083844,28.48681689253821,0.953125
1.0,1.9815,10.55784797668457,190.66576462989028,70.30341458111748,214.35469250725862,-26.374309539794922,-7.382495403289795,432.4365384357441,1028.274698142618,0.24758997559547424,0.07846008241176605,637.2463570356774,490.18622672006285,1628.780241935484,0.04125189012096774,0.011056455985070856,1.568,-202.88900167575258,40.812988040211,232.1152711824655,31.156019467463445,-39.380848295429686,39.29557779248239,0.9354838709677419
1.0,2.476875,5.8876447677612305,178.38710451819773,84.08964152537145,216.8453740602837,-16.989524841308594,-7.051829814910889,432.6547945722907,1064.0989723812406,0.27175310254096985,0.06390660256147385,666.6265346530457,508.0706251257418,1625.2003205128206,0.042605669070512824,0.017474255873531346,2.144,-185.2518238710672,50.32671837775396,234.3997798659883,37.702564176516304,-48.372551802453906,29.547493697207965,0.9743589743589743
1.0,1.6925625,8.734476089477539,178.6061528600803,74.48387315613512,220.63576443274928,-25.618213653564453,-7.513417720794678,349.21147577037846,994.7500439442268,0.2837322950363159,0.08329804986715317,597.3227178907788,483.61820012706545,1578.7146226415093,0.03434551886792453,0.013943890821042549,0.576,-194.83184940752292,57.51965169110674,236.95504882099814,39.26446397266676,-38.767702645296524,31.23871319715337,0.9811320754716981
1.0,2.0434375,5.167217254638672,182.92839457195197,74.91535384383408,229.73967099940702,-17.020601272583008,-7.420439720153809,487.89339592187144,1057.076258477711,0.2849414646625519,0.060919858515262604,663.9020363000332,499.28223891433333,1621.337890625,0.0452880859375,0.018630425322259645,1.728,-181.37966169354638,47.997794842542596,241.9291683993279,39.157502532533364,-49.01524406078499,25.89061272321049,0.921875
1.0,1.79575,7.393815040588379,161.363100532847,71.53229662176292,205.86044732869837,-25.611125946044922,-6.383280277252197,496.8443673882798,1123.573060909988,0.290065735578537,0.082882821559906,583.6577117508307,486.4775840922615,1561.1293859649122,0.03608141447368421,0.02080179153260503,1.76,-200.49791533266497,67.96776560077026,224.41462803308656,39.05533071828319,-32.723750470984555,39.83906372685432,0.9824561403508771
1.0,2.0021875,7.815560817718506,166.9093809690433,72.3634618720189,207.05298476827548,-25.069169998168945,-6.877084255218506,430.16383732908463,1027.7995713169796,0.26456859707832336,0.07515545189380646,652.8135166399459,492.7975668445089,1581.3492063492063,0.047727554563492064,0.018915847340849758,1.76,-200.9730198795489,59.278998036884516,245.87208457480173,38.08445537084859,-50.43593397338764,39.180622264874906,0.9365079365079365
1.0,1.775125,7.437629222869873,191.4456598690432,82.64503181542116,207.05298476827548,-19.726781845092773,-6.387925624847412,511.31215048648636,1090.3766697252097,0.2583892047405243,0.08313437551259995,642.7969377867515,507.09319120636366,1663.783482142857,0.04045758928571429,0.014141932766913745,1.472,-201.2256640031615,48.22186930235524,229.39237022088764,39.80848040172293,-42.00937414193705,34.07562940729486,0.875
1.0,2.08475,6.581482410430908,189.76677540941571,107.17734625362931,216.8453740602837,-18.20194435119629,-7.093240737915039,402.7029987815263,1017.1527536136545,0.288180410861969,0.07807398587465286,672.4021901485278,521.3971048175664,1701.941287878788,0.044256036931818184,0.021912671363919688,0.608,-181.4911068067058,57.5441345857926,240.11815469737377,43.26075858951902,-53.59260419789727,28.31440562274119,0.9090909090909091
1.0,2.2085625,8.533008575439453,180.740202353527,75.7858283255199,232.40911739156792,-24.215986251831055,-6.508221626281738,402.9086282354586,1021.0226800115382,0.28258541226387024,0.07843995094299316,637.7680110895892,491.6665946564683,1619.642857142857,0.042257254464285715,0.017292856238512528,1.76,-184.51145718496556,50.91483394988989,235.3667463074273,36.92334899839624,-41.6596645257262,33.01034026691927,0.9428571428571428
1.0,1.919625,6.139891624450684,207.59914418427795,167.2106416577019,246.2288826689832,-14.587725639343262,-7.622732639312744,410.6845075290746,1035.230243078821,0.26624467968940735,0.07164786010980606,714.0723461886749,515.3571923135446,1681.7708333333333,0.04757486979166667,0.015591487974430432,1.568,-184.45620778904424,50.75109002307421,251.08367649711528,35.65886218014335,-65.0723589452523,30.34187461230026,0.8333333333333334
1.0,1.9815,6.59656286239624,172.34308125569657,111.59971426302234,232.40911739156792,-16.388038635253906,-7.524402618408203,428.3671803940617,1063.8279281693403,0.27660250663757324,0.05680614337325096,638.8829636547683,481.48744735049706,1566.532258064516,0.04474861391129032,0.01585807393038537,1.632,-186.5963984069953,42.503929474769606,260.3366778033988,30.07007978263825,-50.59309656131312,33.16381347125468,0.7903225806451613
1.0,2.1879375,8.137008666992188,157.5735414021113,72.78265914210937,214.35469250725862,-30.19150161743164,-6.270759105682373,401.29949583236095,1049.1824676199867,0.2671678066253662,0.07582573592662811,559.4171867628452,470.22889406273845,1525.3623188405797,0.03937386775362319,0.017098630758628608,1.856,-206.6301830547519,54.99272491766485,244.9862373216538,34.27827895833433,-23.80433996684368,35.98046236582386,0.927536231884058
1.0,2.0640625,13.640508651733398,190.60423147559834,64.46851542197895,254.91212546385245,-33.52577209472656,-6.108410835266113,310.2724973052289,904.2798102958062,0.26458507776260376,0.09732450544834137,543.8384040495357,453.48411154592645,1484.8557692307693,0.02860576923076923,0.007646837090078636,1.6,-215.93257749505068,54.582902039609316,231.69649014761765,29.821101215435682,-23.785879986016823,43.81407154527039,0.9846153846153847
1.0,2.2498125,8.74240493774414,178.3651424979538,72.78265914210937,244.81070866093103,-20.221038818359375,-7.60650110244751,371.01683373671796,923.6599929996255,0.28965523838996887,0.07071556150913239,623.0928821554659,478.26472552636795,1566.4612676056338,0.04633857834507042,0.01632850795719694,1.76,-173.56585159620917,47.82143542087617,260.7913233078505,27.450085562365416,-41.334980283930975,29.088185894284223,0.7323943661971831
1.0,1.919625,7.2314300537109375,171.14747005163966,91.70040432046711,210.67220719096719,-18.482349395751953,-5.460815906524658,389.7214731729794,992.7187643099409,0.30837708711624146,0.0871596485376358,546.9025604634527,440.7618821719847,1439.5833333333333,0.034684244791666666,0.015055637665947372,1.504,-202.7173116024032,57.72140933671444,243.48756399510563,35.21192308258917,-28.66600463962213,37.94850137941294,0.9833333333333333
1.0,2.2291875,12.57879638671875,167.67607543926204,62.27248111794115,214.35469250725862,-24.718856811523438,-7.086551189422607,313.7299865864641,931.7048277586708,0.2640872597694397,0.09561537951231003,496.77205989894634,414.8688629621739,1350.2232142857142,0.028208705357142858,0.01126897133519134,0.832,-227.17979899579555,61.32533563962433,226.2474663457457,34.78356803759489,-11.288943547136283,45.833125740271505,0.9142857142857143
1.0,2.1053125,7.947454452514648,210.59963028771878,196.56411970905023,220.63576443274928,-16.631114959716797,-7.046808242797852,365.6720928154964,977.0360820922966,0.27707284688949585,0.0822732001543045,622.7866845991473,477.9872559348995,1558.4753787878788,0.04071969696969697,0.013914880873302036,1.696,-192.14620554128877,50.535100627075174,242.5281721721119,37.50182791802469,-41.22594256702046,27.940174013550575,0.7272727272727273
0.0,0.78375,17.511676788330078,82.53382123250768,68.30201283771977,90.12504626108301,-28.349578857421875,-5.818793773651123,464.78644348660373,1184.7983119636303,0.29300379753112793,0.150630921125412,312.3935711606203,393.8630489346337,1231.25,0.0173046875,0.00857828864825686,0.608,-244.742820890269,24.177073493978305,210.89461208019253,19.228368257930917,20.48116960978743,5.13443835921419,0.96
0.0,1.6545,10.122892379760742,91.30680676278693,75.34933407372878,98.85140203528961,-26.286739349365234,-8.47504997253418,371.28033640976395,904.5118528147253,0.21672672033309937,0.07592257112264633,559.642913211323,487.6371343114945,1549.8798076923076,0.045973557692307696,0.021834792318614623,1.248,-220.4687234025843,34.831820780273375,233.2847976357108,21.799288501099742,-25.114973439581938,26.050862481515637,0.9615384615384616
0.0,1.828625,14.75279426574707,84.66285384085404,66.35758711692841,92.23161935859392,-32.53220748901367,-9.358001708984375,393.67205519917724,956.9020130697681,0.13846610486507416,0.06913217902183533,437.7308313797299,423.334607190772,1405.4418103448277,0.0348700161637931,0.014975919820027564,0.576,-278.6192940086285,26.70651484777978,225.0071782372505,15.943451412294522,10.296945005901286,21.293939658046387,0.9827586206896551
0.0,1.619625,10.845995903015137,85.83429647758912,73.20428479728128,92.23161935859392,-22.970428466796875,-7.088565349578857,350.1401223081598,1057.301692028863,0.2276107221841812,0.07426097989082336,371.1188642020472,390.23680215855114,1195.4656862745098,0.025160845588235295,0.018308243304132873,0.32,-254.83168135598964,42.80394421333339,211.9797536273716,26.49868519446972,16.348171531347912,25.10649576671723,0.9803921568627451
0.0,1.486125,12.112556457519531,101.01824666552325,63.72803136596311,122.40535433046553,-35.459041595458984,-6.658198356628418,255.73584625409808,943.7102818976442,0.25849655270576477,0.09752920269966125,426.6946679677973,447.40148728485053,1437.1675531914893,0.024351728723404256,0.010622337218322845,0.992,-233.81484899452067,51.46876797992067,235.6313965817427,31.056504931076336,0.29101128485673877,28.073139100020057,0.9787234042553191
0.0,0.825625,14.79129409790039,85.15729612323237,64.46851542197895,94.93421209505193,-30.275861740112305,-7.522027015686035,323.0913455785853,908.3676720789769,0.2636774778366089,0.09951650351285934,531.6245356788687,455.5554998003656,1429.0865384615386,0.047776442307692304,0.01300903026122304,0.288,-202.99113310326283,30.43888938308201,266.89520729077486,20.541317337847545,-22.712840027800503,14.3859468903572,0.9615384615384616
0.0,1.0320625,6.700306415557861,99.37846817361368,74.91535384383408,104.72941228206267,-16.163984298706055,-7.147709846496582,472.1808409932217,1052.0327070752671,0.3410010039806366,0.07186151295900345,524.6869198916031,461.34393122886945,1380.2083333333333,0.039240056818181816,0.019371467850760073,0.864,-194.6363780935397,51.974892909990075,253.4743277711783,29.81915226586453,-24.035241183578343,43.064635902434794,0.7878787878787878
0.0,0.99075,16.35852813720703,83.37277153098655,62.99605249474366,94.38743126816934,-27.015275955200195,-7.566924571990967,396.7632047608287,971.7978203041877,0.26642170548439026,0.11237385123968124,486.8572819461494,451.1522483504488,1423.3870967741937,0.04142515120967742,0.012448837896829806,0.8,-205.61250980271856,40.75984020833254,263.9264518710066,29.902036029884847,-8.444769097257236,19.204066169722136,0.8709677419354839
0.0,1.3829375,10.767108917236328,94.20330547770715,72.78265914210937,111.59971426302234,-34.60844802856445,-9.1911039352417,332.31901235453955,979.5941339264036,0.267112672328949,0.07327784597873688,418.1453220714915,416.5887475638523,1192.8267045454545,0.031028053977272728,0.02041444990846167,0.928,-245.68831182140502,70.05823097538625,233.7848844830213,37.19455906884988,-1.6470599732996327,44.06620735132106,0.9772727272727273
1.0,0.846375,21.161813735961914,126.23291968720511,123.11444133449163,128.9370308439579,-35.22547912597656,-10.012618064880371,476.61556035832996,931.9282345248834,0.13561993837356567,0.09061481058597565,551.190984870016,402.3361036374249,1358.7962962962963,0.05309606481481482,0.015820777215799005,0.384,-270.3317007148516,59.545493272242744,230.71839118109432,33.469360842085166,0.47758901410879234,40.88728200903194,0.37037037037037035
1.0,1.737375,22.74933624267578,196.34402939324121,84.08964152537145,256.3888163841458,-44.325843811035156,-12.468581199645996,390.1083659956351,948.9124758869297,0.07472513616085052,0.05898423120379448,458.95497066831854,382.50249466318934,1260.7954545454545,0.03698508522727273,0.010652314100923758,1.408,-351.35914905001044,43.68358495807224,202.60644887405783,28.404459525134314,23.445027186322374,30.619266641715413,0.8363636363636363
1.0,1.4106875,21.014122009277344,,,,-31.461788177490234,-8.150344848632812,395.1762604227219,1018.4954188820872,0.1317354142665863,0.09459535777568817,560.6423717209962,407.70001015936276,1378.125,0.05622829861111111,0.02683562547271742,1.088,-281.44372113255,66.0161207305125,227.62136682734393,36.869121841659606,-8.63566510326931,45.34839748529797,0.0
1.0,1.5443125,19.205224990844727,162.74864034501377,87.55936114058852,301.3973362949152,-34.47802734375,-7.880871295928955,421.12847176569767,1016.1862955613706,0.11266811192035675,0.08806851506233215,535.9506313637095,386.44897786497097,1300.3826530612246,0.048549107142857144,0.02370502610241009,1.216,-291.6116341702476,70.58930336588814,212.19351189296216,40.08794242717536,2.837449151793447,47.74279056519262,0.673469387755102
1.0,1.2621875,22.433429718017578,168.756406174901,51.76324619206888,224.49240966187455,-36.656524658203125,-9.575519561767578,425.1057474762817,962.9869784242686,0.14693006873130798,0.09133534133434296,575.3454377916056,406.01175270666556,1356.25,0.056591796875,0.01957264899584621,0.768,-275.14147857664375,72.12574494444183,251.80054312863913,38.71262983549837,-19.812018849623353,45.53496200830995,0.425
1.0,1.1730625,24.058124542236328,,,,-31.770933151245117,-5.770214080810547,458.59564670959446,926.4614989673809,0.25230664014816284,0.16341818869113922,573.5728757085683,393.45087274185533,1381.7567567567567,0.05753800675675676,0.016053590585078072,0.64,-221.84079344188575,72.68057393250436,262.89365136275364,42.08959589613499,-16.9813691623534,37.605112161535246,0.0
1.0,1.15825,20.671472549438477,276.1220237202326,211.89261887185907,315.65165893545657,-37.4896125793457,-9.156216621398926,347.5775735658708,986.088482399527,0.13420024514198303,0.09416721016168594,479.3286823056753,366.9598422970331,1165.5405405405406,0.04246727195945946,0.015736153186084175,0.768,-293.19778348551324,80.588235928338,219.81780115595777,44.389535654067785,7.261211889744676,46.2666600317567,0.6216216216216216
1.0,1.084,19.727977752685547,280.9335291932627,241.99881784385852,338.3070714525794,-29.559303283691406,-5.563265800476074,333.9014758042894,881.3172502694276,0.2745647132396698,0.16155822575092316,528.128793194417,387.7961316575028,1273.4375,0.04351447610294118,0.016530773291233578,0.544,-231.32660343213854,59.85074353784903,204.83367196532123,32.07643737786752,-3.3662389202208765,41.82809732302723,0.9705882352941176
1.0,1.084,23.095216751098633,270.44413924704656,232.40911739156792,303.14331330207966,-32.935089111328125,-8.54507064819336,325.24483934952923,892.9468824786817,0.20028142631053925,0.11673863232135773,446.36497473978704,336.6473639955452,1160.3860294117646,0.03745404411764706,0.009071377174094376,0.32,-270.2249388396894,64.35032106563106,203.22503892232126,39.14104719507708,10.861660533302526,35.97876894911123,0.6176470588235294
1.0,1.3215625,23.21213722229004,209.81036080395535,85.06671609508557,308.44216508158814,-39.76034164428711,-7.00835657119751,323.34387156156504,899.0472295105118,0.1413671374320984,0.1270289421081543,482.8422849955015,396.1990777905906,1247.3958333333333,0.03550502232142857,0.010588519362794957,0.96,-289.27232831716145,65.29226572104376,185.29382909542846,39.99566414241192,13.498404617357767,40.70900506738996,0.9523809523809523
1.0,1.381,19.168514251708984,274.1043751912592,215.59643660857103,346.21462440245716,-33.425148010253906,-7.4799628257751465,335.5045003319091,1003.1287103538243,0.1746724396944046,0.12418080866336823,505.2083298389172,391.36935147999634,1299.0056818181818,0.04208096590909091,0.015040933333579407,0.992,-276.35445289013575,67.76093150990886,191.6841539207543,38.43773413830223,1.1987090932572506,44.87719568832025,0.9772727272727273
1.0,1.3364375,17.019287109375,179.80293665633027,82.16903145857903,273.20805135087915,-35.64421844482422,-10.74808120727539,407.26145535508067,1019.6708772131857,0.11301131546497345,0.07101854681968689,560.1025174005713,372.1879326499726,1284.2261904761904,0.05173456101190476,0.025817623572711744,1.12,-300.8380133751007,66.99725604954412,234.82643508619583,31.381701881689605,-12.383361082440345,52.95475134842518,0.5952380952380952
1.0,1.069125,23.47285270690918,264.45298663717915,251.98420997897463,273.20805135087915,-32.56471252441406,-5.293323993682861,295.93399579031933,907.0114219208234,0.25865668058395386,0.17609669268131256,435.2135116172465,363.9698068336534,1225.6433823529412,0.03285845588235294,0.00399066048551434,0.576,-270.7727198569757,63.4725757773422,183.41693482411262,39.9857952904758,17.203722947537873,34.082448019706405,0.9705882352941176
1.0,0.846375,16.4397029876709,189.22857275586367,96.59363289248455,273.20805135087915,-30.763648986816406,-9.894116401672363,399.2626017874955,1000.7586669100561,0.15691855549812317,0.07640236616134644,510.1030592557004,370.1494151542172,1215.2777777777778,0.046694155092592594,0.013998750936295646,0.448,-290.0269050134063,56.24215747298124,238.18307586172344,33.35320340683544,4.162999639018766,36.854332723699855,0.7037037037037037
1.0,1.291875,20.41682243347168,277.4902363006006,241.99881784385852,338.3070714525794,-33.229007720947266,-6.67470645904541,351.20023989584087,953.7397349061833,0.1578122079372406,0.12679019570350647,479.0224441705821,378.8084842172667,1257.2408536585365,0.0390625,0.012326256562636608,0.864,-276.30711259255776,69.08373986320098,192.23080564359876,40.788370235542914,13.770061501497963,40.39214548927759,0.9024390243902439
1.0,1.024625,22.033803939819336,263.3807777097908,133.48398541700342,354.3070076409443,-36.66386413574219,-6.386839866638184,344.1101573688433,957.5109496916675,0.20573556423187256,0.15611127018928528,486.1721111220113,397.8166040651031,1357.4810606060605,0.03586647727272727,0.0062473764509088,0.512,-263.1113257044103,63.56827927527342,195.6303379106088,38.442048834116115,13.981463956519908,35.0101828814023,0.696969696969697
1.0,0.9651875,25.81273078918457,268.2093237147075,262.38162088748976,284.4812036394563,-35.749141693115234,-4.781830787658691,286.6645766696131,846.9711663977117,0.2546936273574829,0.1812199205160141,440.43698261750603,355.62324367265074,1136.592741935484,0.03424269153225806,0.004546342329455257,0.448,-260.8529770855981,72.59297170262076,191.58677050194567,44.233693531532985,16.349311207352603,38.95729359705449,0.967741935483871
1.0,0.7424375,17.309743881225586,254.5801040235791,235.10958125672175,263.9015821545788,-27.135190963745117,-5.79500675201416,319.3835491387823,973.0617291491559,0.25449445843696594,0.15191371738910675,427.6712845294585,360.12195619492036,1203.7760416666667,0.031331380208333336,0.0047081105677476325,0.32,-256.62448977832463,46.345969031259294,191.9560872094199,27.657163413805613,18.31297101354382,28.75800328862985,0.9583333333333334
1.0,0.846375,21.453632354736328,267.10316669537826,223.1994285260446,284.4812036394563,-31.10678482055664,-5.902713775634766,331.250506387587,896.3233515919795,0.2511630952358246,0.15098686516284943,481.64394398979175,385.84763343794265,1247.1064814814815,0.03587962962962963,0.005457322824478028,0.544,-250.449406176649,52.176156861178164,215.66879152909834,32.77408810387585,6.054664548229922,32.15371928310644,0.8888888888888888
1.0,1.49975,22.026222229003906,221.67269556084597,82.16903145857903,253.44393965741244,-39.89630889892578,-11.168172836303711,291.1742318975009,785.4189702865133,0.09976634383201599,0.07555025815963745,410.06961203895753,318.0638538482557,1064.4946808510638,0.03422124335106383,0.00813555952952325,1.024,-348.6329376908797,58.98386515025094,186.62222221732156,34.72724019926533,24.377478068285683,38.063902481827874,0.9574468085106383
1.0,1.4255,21.622085571289062,192.7306325711943,77.11054127039704,251.98420997897463,-39.74985885620117,-9.888235092163086,332.266448324914,753.1883030483638,0.10319320112466812,0.07463192194700241,434.6955567550767,351.97856652779495,1091.3194444444443,0.036957465277777775,0.011326919303120422,1.152,-332.1568208040974,42.877160168231576,208.12910231579215,25.196746651267574,23.880016550902493,32.62197664469553,0.9333333333333333
1.0,0.6385,13.086292266845703,263.6286118452601,254.91212546385245,271.6344887654643,-25.296466827392578,-8.350808143615723,367.29748886343504,1030.9283684808654,0.19971689581871033,0.09412314742803574,467.5315003326323,398.21575702392204,1328.90625,0.034814453125,0.0068934176574999735,0.192,-262.59827165497836,31.673091207518393,212.89563604850917,25.099379364283166,6.590296279500487,26.274881960912282,0.7
1.0,1.5295,14.481525421142578,247.51564173084628,208.25243050696125,286.12918648705164,-27.96476173400879,-6.963565349578857,417.18952831364714,937.5494868827951,0.26015326380729675,0.11322744190692902,592.044719804841,422.02605066327715,1509.765625,0.054036458333333336,0.01800508373196418,0.96,-215.50348514853076,43.03853033520242,239.04265522895025,30.674112284167325,-24.704093532142156,26.351779905820443,0.6041666666666666
1.0,1.2770625,22.222078323364258,188.90863779328686,83.12378961427878,266.96797083400685,-40.47761917114258,-9.806097030639648,376.52177600413444,981.8790663653948,0.09253838658332825,0.07860172539949417,464.33583477047557,385.90314105587856,1263.28125,0.03603515625,0.009261396655881776,1.088,-318.4875565435468,50.497660358353386,201.85861208283183,33.82784023331939,13.69263893097568,26.56338568668942,0.925
1.0,1.5669375,23.145442962646484,235.92314263004673,83.60532082885095,274.79072949161787,-38.83403396606445,-8.325727462768555,351.193467122102,1047.3868540278118,0.16394220292568207,0.1245855838060379,464.20160038326367,371.49368493951414,1259.5663265306123,0.03441884566326531,0.005914028867448137,0.864,-300.6283766071787,53.37485723839607,191.70803576492347,33.39864453723331,5.369007794235718,31.793159773647126,0.9387755102040817
1.0,1.9346875,24.800899505615234,125.90809970304946,66.74199270850171,251.98420997897463,-41.99241256713867,-13.240217208862305,457.92057068475395,939.846760191264,0.07888664305210114,0.0681600421667099,553.1871154160312,409.1506982532268,1344.0061475409836,0.052830430327868855,0.022547918353028253,1.568,-343.3883698279008,60.50197128858384,221.99457937233745,31.046986527973246,0.17500893034460424,41.411393229081405,0.7213114754098361
1.0,1.3910625,27.449966430664062,135.94281444725948,110.31788221637464,154.22108254079407,-34.172447204589844,-5.20266056060791,429.5343509091053,935.7437773267712,0.1974492073059082,0.1693587750196457,530.1538770740385,384.23134479100514,1301.846590909091,0.051469282670454544,0.019808468041595653,0.832,-254.43835066256636,82.02685513561829,233.5202198555331,48.47509005474187,1.9976462502402532,43.456923502417645,0.36363636363636365
1.0,1.6149375,24.578311920166016,134.48397171421553,50.0,249.08992447176465,-43.21416473388672,-12.993432998657227,396.4674844738128,883.7263520767423,0.0921449288725853,0.06470201164484024,528.8924984065011,401.9961092133985,1276.0416666666667,0.04704733455882353,0.01826541581971847,1.216,-330.73937408022954,55.44500437167327,228.5026210616401,30.389962652551908,2.169706554409286,39.48802927883271,0.8431372549019608
1.0,1.5669375,23.385164260864258,214.47734810168203,190.9683207820833,284.4812036394563,-37.2827033996582,-3.999347686767578,402.8084607608602,928.4269422188172,0.2786477506160736,0.19755782186985016,548.7650021779231,390.94793446003564,1316.3265306122448,0.04667570153061224,0.020399792569931872,0.608,-224.59168194424362,81.65011608670154,206.79770010081057,42.21472511728634,-0.23983308888693303,49.12723855594552,0.8571428571428571
1.0,1.10325,22.8586483001709,273.17467073270757,262.38162088748976,296.2195104573129,-32.795528411865234,-3.1563096046447754,305.30609452966695,925.9530285727793,0.24742932617664337,0.2315070480108261,436.51808729089225,351.10061395880945,1143.3035714285713,0.033035714285714286,0.004706560683619256,0.64,-259.7775906468435,74.98712685318722,175.9382259380202,46.86837424681526,25.263231647034388,39.78068014240166,0.8285714285714286
1.0,0.8314375,17.081878662109375,311.8106235076773,220.63576443274928,364.6889954232867,-29.15156364440918,-8.7096586227417,375.3443195359647,912.5004206896352,0.19683724641799927,0.10744304955005646,484.81671068476857,378.4756154059096,1318.5096153846155,0.042067307692307696,0.010241998426156643,0.352,-264.3786588328809,46.7615789239886,214.56120857565702,23.21651136441369,0.8522285338598466,31.28159955135251,0.6923076923076923
1.0,0.6555625,18.197324752807617,120.42119912405447,91.70040432046711,141.4213562373095,-32.23942565917969,-8.971861839294434,431.5831245463564,1043.0708139660546,0.18768887221813202,0.10230094194412231,588.8397803857317,455.05558269126163,1467.2619047619048,0.04994419642857143,0.012052258078526237,0.224,-245.08050901505322,61.61881347146851,235.86884223628363,33.859704447309056,-10.575159512539104,42.43182263247896,0.5238095238095238
1.0,1.487,23.362342834472656,126.75143427855544,77.55723809168673,205.86044732869837,-40.82693099975586,-10.951438903808594,418.2437637999072,1047.953313586591,0.11841478943824768,0.08429992944002151,529.0396580898258,399.13660321245607,1347.7393617021276,0.04695811170212766,0.019799346184069942,1.184,-299.1810727871328,72.14326718420006,224.7050293175943,38.83454843157512,-1.6452481643353392,47.016078450385336,0.6382978723404256
1.0,1.694875,32.056053161621094,244.4429213004086,93.84379966711431,281.2136583244699,-37.78681182861328,-3.30613112449646,309.63750031413616,950.2216375900371,0.22033093869686127,0.21024663746356964,446.6524447508793,350.82546734460175,1193.691037735849,0.033737470518867926,0.004483471045019436,1.088,-266.49631741594305,76.73987966932708,166.9208184048421,48.093522595702446,21.267010457355536,39.44156393137681,0.9622641509433962
1.0,1.87075,34.25306701660156,237.57377333876556,78.00652260133735,273.20805135087915,-42.656673431396484,-5.365077972412109,327.6961409830034,966.5372305921669,0.1717587262392044,0.17694035172462463,438.59699745618735,355.4758150038156,1185.9110169491526,0.034527277542372885,0.008058484119678272,1.248,-309.9494770390054,68.59244916414285,154.25930387547018,46.12508433363131,21.015342930460562,35.02802915380666,0.9491525423728814
1.0,1.503,20.961700439453125,156.96179146295074,84.57676786314485,296.2195104573129,-43.683494567871094,-9.677667617797852,424.73219031116287,954.0233936824201,0.11278797686100006,0.07752447575330734,552.9236193856226,387.5702664640363,1387.3005319148936,0.05348238031914894,0.02819084433204739,1.184,-304.5836651212803,70.64454691879055,237.67172651973357,37.35867398105472,-10.356872342947248,46.76155494829652,0.723404255319149
1.0,0.927375,24.24696922302246,272.06381293378837,257.8740616879158,282.842712474619,-30.465200424194336,-4.531398773193359,305.4011389235587,901.9114036487497,0.21852436661720276,0.17609593272209167,443.8641321162093,355.2042469529781,1178.3405172413793,0.034651131465517244,0.0048362590138190395,0.512,-268.5438613032262,52.017666704330175,171.86955647270184,33.424373659033286,21.48540072885772,29.6256453923424,0.896551724137931
1.0,1.295125,22.129989624023438,124.08946146927097,90.64713534281104,133.48398541700342,-37.05925750732422,-8.884136199951172,351.01431421848537,928.6364654031157,0.13319134712219238,0.10160854458808899,446.4683390249553,366.1254433033591,1200.4573170731708,0.0362280868902439,0.010925339115359733,0.576,-293.52272484490265,64.0082272868952,193.9391307967105,38.10688320730591,23.491517460472977,37.169435735642914,0.8780487804878049
1.0,1.7908125,25.084020614624023,220.36181608424647,79.829838635665,266.96797083400685,-47.110591888427734,-6.605664253234863,306.30828347552597,872.2557440718901,0.13048402965068817,0.11480189114809036,440.91995954990074,347.3414430080135,1169.0848214285713,0.03534807477678571,0.00991861818644284,1.28,-307.2149972548722,54.115234331513314,176.21868370294,36.68391248077977,23.50210727396449,29.02333606262682,0.8928571428571429
1.0,2.1425625,29.00341796875,157.1109897169169,73.20428479728128,250.53288772482563,-47.92156219482422,-11.150809288024902,359.68449545404565,837.7411393578176,0.06741289794445038,0.06481082737445831,440.2306369749857,356.0946109370807,1184.9347014925372,0.03880013992537314,0.015211019467232292,1.44,-352.9081319148022,61.94030608444711,192.933623040077,43.75330413889276,30.56689294931694,29.308544496275072,0.9552238805970149
1.0,1.998625,33.205047607421875,227.49586679941976,70.71067811865476,284.4812036394563,-52.529052734375,-7.502569198608398,354.78670809764543,948.3982249868476,0.13332046568393707,0.13897520303726196,517.6523523354006,394.33258372282916,1303.5714285714287,0.04296875,0.016508753037898394,1.44,-305.23147220010173,71.81440861557094,173.6515323604798,46.46334298692965,12.231125277197044,36.81449603780851,0.9206349206349206
1.0,1.279125,25.950706481933594,243.57492206472844,110.95694720678449,268.51450055605267,-36.958248138427734,-8.121415138244629,329.62071158888733,863.7043146245628,0.14435110986232758,0.11154986172914505,410.9324748176614,316.6046380443803,1055.46875,0.0322021484375,0.00546127898931722,0.832,-311.6408837480991,58.14682360048722,184.07315945403803,38.63833236388747,30.271091256365526,29.171036555193115,0.975
1.0,1.662875,19.19542694091797,197.37613860432006,80.7574166800042,274.79072949161787,-33.272071838378906,-12.01255989074707,418.96036255927356,991.3021422585665,0.11370658129453659,0.06640715152025223,554.0944192945377,387.21631139766237,1343.4495192307693,0.052152193509615384,0.025280058425010493,0.576,-293.3006287617362,70.7597170667887,216.91269140078072,34.05688441615874,-9.889129362216124,51.154498678535596,0.6538461538461539
1.0,1.7268125,29.522098541259766,166.42010997366725,75.34933407372878,273.20805135087915,-44.2683219909668,-5.210366725921631,399.902563980992,936.1925802151883,0.1499696969985962,0.1511293649673462,450.57731086529753,346.06667038827027,1153.3564814814815,0.037199797453703706,0.013445584750422965,1.216,-288.4921283860628,72.14097491020458,173.32698702979698,44.54713683129618,25.34885088845953,39.44558601899467,0.7222222222222222
0.0,1.6036875,10.563257217407227,91.27259228474442,78.00652260133735,93.84379966711431,-36.3211669921875,-14.658202171325684,429.2826389877269,967.2895189274604,0.12172402441501617,0.03434232994914055,503.37321826599765,431.958042766986,1451.8995098039215,0.04620481004901961,0.010556037722153995,0.288,-283.4138301469615,31.82117872142914,260.2844053041309,19.37518140904134,-10.568061043282846,16.03256897143196,0.8431372549019608
0.0,1.35125,8.982382774353027,89.50745558279115,69.0956439983888,94.93421209505193,-30.08203125,-11.468018531799316,442.6343224830839,935.4763092449181,0.14439253509044647,0.04942465201020241,595.3495102520967,474.82809783411363,1591.9331395348838,0.05509629360465116,0.014891295557112659,0.32,-241.0380337567565,26.558376147062045,255.44570156223475,18.79221222778779,-22.639361049864792,16.93832169473588,0.9767441860465116
0.0,2.1976875,15.464851379394531,99.83540937727994,73.20428479728128,115.5352696872273,-37.1483268737793,-13.958235740661621,437.42901902290396,928.027352754994,0.1101793423295021,0.04526307433843613,512.7543697189666,394.7128560965442,1270.8333333333333,0.05069633152173913,0.02108288283178534,1.28,-297.13152014860583,31.383243158750826,247.61267743579964,21.120233305494697,7.557463425770722,29.689968369167715,0.9130434782608695
0.0,1.94525,6.368799209594727,74.39147909923427,61.557220667245815,92.76591169413095,-33.326316833496094,-14.458479881286621,460.0568715968013,963.5369992104825,0.13093841075897217,0.031644031405448914,637.3726128387914,483.9047202450981,1609.8872950819673,0.06597400102459017,0.01609959443217655,0.224,-250.2382335685269,28.26034321062232,281.72034595860856,15.125151932676365,-41.78894497487405,26.05455179063908,0.8360655737704918
0.0,2.494625,12.643157958984375,99.65802680574545,80.7574166800042,124.5449622358823,-38.95079040527344,-13.317423820495605,400.4769414861841,910.7889944527927,0.10964200645685196,0.04811947047710419,514.3659537789894,415.6581579082506,1364.383012820513,0.04518479567307692,0.014984030640429854,2.176,-299.6798925165449,25.73074427525433,241.93985044024166,15.18340425454546,-3.8550465292526224,27.255485317840492,0.8076923076923077
0.0,2.13825,19.226102828979492,118.40775587604253,71.946679000541,194.30638823072118,-35.02082824707031,-11.285017967224121,429.70448311274913,1018.4328790914564,0.08673325926065445,0.06486798077821732,494.15141959554916,405.01293735463935,1295.4757462686566,0.04534456623134328,0.022151916261619137,1.664,-310.91817552090515,29.69119997640411,200.70831772173906,16.474460910668807,16.764283661074312,35.3646010546755,0.9850746268656716
0.0,1.79675,23.46908187866211,182.98423937906512,73.62835290502629,344.22057489773204,-43.830902099609375,-14.172016143798828,382.8385575963162,861.9587098364055,0.0666215717792511,0.046621937304735184,479.3993300425857,384.93401122516576,1287.0065789473683,0.04219777960526316,0.013257768615878145,1.472,-355.74055139147407,41.62020671794562,232.98906048151946,27.71085411143448,13.146917616948748,24.393979229291887,0.7192982456140351
0.0,1.217625,11.588569641113281,71.01151983008742,62.63322193120639,74.0548776143282,-28.091106414794922,-12.268211364746094,423.70026775916193,996.3763819187648,0.16288049519062042,0.05200233682990074,520.1061730950832,456.6229711917252,1481.9711538461538,0.04081530448717949,0.012557186456892999,0.96,-248.05793538624042,34.430054038668835,267.00338114994815,21.413691493389546,-11.847761379576951,22.20774397748687,0.9743589743589743
0.0,1.4070625,7.96717643737793,85.52437641224545,81.695772662055,101.16194403019225,-31.0100154876709,-15.763420104980469,557.3311999847659,1185.9404210072896,0.11108863353729248,0.026556940749287605,526.0832096094699,472.1945098485622,1506.3920454545455,0.038818359375,0.012271889134568082,1.376,-286.8014977268606,14.293597569148284,258.11574164968175,12.986899417211271,-22.551487703289606,20.10447328280402,0.9318181818181818
0.0,1.4230625,10.061455726623535,91.32738153589285,83.12378961427878,100.57929410678534,-32.23005676269531,-11.789762496948242,422.752249011669,965.4953615530512,0.15465304255485535,0.054895658046007156,460.21880545972607,426.7354671662485,1371.1805555555557,0.033463541666666666,0.011365106660918873,1.216,-265.09084831671004,27.015924606395842,249.34374861327717,12.275890447281684,0.5572763037240498,21.345141091766866,0.9111111111111111
0.0,0.6555625,23.178184509277344,162.3284951577931,79.37005259840997,254.91212546385245,-40.75162887573242,-9.44689655303955,431.20405803032884,1076.5450066946903,0.1521533876657486,0.0861494243144989,428.17074418307936,377.0700532923637,1232.142857142857,0.03273809523809524,0.0066957826656087495,0.608,-268.77292879090345,26.810717885156635,223.51795587210654,22.59599822276896,22.683629366953454,6.5039748825083725,0.8095238095238095
0.0,1.0873125,15.870696067810059,98.27499278201489,78.00652260133735,126.72196982870621,-38.163516998291016,-13.104867935180664,459.2980285445606,1045.5770110847732,0.11765238642692566,0.056518808007240295,483.3410955380091,426.6203294437459,1426.0110294117646,0.03868910845588235,0.011494031801097827,0.864,-286.50732773572673,27.497295883164103,244.43557202895985,21.761380587592928,4.959622223599646,18.219293125960636,0.9411764705882353
0.0,0.959375,17.032907485961914,136.8014603313324,76.2248511627881,243.40070273411817,-38.47206497192383,-12.457562446594238,380.05026769987506,923.3639153117075,0.13106407225131989,0.0677982047200203,484.09420470346765,388.85957071710965,1243.2291666666667,0.042578125,0.016340237981089686,0.672,-287.80997232708347,30.6382441676237,237.27491985492455,18.756773434033803,8.316961919266827,28.036392048126086,0.9333333333333333
1.0,1.4901875,7.433247089385986,230.15481178464827,136.60402567543954,319.31935454265994,-22.976072311401367,-11.21239185333252,419.18601276177134,849.36082726119,0.17188437283039093,0.05799254775047302,540.0552211424622,380.2804385544251,1289.8936170212767,0.0498046875,0.0126432609790358,1.376,-274.2628302767868,33.19871163858832,233.14782910602744,22.541637367963627,-5.31682522208224,21.976638800259355,0.9148936170212766
1.0,1.5571875,18.493114471435547,278.9815431421926,99.42404238175475,326.78309064822,-33.386871337890625,-7.367095470428467,416.2860038839854,856.3911306299038,0.1606065034866333,0.10628272593021393,528.5926323382869,367.4093992868344,1277.7423469387754,0.04836973852040816,0.013003702053998452,1.248,-276.39119263570285,55.41133744649161,208.10437268814601,38.8555755188313,9.82053819581856,27.574870927233984,0.8367346938775511
1.0,0.8539375,13.276510238647461,94.25285542014696,79.37005259840997,104.72941228206267,-29.211437225341797,-10.194411277770996,360.50402423876096,941.7163654332446,0.17653022706508636,0.0765005573630333,450.4514928463223,413.8912718369241,1321.7592592592594,0.031792534722222224,0.011364775149979309,0.32,-255.72195927667286,35.4459330051573,246.09238472829801,16.082296277557646,-2.0248919965136345,28.65753646352377,0.9629629629629629
1.0,1.774875,21.014347076416016,248.43945272328145,91.17224885582168,308.44216508158814,-35.68090057373047,-9.084182739257812,354.70018712926617,927.8819878071068,0.13530610501766205,0.08829880505800247,443.242219630389,344.0794617255052,1214.2857142857142,0.0360107421875,0.004812773702053679,1.344,-316.82791649815874,38.55991925755676,191.64597169609297,27.99251545352236,19.97811743596167,22.93301074100317,0.9642857142857143
1.0,1.6074375,28.617666244506836,245.67544735434103,75.34933407372878,324.9009585424942,-40.365089416503906,-7.960129261016846,401.3639917751353,1006.0514425563764,0.13228671252727509,0.10512188822031021,524.9582660747637,386.77432396726533,1362.1323529411766,0.04869408700980392,0.02468031865781267,1.216,-292.2234526630953,58.82310191401917,198.67983137073455,35.60082556824043,6.846292507294742,36.79071710988685,0.9411764705882353
1.0,1.6074375,24.408390045166016,191.71762409485032,84.57676786314485,301.3973362949152,-46.88103485107422,-11.391510009765625,449.7046952250691,1022.325461720479,0.10145479440689087,0.07927672564983368,465.2648120420891,398.87603988245775,1361.5196078431372,0.03651577818627451,0.016427844207348264,1.248,-343.231708984267,71.49778790867536,210.26654751596507,48.64550537704555,11.570121433788282,31.603950627964966,0.9411764705882353
1.0,1.35625,26.770715713500977,171.52927477195843,98.2820598545251,250.53288772482563,-52.5001220703125,-10.732489585876465,416.41282585457594,966.0443916268883,0.12204480916261673,0.08990050852298737,564.6500950818007,425.0461304909338,1381.5406976744187,0.05059956395348837,0.024507231213187753,0.704,-284.1205466435825,86.50100749857857,220.00829046510296,52.02707124908571,-10.55259429730712,43.613554384587516,0.627906976744186
1.0,1.071625,17.84270477294922,254.30004203350543,156.91681957935012,276.38257599355524,-29.467544555664062,-6.422146797180176,433.93960263704406,931.178875989004,0.22398023307323456,0.11914775520563126,506.55813878661576,384.6728569242501,1314.3382352941176,0.04233685661764706,0.009553305297473712,0.768,-256.6300125560938,41.64909787525081,217.74046432077546,28.943011241587598,6.302035998596359,27.094858764825204,0.9705882352941176
1.0,1.5906875,20.736263275146484,168.1659159888864,75.34933407372878,246.2288826689832,-39.164676666259766,-11.14242935180664,421.3048750357049,995.660679824137,0.12327343225479126,0.08044445514678955,425.5676797552075,347.1664878231615,1120.9375,0.03525390625,0.017234322320437395,0.864,-328.6710344679548,64.83452296643385,209.26018373076155,45.60373506743563,21.264586916850703,27.543557301405013,0.98
1.0,1.3395,17.6060791015625,211.96766113960282,128.9370308439579,262.38162088748976,-29.39776611328125,-7.506165027618408,369.2767863591953,859.8472885101969,0.2287910282611847,0.11933482438325882,490.45404568632773,355.31192032862856,1220.982142857143,0.044108072916666664,0.01611703862817539,1.152,-247.1720711490932,69.69764208822407,213.95752949486163,43.63853524669554,5.284633232533482,36.35147359732697,0.9761904761904762
1.0,1.2558125,17.101886749267578,205.61376542872793,111.59971426302234,257.8740616879158,-29.420394897460938,-9.010698318481445,519.994845476814,1031.1837484034452,0.1495564728975296,0.0877922996878624,577.9306163508984,425.76478221084426,1409.765625,0.0544921875,0.01564512863637842,0.992,-267.3552264893059,52.420909920524515,237.63830979501395,32.645264700799665,-14.23448517035477,36.46801386947483,0.975
1.0,1.071625,19.029123306274414,220.68711540466873,126.72196982870621,262.38162088748976,-30.044139862060547,-9.06216049194336,380.6107944793325,868.0879596998848,0.1839359849691391,0.10189668834209442,472.6080719132549,358.65051892440886,1228.4007352941176,0.04084329044117647,0.011727054034118566,0.832,-265.8007345703653,41.63481885632571,216.99588399711322,28.622561080094936,12.293101285775245,18.54295116419229,0.8529411764705882
1.0,1.35625,21.96747589111328,219.6450750377789,116.20455869578394,270.06998923363795,-32.02244186401367,-8.242981910705566,480.6117550172189,979.0169730545449,0.21360497176647186,0.11650091409683228,541.8333395637547,400.97787260944773,1399.7093023255813,0.05078125,0.016290721335491327,0.544,-242.97951561527753,52.05829185496356,228.53174663939163,35.58857210839382,0.1707374064549752,24.909379006352605,0.9767441860465116
1.0,1.1553125,19.55213737487793,219.2575834062775,138.1912879967776,249.08992447176465,-31.892066955566406,-8.833744049072266,373.47715061570415,996.0678457052484,0.22329659759998322,0.1013060063123703,472.8792617206314,385.37527469117765,1330.2364864864865,0.04080447635135135,0.014930137522308373,0.832,-266.8146465282024,54.998125377715844,224.86281199166558,35.91913403426287,7.472753223178123,31.93317847287135,0.9459459459459459
1.0,0.8204375,12.773387908935547,181.17827373954594,131.9507910772894,229.73967099940702,-30.200084686279297,-10.426515579223633,470.760280736885,1016.4850421124687,0.17057903110980988,0.06980445981025696,520.9837833120168,397.41463452662305,1262.6201923076924,0.05055588942307692,0.018998726829751903,0.288,-262.703624882074,38.02920382029983,234.25675846645768,26.695095922997975,-4.588440750183306,31.128522713580647,0.8846153846153846
1.0,1.2223125,22.37607192993164,221.883699613755,97.71599684342459,263.9015821545788,-31.764238357543945,-5.4071526527404785,347.5849283119983,894.0172358873824,0.2689879536628723,0.17752240598201752,501.57007180952337,388.090070281775,1260.4166666666667,0.04176682692307692,0.013860981709822301,0.512,-229.5555470910061,70.62960319453138,205.69839721751285,43.5844740133466,7.351256718792731,35.56870470711755,0.9230769230769231
1.0,1.6241875,24.396652221679688,205.87070654945586,118.23577860271482,243.40070273411817,-44.13362121582031,-6.107244968414307,371.5450065662817,858.89791931246,0.28681284189224243,0.1616041511297226,545.1501103194294,406.8595123697756,1430.1470588235295,0.041743259803921566,0.013503763267523634,0.448,-211.34650049677435,73.5749008912333,229.8746476637706,47.43914408563257,-4.9057436253395865,31.69209079659514,0.8431372549019608
1.0,1.691125,24.577178955078125,197.50327870129868,88.57675191023606,210.67220719096719,-33.16952133178711,-5.491715431213379,406.4253400483526,895.8545776426532,0.2637447714805603,0.1363389939069748,576.6289157739939,411.15487411487794,1399.1745283018868,0.05466907429245283,0.019827037379749106,1.216,-229.65161681042375,59.02776367615084,226.6090935995246,36.822615946470975,-14.931606752974435,35.242235456660126,0.9433962264150944
1.0,1.791625,18.872655868530273,195.57813893841126,128.9370308439579,218.10154653305153,-28.56645965576172,-6.127157211303711,418.09659685401067,963.5375941697642,0.2616335451602936,0.11092334985733032,554.6256537107118,408.87408987601754,1428.5714285714287,0.045741489955357144,0.013087364767312908,1.44,-232.68260943223342,47.917779621042875,226.66280254417717,32.91418632651818,-13.952962450347831,28.789816848913876,0.8571428571428571
1.0,1.2893125,18.2862491607666,226.97958898606603,132.71517423385683,260.87041395311286,-29.784318923950195,-8.48974895477295,384.27263619531254,897.1734539008377,0.2230868935585022,0.11891672015190125,503.47910147724167,387.1690140731244,1327.7439024390244,0.04270674542682927,0.0148526861638012,0.416,-254.05475765276086,48.70750237555904,219.78029850096502,33.10545809928501,6.752697952813705,28.27991157099534,0.926829268292683
1.0,1.2558125,18.880807876586914,228.70389947679703,128.9370308439579,270.06998923363795,-28.328962326049805,-6.261771202087402,420.2491166330092,933.4832224721981,0.26739513874053955,0.14682206511497498,533.4726457582432,397.02564677653197,1394.53125,0.0441650390625,0.013113760904466318,0.416,-222.6389487969097,47.242220744537285,220.4156711200384,32.83457431979913,-1.0982637000176578,25.138974153215678,0.925
1.0,1.42325,29.392967224121094,111.80864614050323,70.30341458111748,148.96774631227024,-56.8734016418457,-10.270257949829102,421.48274025691836,937.3341337219441,0.12139267474412918,0.10024047642946243,482.45668185984385,358.22746714446095,1190.2777777777778,0.04555121527777778,0.02348732005654252,0.992,-311.66257169666807,87.87254823034675,216.91397771065078,57.86412612337692,11.525899963245623,39.70181765381394,0.35555555555555557
1.0,1.2055625,17.501291275024414,203.59038119017526,141.4213562373095,251.98420997897463,-27.33607292175293,-4.834634304046631,417.60382941094315,872.4868600430257,0.29733285307884216,0.13393479585647583,577.1476813001337,418.3916235069392,1401.7269736842106,0.048751027960526314,0.013563845658046232,0.736,-192.04539604808733,40.79564104719045,232.84245865697196,28.622320347351675,-15.843899261127158,19.692816887488572,0.8421052631578947
1.0,2.2939375,21.96927261352539,180.76345815208083,72.78265914210937,254.91212546385245,-33.614620208740234,-8.78847885131836,403.2859893007467,984.1823686164875,0.12534581124782562,0.10111378878355026,477.6779078342016,363.63878451393,1216.796875,0.04299587673611111,0.02178253262376831,1.888,-302.34923995561206,67.0525746562967,200.414236124843,40.85185239174995,13.313970659546479,36.92165886852912,0.9305555555555556
1.0,1.4901875,23.836532592773438,182.81381480440737,67.90862219136606,268.51450055605267,-36.758216857910156,-6.019957065582275,387.1272728032227,936.5883418855589,0.191393181681633,0.1389782577753067,475.9702130052026,361.97621009339827,1205.784574468085,0.04093251329787234,0.013053598390411522,1.056,-253.600754395898,72.6746816695577,202.44283179028724,44.702484841099256,15.562153774929257,37.59668778383055,0.8085106382978723
1.0,1.0235,12.666189193725586,194.34584590664036,145.56531828421873,215.59643660857103,-30.275310516357422,-9.910957336425781,465.6721041338034,940.7306800584262,0.21209204196929932,0.0666627287864685,576.0832894916082,412.48290532939416,1451.171875,0.052886962890625,0.011930733882777501,0.512,-237.08007541324469,33.06007557679494,240.677397037266,29.53242759968282,-20.532160225573875,23.098348622612708,0.78125
1.0,1.3319375,17.85403060913086,181.21824414472746,131.9507910772894,203.49593842053727,-29.923095703125,-9.205902099609375,404.6893193702581,811.2879195286492,0.18472042679786682,0.07832451909780502,557.4834397576835,406.9900668365456,1358.2589285714287,0.04989769345238095,0.016788991333159285,0.576,-250.95147598961233,42.93684502302523,230.21426240047168,23.49969766222949,-18.889788074637288,32.695988728530445,0.8333333333333334
1.0,1.0375625,17.389575958251953,215.45928809952886,141.4213562373095,257.8740616879158,-27.475494384765625,-5.601125240325928,424.00867991099386,868.8513530388865,0.29267066717147827,0.13306781649589539,540.3108210736727,397.0324320003578,1326.2310606060605,0.049005681818181816,0.017323850329788188,0.576,-213.4530352819829,53.020094295659284,248.2617896217348,30.51912995966168,-10.004469797185646,28.77620998671532,0.9696969696969697
1.0,1.19175,16.57126235961914,189.09116582187656,141.4213562373095,203.49593842053727,-27.39269256591797,-6.834247589111328,521.5776961600395,1031.4695946977502,0.22707976400852203,0.13050074875354767,563.4922646288223,435.93135196520643,1440.3782894736842,0.050627055921052634,0.02113996511078083,0.384,-235.75829855450095,45.51348104813345,223.96240913894076,32.58659780502304,-10.375484341054504,30.15484824866611,0.9473684210526315
1.0,1.275875,19.198936462402344,221.5644246037952,156.0130452026747,256.3888163841458,-28.37691307067871,-6.042224884033203,414.74892755074643,1003.9245589792248,0.243412047624588,0.14542542397975922,553.8933822861472,406.2241631448483,1358.984375,0.0484619140625,0.015054095792599151,0.512,-227.0136181271135,65.75482398308559,230.62630199168157,40.968153213681695,-9.09440526660391,29.870810332070466,0.9
1.0,1.17775,15.296953201293945,217.7432799520965,162.4504792712471,260.87041395311286,-29.977874755859375,-7.429444789886475,381.09968387365547,860.0228788628425,0.2795690596103668,0.11062154173851013,559.5325024782302,395.04375500768697,1368.2432432432433,0.04782516891891892,0.013751739629010022,0.928,-205.13924578862444,53.331759749928416,250.26992139849304,29.912469086561547,-21.38026325131001,29.047757810075503,0.972972972972973
1.0,0.7851875,18.790483474731445,207.88638004032478,202.3238880603845,218.10154653305153,-28.13530731201172,-8.285848617553711,458.52819889497374,852.3569646936268,0.2533711791038513,0.11452113837003708,531.1762402006611,374.55794554103323,1255.625,0.0533984375,0.015021855009608084,0.288,-231.7472201281679,45.37054921823633,257.75983448375297,26.98317937497925,-7.334818658382979,24.340995330261013,0.48
1.0,1.1496875,9.870882987976074,134.62702611234238,112.89644048061314,143.06459324352582,-27.015235900878906,-13.795154571533203,561.3926682583854,940.593571010131,0.13253845274448395,0.04451761022210121,636.4844616780287,396.60314557363444,1346.3541666666667,0.06941731770833333,0.018605124647900827,0.864,-285.7568202013164,32.688228630462284,261.2196142030347,17.986546181668217,-30.990896815657443,31.904316510583538,0.7222222222222222
1.0,1.5563125,22.72596549987793,183.98302240120745,104.72941228206267,207.05298476827548,-39.223384857177734,-6.562969207763672,376.55478094751294,897.7000984643978,0.2054547667503357,0.13662664592266083,487.8383236357004,379.5328002299755,1247.4489795918366,0.04416454081632653,0.0214338253538763,1.216,-276.10193465855866,73.82165917044703,198.69170186721823,43.34173498024888,6.574047263674918,43.06738316950275,0.9387755102040817
1.0,1.107625,19.89502716064453,167.84293188878243,131.9507910772894,196.56411970905023,-29.67856216430664,-8.078319549560547,441.67261452701047,927.4573015223668,0.19929800927639008,0.11809443682432175,496.19018330063244,376.14600386125784,1266.9642857142858,0.04190848214285714,0.017102588405670884,0.896,-261.641614036325,50.72439187297429,223.8528254207711,31.19622061183441,0.7599061076902304,26.764429462501365,0.7714285714285715
1.0,1.51425,20.627443313598633,174.37619161446156,114.86983549970348,200.0,-33.757720947265625,-7.959070205688477,448.16313520499403,909.2028574276159,0.16275633871555328,0.09547267854213715,549.678028863765,402.27851525012517,1300.1302083333333,0.048095703125,0.01996935005858449,0.704,-264.5094885677274,57.8794165479372,230.457364838849,35.08733223966233,-5.424560697550542,32.47416276206907,0.7916666666666666
1.0,1.261875,20.614402770996094,153.77226822512583,129.68395546510095,187.68759933422865,-36.78261184692383,-9.78286075592041,450.7791140342883,964.9043522504693,0.16546876728534698,0.10391431301832199,496.6555189698823,366.6059955574616,1263.671875,0.0450927734375,0.014697002015648832,0.768,-292.11943078314505,64.17124783151932,223.56985467981085,41.465659122562656,6.030406168677411,34.418664744236196,0.725
1.0,1.52825,16.97283172607422,156.75074556349455,95.48416039104166,181.29427068562208,-34.0750732421875,-12.911640167236328,473.1940299422741,954.3647418835977,0.1253083497285843,0.06549009680747986,503.3753198282431,362.7129027427637,1173.5026041666667,0.04827880859375,0.023076912868988598,0.736,-312.75951856165926,64.53512323184923,231.924219073489,41.106985032544145,2.960598156145972,36.58427651879359,0.8333333333333334
1.0,1.247875,24.373306274414062,193.61609285171616,133.48398541700342,213.12010032569688,-33.478004455566406,-4.507098197937012,437.1413164676599,939.7566810980861,0.25676655769348145,0.1662002056837082,535.9137489813927,398.967379900272,1393.429487179487,0.04619891826923077,0.012354931042216442,0.896,-224.32182835118348,66.0399043786025,211.15764671921562,41.52656268075028,0.14998926533999316,30.538204787901506,0.9743589743589743
1.0,1.0375625,21.649433135986328,193.15250398647134,138.99182198423372,208.25243050696125,-32.044097900390625,-6.391352653503418,380.92714340068267,781.8412025243043,0.26440295577049255,0.13184602558612823,538.7090903493113,398.95373889526996,1354.6401515151515,0.04799952651515151,0.008905418027369333,0.768,-230.89198181686834,44.501922782074836,223.54944714346638,28.515594133444544,-6.846552424410589,23.464093635315113,0.9696969696969697
1.0,1.289875,18.88536834716797,188.8333443268814,139.79699341790194,215.59643660857103,-27.89023208618164,-5.652327537536621,427.4631034197114,865.8457156160733,0.24846652150154114,0.12046346068382263,544.0695779544565,405.4544643295792,1375.3810975609756,0.04899485518292683,0.01190367626423628,1.024,-227.90634890197802,42.3534507966415,227.2939245541677,29.34829007902349,-10.9451351976865,22.44895068735273,0.9024390243902439
1.0,1.079625,16.994243621826172,180.44106976492375,136.60402567543954,210.67220719096719,-29.12244415283203,-6.75675630569458,430.1141583025681,935.9825730920118,0.2357923835515976,0.11036624014377594,510.9841645593796,367.12335798041613,1271.5992647058824,0.04632927389705882,0.011359456407417402,0.896,-242.48199757864884,37.55767044898974,226.50468854498993,27.692574162557957,2.696855240930018,16.274948281072184,0.8529411764705882
1.0,1.0375,21.500850677490234,194.9416938695827,141.4213562373095,210.67220719096719,-28.229610443115234,-5.226728439331055,467.6026766937968,892.217147373996,0.26870739459991455,0.13249202072620392,530.9783913827717,392.68232427216327,1308.7121212121212,0.05010061553030303,0.014048199504516017,0.768,-230.86827936040126,54.27575636047322,228.79110746299077,33.49025902397371,-4.0030781026446824,31.49080777170939,0.9393939393939394
1.0,0.9814375,17.021289825439453,219.98318530429233,142.24060181972814,251.98420997897463,-27.28014373779297,-6.938995838165283,444.3380471161644,988.7323406073838,0.26178961992263794,0.12118902802467346,490.8339644314068,394.05481816655146,1294.858870967742,0.03862147177419355,0.012909985894163858,0.736,-235.0736887638225,52.07363344014112,232.75116333276296,33.22693814832052,0.48961731595184643,27.128621421286613,0.967741935483871
1.0,1.36,15.809505462646484,198.13086124628958,139.79699341790194,219.36499593892518,-36.76328659057617,-4.079599380493164,418.4458490368357,863.3153772774953,0.29863405227661133,0.141647607088089,556.1600612882783,401.95348931209634,1388.8081395348838,0.04662518168604651,0.012819774072266487,1.024,-221.70983277734868,47.90273208363142,226.04237961855992,32.847605882288065,-14.365310233048348,28.008057755384495,0.9767441860465116
1.0,1.3039375,10.078335762023926,198.930658912689,150.69866814745757,208.25243050696125,-20.669889450073242,-4.950984001159668,397.93338488639455,801.9809057795942,0.33688947558403015,0.09368632733821869,580.3453960594323,421.1934266385357,1414.6341463414635,0.04637480945121951,0.013602150221149236,1.12,-213.85389449572,38.9901111460197,231.74492263427877,34.627832249715055,-30.1914816968905,24.88842506704264,0.975609756097561
1.0,0.84125,17.477291107177734,197.8985160626841,144.7269237440378,273.20805135087915,-25.199642181396484,-5.02592134475708,462.1906956835968,1007.2896807274616,0.2629896104335785,0.14509643614292145,503.8518923900872,395.962930904036,1321.7592592592594,0.04018373842592592,0.009911752858968954,0.544,-232.1840725019987,42.20909752281156,237.74746543742225,29.45528335566356,2.41767887187098,25.351326530737058,0.9259259259259259
1.0,1.444125,16.64267921447754,198.094513367805,153.33283446696007,207.05298476827548,-27.163726806640625,-4.175508499145508,392.4971717986673,886.4574579584546,0.2828693091869354,0.131719708442688,526.2209646178072,406.65328807211847,1382.8125,0.03995414402173913,0.014033790195107563,0.992,-235.25969783035796,51.929316516849454,222.79038690778515,32.959209517459854,-8.3239707390589,37.09664119536174,0.8260869565217391
1.0,1.346,12.908254623413086,195.82919814784483,142.24060181972814,220.63576443274928,-22.625808715820312,-4.030323505401611,433.7551138115159,996.07970933694,0.30222049355506897,0.12355172634124756,550.124381070507,418.11092195955575,1401.889534883721,0.04578488372093023,0.01479263646027244,1.024,-220.62368220244034,43.091604025007925,220.1053896861057,33.947778364968805,-10.930845110561489,34.96504671329713,0.9767441860465116
0.0,1.121875,8.917755126953125,87.20634799564453,75.34933407372878,92.23161935859392,-28.900707244873047,-12.802845001220703,385.3963278685939,1044.984113012977,0.16345471143722534,0.05124681442975998,534.9446849208111,495.67483420097363,1585.0694444444443,0.043891059027777776,0.011801969694187972,0.736,-246.2219326574597,26.091914970638474,255.73653051521453,18.028007973756942,-24.664765485509168,18.945251636625947,0.9722222222222222
0.0,1.2390625,15.542025566101074,96.83708628784682,69.0956439983888,105.94630943592954,-40.41862106323242,-11.415189743041992,379.2354445950248,1012.456809945259,0.1476832628250122,0.06548119336366653,520.2256892196012,480.0901385942148,1578.125,0.03998898237179487,0.010027412397653642,0.448,-261.28967752988797,34.61535207123148,243.52629337292348,20.218429498893713,-18.108171118238722,17.98517708962619,0.8974358974358975
0.0,1.2558125,10.282496452331543,84.31586206867571,72.78265914210937,90.12504626108301,-27.61772346496582,-12.89273738861084,406.5105427796557,1081.353925631098,0.14477890729904175,0.04740770533680916,558.3608147845521,501.45152952580503,1633.59375,0.0476806640625,0.01386045910574427,0.544,-254.6047436125146,34.16908492703914,253.59759363417524,26.676513833493654,-26.380307445424613,27.292248275959892,0.975
0.0,1.2390625,27.0961971282959,97.76280008604672,79.37005259840997,125.26644386241279,-55.58055877685547,-12.305639266967773,332.37751852011775,849.0674456158155,0.1253000646829605,0.07491724193096161,419.1120914143982,398.8149136019405,1353.3653846153845,0.03443008814102564,0.008606936988421597,0.608,-307.3462930505525,72.52698478029305,245.14775710358163,45.993318306406536,3.8557221787854155,25.15114067079774,0.7435897435897436
0.0,1.2390625,12.954545974731445,98.43798021639827,77.11054127039704,105.94630943592954,-36.1756591796875,-11.459522247314453,402.2611913802205,1034.631501170117,0.15501946210861206,0.064028799533844,405.1908977364522,411.42735540192564,1340.945512820513,0.025390625,0.007045563911307974,0.416,-290.3029551371603,30.904612618451594,235.48966426925682,17.666153089231813,3.6380695845220745,21.936227008979166,0.9743589743589743
0.0,1.2725625,17.44225311279297,92.47058777519463,65.21760348827821,101.74796921026864,-42.10822677612305,-11.113785743713379,331.8330244020106,873.9425714506191,0.15095996856689453,0.0672033354640007,466.60969641581033,434.8393956983908,1487.5,0.0356201171875,0.011226195476056801,0.576,-266.3536829311517,35.571981072747555,231.52387949665754,24.183338057957922,-4.00682954025793,20.37667119272684,0.9
0.0,1.2558125,20.685556411743164,99.8266565172833,74.48387315613512,115.5352696872273,-48.41868591308594,-11.912912368774414,356.41078287326445,956.2624747495178,0.12204251438379288,0.05549965426325798,492.5358919015005,451.59094012936873,1462.109375,0.0359619140625,0.01114284665505471,0.384,-287.51214669512126,51.744054341081366,242.04012587423912,32.59617971895584,-2.8173877993659593,24.513783020507656,0.85
0.0,1.2725625,18.877641677856445,91.50768356238454,75.7858283255199,137.3953647458089,-48.90365982055664,-12.421579360961914,359.3915999703472,1004.188633746704,0.1179560199379921,0.061735495924949646,513.6910013635154,477.96053280218877,1578.90625,0.0400146484375,0.011345553966664028,0.448,-280.59775784668955,43.844899761420024,244.02065808584808,29.789004992889762,-14.480076056747416,17.58496148015281,0.925
0.0,1.155375,18.838279724121094,85.67229561423774,64.46851542197895,96.59363289248455,-52.48664474487305,-11.389270782470703,388.1245039637556,883.4806126622879,0.16242308914661407,0.07108378410339355,427.9097022173909,452.1451432172125,1467.9054054054054,0.02884818412162162,0.010691909062884117,0.48,-286.325210943905,51.697896990533714,236.1090805291105,36.509894405073716,3.2616949315957795,17.51583292690679,0.918918918918919
0.0,1.004625,16.688940048217773,96.19750936097229,68.30201283771977,110.95694720678449,-33.21412658691406,-12.049928665161133,397.1083306368319,1172.3084679526867,0.13984957337379456,0.06744609028100967,413.9359567484022,445.99730360341795,1482.91015625,0.02734375,0.008748277767172323,0.32,-289.7259495205309,28.300485634606606,240.1939092609324,25.994841881325673,9.550606435026257,11.425448085198779,0.96875
0.0,0.971125,20.38271141052246,98.88401788370098,71.12030090986407,119.60961217374037,-35.89075469970703,-11.812366485595703,319.6435626457617,806.0278452078044,0.15304076671600342,0.07967515289783478,408.9085585351365,404.4358759563277,1316.532258064516,0.02731224798387097,0.008089089639971792,0.32,-280.74474481114703,50.31924844092448,248.28968850504234,34.749381410471635,16.013548883764106,18.673243600331134,0.967741935483871
0.0,1.088375,17.873781204223633,92.1119547589888,66.35758711692841,131.19081044374488,-34.94471740722656,-11.483292579650879,378.3090432243134,968.672412307377,0.16327153146266937,0.08415773510932922,363.16704174466855,393.2402659938916,1237.0535714285713,0.027315848214285714,0.010415030629919528,0.448,-291.0883537787924,60.3400108893058,233.13017906337456,44.97039849702388,24.264164788431135,15.647255769840708,0.8857142857142857
0.0,1.071625,16.411897659301758,77.5334049446541,60.49970446096463,84.57676786314485,-39.348876953125,-11.613452911376953,356.73577761644566,1061.6864479530811,0.156852126121521,0.061597540974617004,434.567280641745,453.8357554794795,1466.452205882353,0.02877987132352941,0.007169338585396459,0.704,-274.4819255233548,43.48649193010677,246.35931557390782,29.226080035466115,-2.888300703750695,18.427741973525315,0.9705882352941176
0.0,1.35625,17.33222198486328,88.07160999939121,53.899109152142756,114.20823393107715,-31.891014099121094,-11.09911060333252,358.9819658006136,967.7121071788938,0.16167819499969482,0.07855816185474396,366.2691435523915,372.3851765624249,1192.2238372093022,0.022688045058139535,0.006289608413614246,0.736,-297.687627789331,41.023922056784116,240.07812754223508,30.042163388847648,25.20917806176695,14.377401026402044,0.9069767441860465
0.0,1.2725625,19.717144012451172,71.96856276828876,59.11788930135741,79.37005259840997,-34.72873306274414,-10.353605270385742,346.3319263708543,964.5901219986257,0.14903388917446136,0.07578631490468979,403.7573423253364,398.5025762771401,1303.90625,0.0288330078125,0.007966582059477463,0.32,-270.6580477075294,56.093151372998655,225.45282196626508,34.94280083956248,18.621171415823127,27.652051752341944,0.925
0.0,1.4020625,19.434913635253906,99.61595889787034,71.12030090986407,114.20823393107715,-33.918922424316406,-11.255254745483398,428.75883536713945,964.1286208313859,0.125762939453125,0.06290797889232635,468.97669349084214,388.4909449073104,1230.1136363636363,0.03917347301136364,0.021509798914953943,1.088,-298.6579301778299,49.08265530906828,227.4148202565226,31.967644088012676,10.314504899629425,31.155560015181926,0.9772727272727273
0.0,1.121625,20.48489761352539,81.33548391268367,69.89849670895097,99.42404238175475,-36.151058197021484,-11.892173767089844,341.8877892323407,997.1807168348561,0.14870667457580566,0.07739003747701645,389.9643822380205,416.96995481710775,1381.9444444444443,0.027750651041666668,0.008693219589823263,0.64,-293.30219979976084,55.15401529422817,235.99403926949688,44.33945984829688,19.418192744358276,17.074096661960734,0.9166666666666666
0.0,1.0515625,12.735658645629883,82.69410141318392,68.30201283771977,94.38743126816934,-26.24716567993164,-11.93942642211914,343.053460886435,991.4295775163249,0.17683641612529755,0.058001816272735596,432.5313116448281,423.3892404473288,1393.939393939394,0.030924479166666668,0.008416746728002996,0.256,-250.99190328894585,34.59792583170856,249.21750532516836,24.30796168884393,1.2952834855215272,16.14703180119569,0.9696969696969697
0.0,1.52825,11.707267761230469,76.75694125571336,65.9753955386447,81.22523963562355,-32.55548858642578,-10.993281364440918,310.5023264248298,862.3548759597006,0.15771883726119995,0.05063943192362785,446.5983923706749,438.38778637899765,1462.890625,0.03302001953125,0.010598170964318568,0.224,-255.36782847560542,22.064345954774325,232.3694817854623,16.344550646408706,-2.7514782708160332,13.05975291886748,0.9583333333333334
0.0,0.9955,11.023395538330078,76.18934432682825,67.5174973084095,82.64503181542116,-25.104310989379883,-11.014796257019043,337.0860283714967,1021.6491211050671,0.1910131871700287,0.05409055948257446,431.14732412475405,447.48632456134584,1433.10546875,0.02777099609375,0.008166631632035551,0.544,-248.68855549800332,31.89390325684792,240.7019437077411,21.566271494456085,2.0956893646894796,17.302741397472705,0.9375
1.0,1.6033125,24.446802139282227,187.0530003230844,84.08964152537145,254.91212546385245,-37.978397369384766,-6.476369857788086,367.07122315853513,982.7603142737083,0.18828342854976654,0.14328153431415558,528.7873374644034,443.9824597588832,1486.2132352941176,0.04350490196078431,0.02141577880271354,1.12,-241.57165661387083,60.863612840443594,214.6921936718756,40.46785047101103,0.6865196447427296,27.407242889621543,0.9607843137254902
1.0,1.3258125,20.193492889404297,421.49021065667375,342.23801027304086,555.9672879369349,-28.962383270263672,-3.998603343963623,429.20653197566725,990.4334776096752,0.3075171113014221,0.16748623549938202,620.7923152920133,403.0781469184861,1405.5059523809523,0.05315290178571429,0.013043152241777458,0.832,-192.45041339880956,67.97587373013936,244.1263653074759,32.71840121205832,-21.815521873147496,46.84479802675287,0.5952380952380952
1.0,2.06575,15.932311058044434,333.0850410508496,67.5174973084095,616.8843301631763,-30.640865325927734,-6.023795127868652,406.11934170888577,935.8343282494444,0.21980907022953033,0.11263718456029892,556.0061597933104,380.8120915884977,1328.125,0.05250901442307692,0.027228018106533348,1.792,-218.92246589195167,45.320617251935154,226.34392710130047,23.368506322634126,-8.849470508558667,41.939443994037845,0.8615384615384616
1.0,1.7883125,18.521984100341797,372.0546937464407,235.10958125672175,416.5048610139225,-28.87488555908203,-5.807485580444336,412.90655159594263,967.007240129923,0.31706663966178894,0.14068186283111572,660.9029780607982,424.59242479326844,1489.6763392857142,0.054408482142857144,0.015298666403093108,1.312,-189.323066534994,69.09010572864054,246.84223938005488,31.054362534435636,-32.43486443552682,51.808202037624795,0.75
1.0,1.2333125,17.768939971923828,99.75903878759424,75.34933407372878,115.5352696872273,-32.167171478271484,-10.147266387939453,505.1416028110971,1136.3911503177162,0.13443300127983093,0.08029059320688248,666.1089392532102,472.9989811843286,1576.5224358974358,0.07181490384615384,0.04314131999099789,0.192,-245.30711495978247,54.72330094135207,226.57144754869873,25.98935128057625,-24.078413553380035,51.39256260264532,0.3076923076923077
1.0,1.97325,26.528858184814453,287.98901267734317,58.10227934789198,483.99763568771704,-37.56367492675781,-5.177383899688721,406.6734066244615,999.1996639990712,0.24061666429042816,0.16546297073364258,537.4381950276206,388.30866013705617,1347.0262096774193,0.044732862903225805,0.01996574322114535,1.376,-230.02703155449078,87.01484338861164,222.40906875826082,44.43717151878196,-1.551671879234319,53.42825976206025,0.6290322580645161
1.0,1.8499375,21.349184036254883,80.87656389711005,68.30201283771977,85.55950256826023,-30.571279525756836,-6.436107158660889,441.06472914216914,984.8738094420481,0.26204267144203186,0.1458350270986557,638.5755239722386,462.55034803746224,1539.8706896551723,0.056539601293103446,0.01697248386088033,1.472,-190.5077678892938,61.30585756413588,257.71694489090555,34.5196880870079,-33.636891799421825,34.958667127342544,0.13793103448275862
1.0,1.11,19.847124099731445,245.25132297642472,211.89261887185907,328.6761258343161,-24.96788787841797,-3.9258134365081787,416.5144232125988,897.2895624824797,0.30014607310295105,0.17241540551185608,542.706096972113,372.0843425462296,1312.0535714285713,0.050613839285714286,0.017380908983428985,0.672,-200.33044729850118,67.70181673216665,238.49778372172767,36.56662426850119,-5.278010484775206,41.93686019284474,0.6
1.0,1.217875,21.193906784057617,,,,-42.671104431152344,-10.513608932495117,456.22587420075365,1136.2865406582355,0.09611742198467255,0.06638658791780472,737.5078153778559,500.84879435524647,1592.1474358974358,0.08811598557692307,0.050158392370849146,0.224,-264.6075873834033,51.76241281794707,228.8077706823379,24.23624441598908,-33.882867085703,52.06884955120937,0.0
1.0,2.096625,16.76242446899414,309.4759728870343,167.2106416577019,379.7368483802076,-33.22977828979492,-5.183370590209961,384.4816799930154,918.7527304795508,0.2174501270055771,0.10691752284765244,545.5369586586082,395.8043982164734,1386.3636363636363,0.044596354166666664,0.016637499169207787,1.664,-227.50732111693185,57.26837225707321,224.73720489615948,30.253167239900584,-6.311486299821851,43.506230927634505,0.7272727272727273
1.0,0.9095625,19.944887161254883,317.7339380561635,198.8480847635095,668.8425666308076,-29.847373962402344,-3.6661436557769775,392.42143257667703,902.3619120804993,0.32231152057647705,0.19943693280220032,552.6457289387835,419.46544549438937,1407.3275862068965,0.04488820043103448,0.020070156105039434,0.512,-196.8651682484045,65.20776539077771,229.4140974828154,41.59183768000607,-3.5389630975999737,38.35291713244861,0.896551724137931
1.0,0.8170625,23.30559730529785,220.02062302775272,195.43199368684918,254.91212546385245,-31.592981338500977,-4.337843418121338,395.83582079446694,1037.5399029081723,0.23126418888568878,0.1883191466331482,569.341807696709,447.72660341792135,1426.0817307692307,0.051194411057692304,0.035781053461872776,0.416,-227.4376719970005,58.73865310492252,214.7705026638655,37.15470553162984,-3.8570412089365647,44.60968002985654,0.7307692307692307
1.0,1.6495625,17.334558486938477,88.21413805965051,63.36098491435311,118.23577860271482,-31.06025505065918,-10.623058319091797,457.514734817532,1150.7538973042983,0.09554947167634964,0.06066357344388962,710.5344038831992,498.51788075042447,1552.5841346153845,0.08389047475961539,0.0484102687026184,0.256,-258.6007029093024,47.189466411476964,220.72495144102717,16.5640873040236,-24.142355156394903,53.83096309126193,0.3076923076923077
1.0,1.125375,18.36269187927246,345.3691358212224,219.36499593892518,377.54972507267735,-30.748600006103516,-5.6681036949157715,457.4879497237743,849.3488467559442,0.31744974851608276,0.13288752734661102,652.6788640235714,450.58098937003183,1573.3506944444443,0.06312391493055555,0.020445912463929607,0.48,-175.24337804516801,39.51673674379647,241.9830487863424,21.67337437355108,-33.19644681657362,25.167952710434506,0.7777777777777778
1.0,2.112,16.754199981689453,328.06039858600246,69.89849670895097,448.9848193237491,-36.31925582885742,-7.2912983894348145,440.0569881837095,934.3799665987226,0.2616768181324005,0.09691313654184341,612.7406889740652,422.9733038206773,1485.0746268656717,0.05350687966417911,0.0222636414294831,1.728,-206.0921851954805,60.55671959189853,252.95708722182326,32.77089557069562,-25.35971433138737,43.606054804437846,0.746268656716418
1.0,0.9558125,26.41547203063965,218.41093427648693,205.86044732869837,235.10958125672175,-32.46781921386719,-4.4711761474609375,454.7164383207782,969.1843122015238,0.22697676718235016,0.17173483967781067,601.5094774806782,396.1975140870083,1386.9791666666667,0.060319010416666666,0.029206330713683514,0.608,-211.46827487671908,66.4044581794559,225.75942249392193,40.0792953959674,-12.447245555679977,34.7981395924392,0.36666666666666664
1.0,1.9886875,14.239302635192871,429.9272057068363,71.946679000541,742.1272935530476,-37.677730560302734,-4.6008100509643555,504.71462635516656,941.8898140756842,0.21044254302978516,0.11421403288841248,601.178769033102,374.59385579778643,1367.311507936508,0.057741195436507936,0.03068466699164796,1.76,-212.94289283419909,46.746036383259806,220.36620507777482,29.650801182069742,-11.392741437930312,45.362349202962974,0.8253968253968254
1.0,1.9424375,19.61836814880371,483.3653571997918,219.36499593892518,708.6140152818886,-46.68092727661133,-6.682304859161377,469.58865314225386,1016.3453257543339,0.19106028974056244,0.11556492000818253,593.0456869860944,385.8433326076181,1376.7930327868853,0.057216956967213115,0.028247280901013937,1.504,-240.5720600914821,60.547459865259036,217.63197225905657,33.948454097302516,-10.684654420953713,47.89002375677041,0.639344262295082
1.0,1.6033125,19.1477108001709,201.90201901805997,63.72803136596311,276.38257599355524,-34.844364166259766,-10.556709289550781,387.8359147933558,923.0955159567847,0.15719559788703918,0.06802701950073242,533.0957630431841,385.9657692132631,1306.0661764705883,0.04861749387254902,0.027210971913487425,0.928,-268.6699007398702,67.75536471872702,232.087699516387,30.992415671747963,-10.114547094746248,51.93237358658567,0.5098039215686274
1.0,1.5724375,21.69234275817871,191.32383622491628,62.99605249474366,256.3888163841458,-33.80809020996094,-5.4935808181762695,365.1687797410236,928.120153584659,0.1685071885585785,0.12849633395671844,481.88309261351867,366.0381787212146,1252.8125,0.0441796875,0.023539459215043974,1.184,-254.17195517978405,77.76774284503554,207.3339163900424,42.66798547704573,8.390805361093326,45.473855273640986,0.56
1.0,1.6495625,21.419025421142578,508.5869933669913,209.4588245641254,661.1602545233694,-36.785003662109375,-5.88313102722168,437.814892755654,982.4497235892908,0.18452920019626617,0.13132062554359436,572.292680253053,386.0451842860078,1339.84375,0.05588942307692308,0.033705619141345185,1.44,-235.17000903556885,64.73668525587426,207.96668928183504,33.46517216803035,-7.289890337521508,52.440605717692165,0.40384615384615385
1.0,1.680375,19.394575119018555,629.5780886103857,568.9624072789126,704.5326988769189,-34.597938537597656,-5.955533981323242,506.3658370403125,1110.4143679417182,0.27509579062461853,0.13136112689971924,680.0511900438084,441.317060852301,1574.2924528301887,0.06447155070754718,0.027760088071089237,1.344,-195.10465653454193,69.6051757239167,240.53096840515872,29.343631151700052,-37.520909379590755,56.75815791643941,0.37735849056603776
1.0,2.2661875,19.7860107421875,204.8043739848733,71.946679000541,364.6889954232867,-30.2713565826416,-5.93205451965332,432.24415199730566,936.1822561573872,0.23062437772750854,0.12635275721549988,551.7789306369953,410.03539528372215,1450.2640845070423,0.04756272007042254,0.02005808653576998,1.824,-212.0405043545065,62.416215169281685,231.1920890368141,34.64738745814376,-13.222862838585945,36.07318616044629,0.352112676056338
1.0,1.24875,20.598018646240234,,,,-35.530006408691406,-11.400003433227539,506.7384097041233,1077.7848059744745,0.10958655178546906,0.07003840804100037,652.4971428955307,438.90736293987413,1473.828125,0.068994140625,0.040960103557798486,1.088,-273.1192864811577,65.58310424593623,232.22138054565252,32.57676550009138,-22.428999240058886,56.68781395563988,0.0
1.0,1.7111875,24.755661010742188,234.15422258275711,59.11788930135741,379.7368483802076,-37.28071212768555,-4.414071559906006,370.2464460965818,977.1699113329432,0.2022538036108017,0.16399462521076202,498.7022013683276,383.41620946678097,1317.1296296296296,0.04419849537037037,0.020117595876300357,1.248,-238.81579410464292,79.90801913995452,210.84097546222637,46.91180864771204,6.006094392279031,42.35599055252817,0.5740740740740741
1.0,0.9095625,20.24043083190918,229.14120495800663,197.70280407057922,281.2136583244699,-34.942718505859375,-5.988640785217285,461.8189650233249,901.3435023823336,0.23191118240356445,0.12211434543132782,649.6514601948185,449.53304319840566,1540.4094827586207,0.06411637931034483,0.025621766655044963,0.704,-193.18280583370876,48.403018310940155,245.59120044422576,30.037539961261057,-31.01732682293459,31.32023223447283,0.3448275862068966
1.0,1.2641875,24.34908676147461,290.4258569721826,209.4588245641254,431.19287321714205,-36.98832321166992,-4.512100696563721,403.5125515897562,920.4642350518008,0.24821174144744873,0.17087969183921814,591.0688249823055,419.1255188289375,1389.453125,0.0534423828125,0.02454456089701709,0.864,-206.12266001149402,66.91203388511721,225.01433377218882,39.233126170251815,-11.187621829643069,38.981629972860176,0.725
1.0,1.2486875,26.273086547851562,236.84597701885426,208.25243050696125,274.79072949161787,-34.72502136230469,-5.668651580810547,463.8041406846323,979.4008212847287,0.15691691637039185,0.13982632756233215,618.997110569739,452.97762666024283,1530.078125,0.059130859375,0.03184847906484541,0.96,-234.12921614028838,63.22191590784334,206.0678376385493,37.54686330712558,-12.922518907439628,39.39237611947141,0.4
0.0,0.8170625,27.593425750732422,89.03600949633069,65.9753955386447,104.12621525348065,-44.46058654785156,-9.056559562683105,291.45225568938037,977.3213254280029,0.14846111834049225,0.1034926176071167,490.12489064933044,488.9014402658539,1488.5817307692307,0.03372896634615385,0.02202597825136165,0.352,-257.6276531999358,37.67740561984606,219.20953991073236,29.65810251549101,-1.5490752490434605,17.578534986975136,0.8846153846153846
0.0,1.3875,21.24106216430664,100.46938652800206,69.0956439983888,123.82763603774404,-37.56916427612305,-10.23507308959961,523.5419251417956,1184.0251385228082,0.10612563788890839,0.07310142368078232,742.7006812266862,511.6939311585234,1608.309659090909,0.08755770596590909,0.050462672909122576,0.224,-253.83234018834753,52.76821920270307,230.9231616828386,27.20047384558024,-34.44867520064909,51.71994304793615,0.29545454545454547
0.0,0.78625,23.088520050048828,79.13335320968237,56.775221453543864,104.72941228206267,-47.11460876464844,-10.027763366699219,452.2451807514361,1140.3545742511958,0.14447756111621857,0.08533512055873871,389.098931756481,417.3725135377398,1285.625,0.0261328125,0.01773213779941663,0.32,-284.587579184965,35.75845618353079,220.8688291608293,28.441617580192474,20.17613014491762,17.744177793849968,0.8
0.0,1.356625,24.47702407836914,94.68991434196246,59.11788930135741,118.9207115002721,-38.482215881347656,-5.193209648132324,410.2477198131719,1136.5687811832986,0.1330026537179947,0.1238640546798706,436.80523394859466,463.4669943034363,1471.656976744186,0.030182594476744186,0.01807062744512778,0.96,-270.53999466821324,48.80770251680229,183.20350703022123,33.62426258596672,16.174165032251963,18.996501313506077,0.7441860465116279
0.0,1.2025,17.26772689819336,,,,-32.70348358154297,-12.219671249389648,507.90286577433153,1110.0771616987645,0.11034426093101501,0.06077694147825241,613.3530125336089,436.9667549796308,1456.4144736842106,0.06450452302631579,0.04071898141398883,1.024,-282.03879744915287,61.540597395247964,242.01286899558096,27.664865263478163,-20.402233830588962,56.84604811151444,0.0
1.0,1.731125,16.982912063598633,216.20192570383068,100.57929410678534,725.1770827424883,-38.81452941894531,-11.66493034362793,454.5243809201335,1079.4344503656623,0.08683518320322037,0.05937499925494194,471.3930260410792,400.1269665640424,1343.75,0.03872514204545455,0.02364683546164701,1.152,-322.3653748330495,34.122233600895456,201.51044523426887,25.78434466046999,17.44024854860458,15.047629259474181,0.8363636363636363
1.0,1.27025,9.992199897766113,226.77230830645647,208.25243050696125,310.2289523667469,-24.584014892578125,-4.969156742095947,388.91560309117904,960.7885508010813,0.35024183988571167,0.10919922590255737,546.2564321460598,416.0752879024506,1376.171875,0.03720703125,0.014122728013142615,0.224,-212.1222151114902,33.71553584652458,217.7893458150239,21.711590081714675,-16.82981173145113,24.686805717870815,0.975
1.0,1.5175625,14.596746444702148,235.91675474100998,125.99210498948732,289.4538474880756,-32.1103515625,-7.531750679016113,404.69617633779944,936.7803403858283,0.20337237417697906,0.10326969623565674,480.6018838050837,375.57856746988006,1244.7916666666667,0.042195638020833336,0.016967285539548144,1.216,-271.49632056707327,38.60300996677053,214.5411327017841,25.460570548393527,14.718771035847686,26.768037419853794,0.9375
1.0,1.1915625,10.106430053710938,279.0524349241048,254.91212546385245,292.81713918912504,-22.43473243713379,-5.8953118324279785,434.9629424742936,911.4573958548244,0.3469674587249756,0.1023346558213234,565.2300576781961,413.01722444811895,1415.296052631579,0.04620682565789474,0.01199832954650305,0.832,-187.85547584825892,39.64039236415217,242.11796837260667,30.418201228698482,-13.855792397100716,28.2860943848915,0.9736842105263158
1.0,1.3376875,14.046546936035156,242.34060752357667,195.43199368684918,281.2136583244699,-26.008621215820312,-7.26039457321167,417.4624495214569,1024.076262053223,0.2026737779378891,0.09702932834625244,607.4246384895002,436.56929966577445,1486.607142857143,0.05180431547619048,0.024167234775166243,0.256,-225.28213947240627,35.79701063172662,224.36543306101953,22.54251678862012,-19.875233682323387,29.222703113819186,0.9761904761904762
1.0,1.2926875,10.722155570983887,448.3739820522575,214.35469250725862,653.56618129644,-24.54665184020996,-8.539146423339844,588.6775842153576,974.3153669978702,0.22172197699546814,0.0791761502623558,679.5172439949373,414.8021028673232,1483.9939024390244,0.06847846798780488,0.018819435534411354,0.288,-237.5866358213217,27.421280312663015,223.94739315656713,20.432481327396278,-20.89631612801782,26.25912918405522,0.9024390243902439
1.0,1.9446875,11.3173828125,425.4056637991948,107.17734625362931,729.3779908465734,-36.06212615966797,-14.192658424377441,552.1969120065747,975.7295702830692,0.1075601801276207,0.043928056955337524,598.5766816899744,393.4304214666763,1376.5368852459017,0.060883068647540985,0.02854979695718435,0.512,-302.7065151451202,28.07846588158687,236.68049211905662,19.152882109683723,-4.10331722109051,36.347669804750225,0.7377049180327869
1.0,1.5625,14.333108901977539,238.99576809916806,109.05077326652577,328.6761258343161,-28.324283599853516,-7.9077935218811035,426.7107835488257,943.1096585654274,0.15900927782058716,0.09266624599695206,574.0061592477815,413.038285552299,1393.1760204081634,0.05510602678571429,0.023303420427038826,0.704,-252.45524473726226,26.740219988512283,215.80125490433835,21.032392946889445,-1.1429242470975185,17.92703347599966,0.8163265306122449
1.0,1.1465625,12.846890449523926,436.1248479431856,243.40070273411817,642.338305490701,-29.24563980102539,-10.524582862854004,557.1366154235194,1048.3572226493682,0.1510438770055771,0.06085677817463875,657.5288794834117,396.2557755618013,1398.8715277777778,0.06922743055555555,0.02112223616480346,0.288,-282.6126267791304,17.503614485608143,226.13065783278503,15.425705935151646,-18.60674905987117,17.383680124045274,0.9444444444444444
1.0,1.259,12.871132850646973,282.38613556095527,225.79288096122622,310.2289523667469,-25.372516632080078,-8.75918197631836,526.4630984375865,1088.3755146117783,0.16455408930778503,0.07397935539484024,696.2896157079756,430.7112779536207,1582.421875,0.0694580078125,0.023815101441386162,1.056,-270.5532627524315,28.826869509462657,210.7679383409837,28.808120000198898,-23.476870351314272,22.82414224480633,0.975
1.0,1.2889375,20.539426803588867,240.90164801262387,209.4588245641254,289.4538474880756,-27.42044448852539,-4.37818717956543,316.225143891179,902.6173611127421,0.2945646047592163,0.155780628323555,528.1215824480876,429.6508724027605,1444.7408536585365,0.039133955792682924,0.011792731736995465,0.512,-200.6679228666533,52.90063678446848,228.686545637308,36.04774722728334,-7.4008598664470595,19.41766423347506,0.9512195121951219
1.0,1.57375,12.937774658203125,220.18695697768575,207.05298476827548,292.81713918912504,-24.275102615356445,-4.842757701873779,351.8425166663598,949.9008205413661,0.368035227060318,0.1280030608177185,560.1449142881321,454.3934966011766,1467.8125,0.0320703125,0.007363462572369571,1.184,-197.6697978792499,45.68554772827747,220.517446480187,40.45540302466814,-21.05412844813281,32.10368469006388,0.98
1.0,1.1990625,22.368331909179688,270.1835894359625,232.40911739156792,296.2195104573129,-33.70115661621094,-5.161200523376465,444.4339260206307,1025.0036063145517,0.26163390278816223,0.14249037206172943,561.4343199930674,422.26591786255705,1453.9473684210527,0.050447162828947366,0.02257714983454348,0.704,-226.44519582503375,49.06706065723266,206.8915750598866,32.436754315389166,-1.260231447813557,27.75319648983025,0.9736842105263158
1.0,1.259,17.44715118408203,232.40748118147093,204.67477839935495,273.20805135087915,-28.166160583496094,-5.624194145202637,338.37336915621125,818.0354726215191,0.24011735618114471,0.11319666355848312,527.3192522453616,411.36513699687094,1353.515625,0.0417236328125,0.012228472380720834,0.864,-226.60505491894065,39.72694529547916,219.26358816819385,25.477183869266774,-1.6112758442257111,24.59705256911721,0.875
1.0,1.4538125,17.12701416015625,277.61604141158324,214.35469250725862,301.3973362949152,-27.29508399963379,-6.203455924987793,512.9933911636667,1019.5950758920782,0.19416315853595734,0.0997198224067688,650.2870710134204,418.3986033045808,1478.2608695652175,0.06475033967391304,0.026226752722596513,1.088,-247.24455637418828,42.39860837850855,205.696065555026,26.96116724137055,-17.130383148548688,36.72266699113248,0.9782608695652174
1.0,1.9184375,12.75544261932373,264.8267358303505,102.3373891996775,301.3973362949152,-26.615564346313477,-5.189404010772705,409.0923103692635,971.5026672198068,0.28658410906791687,0.1041295975446701,602.8224282404313,424.13361232566945,1451.8229166666667,0.049462890625,0.01926810442873855,0.512,-201.98930674080336,50.72400745119307,241.5565547914385,27.90106641176184,-26.660030453697395,40.25936256453717,0.9333333333333333
1.0,1.109125,15.269309043884277,279.57794779165255,214.35469250725862,334.4212833154038,-23.97296142578125,-5.661118030548096,518.5845546679953,1125.0924920655507,0.2247295081615448,0.12003767490386963,599.2954382073368,412.94008328335406,1381.25,0.05758928571428571,0.020065904362302555,0.256,-227.21291287624777,35.71590939442448,202.94437008938348,25.054085704516634,-8.390157882862592,21.10130850911607,0.9714285714285714
1.0,1.244,12.593427658081055,547.8382908652745,221.91389441356898,638.6387090853199,-26.01019859313965,-7.759692192077637,556.852446099202,1011.0113290860368,0.21323788166046143,0.08769290894269943,737.0084749165984,401.24794550116826,1544.4711538461538,0.07321714743589744,0.021924317130792008,1.056,-252.20277929475188,24.47491680676766,211.05882252052834,23.93146609105399,-30.930027066160182,22.950757212898857,0.8974358974358975
1.0,1.8435,11.714881896972656,473.88755245373756,82.16903145857903,795.392339054038,-33.95283508300781,-12.217199325561523,548.2136739340873,1147.248400775451,0.12134798616170883,0.047915372997522354,595.4184425672913,391.13557400428977,1337.2844827586207,0.06689453125,0.03566666655930275,0.704,-297.91047647892395,23.757523930465045,237.4414906709108,20.51697621535253,-4.2522695485320625,37.45559564944654,0.7586206896551724
1.0,1.678625,12.758084297180176,537.059565056709,184.46323871718783,733.6032345637369,-35.45719528198242,-12.883367538452148,554.1989821756082,983.9978016342079,0.10523666441440582,0.038710400462150574,628.5174092166424,399.35918631609667,1351.120283018868,0.07001768867924528,0.026797086186825254,0.672,-296.2576672459197,19.9455203478809,219.45564670115363,12.340696886974118,1.715541274564899,27.76946942030038,0.7924528301886793
1.0,1.1240625,11.429595947265625,261.23135161216874,207.05298476827548,323.02966672001685,-19.020263671875,-7.092738628387451,515.8874036902972,1137.8028806938955,0.2584708333015442,0.10099560767412186,633.124136908085,442.9373641841855,1546.0069444444443,0.057942708333333336,0.024061032645442727,0.992,-200.8737723033588,21.63735192291552,226.6220451988779,15.752066760082366,-24.865526886644965,30.585256632491078,0.8888888888888888
1.0,1.0341875,12.684375762939453,119.76856874896515,100.57929410678534,130.43520697655643,-26.134273529052734,-12.558023452758789,436.7187102170152,1035.1193733322734,0.15193553268909454,0.05869801342487335,650.8232546528925,492.3444547654037,1588.5416666666667,0.061345880681818184,0.019677856704445055,0.256,-239.15095121559963,40.82184143207958,266.51158339980515,26.75439935564058,-38.71589124816497,28.240018521676564,0.8181818181818182
1.0,2.1731875,15.185624122619629,321.7022121834731,110.95694720678449,661.1602545233694,-30.92003631591797,-10.111202239990234,422.5727469575393,931.8767214334957,0.1012018546462059,0.05817995220422745,532.5008772516869,368.5009626364927,1261.71875,0.05303596047794118,0.02960510031358684,1.824,-309.3103094624033,30.621169032687547,202.79401583524765,17.398307928593812,10.398815620667927,33.08394045979583,0.9117647058823529
1.0,1.079125,14.298913955688477,294.4059205410443,271.6344887654643,312.0260904053494,-23.588581085205078,-6.012925624847412,322.63420902837225,1070.3867311294557,0.25570404529571533,0.11018527299165726,450.7353884232157,370.2740103275978,1270.2205882352941,0.03656364889705882,0.003474463971499734,0.8,-258.6231022478518,27.62166574934386,200.17308608032133,18.069360409154893,7.977480315500522,22.259518663564176,0.9705882352941176
1.0,1.9184375,10.82819938659668,281.8235051150348,250.53288772482563,354.3070076409443,-22.31960105895996,-6.182990550994873,340.9125489794204,947.5214820522984,0.2973417043685913,0.11267586052417755,522.7797096774044,387.36131987882493,1324.7395833333333,0.03942057291666667,0.0057607991262331095,0.576,-206.83213929907524,60.93281325243839,238.6152664884886,37.21021168378699,-8.577710214698678,32.65149484336243,0.9666666666666667
1.0,1.1690625,10.227890968322754,263.10220080841333,231.07053937445463,287.786716002164,-22.692611694335938,-6.10052490234375,328.73365392517127,973.1246391278123,0.30282559990882874,0.10466308891773224,438.6303508426226,360.78986597250076,1214.1047297297298,0.03431165540540541,0.0033304056072796144,0.192,-256.6616367500186,32.255257667116815,200.7259331133168,18.04365369287694,9.665840091043984,17.257634783122448,0.972972972972973
1.0,1.7385625,15.117789268493652,254.79550376097782,210.67220719096719,292.81713918912504,-31.529766082763672,-7.624032020568848,314.7456130693892,947.3166666144492,0.1831071376800537,0.09557098150253296,502.8651805055638,398.2058756199217,1329.8295454545455,0.038618607954545456,0.010316188657939564,1.344,-265.49739083010235,49.36609704962086,202.77033107972966,27.52690082675984,-1.709743920112728,31.950032768687187,0.9818181818181818
1.0,1.079125,17.224441528320312,251.52077162389128,211.89261887185907,274.79072949161787,-31.218568801879883,-9.274313926696777,276.26841055961904,900.4179730624569,0.19277231395244598,0.08881379663944244,416.03121714681936,354.8435806876523,1201.2867647058824,0.03282973345588235,0.0060986984937465225,0.8,-298.0130735110534,23.52650981454601,193.16491235045316,13.065330723300132,11.142600298116491,18.592156078275767,0.9705882352941176
1.0,1.6036875,17.776559829711914,284.30167696888145,243.40070273411817,308.44216508158814,-25.334243774414062,-5.7755208015441895,371.582351354394,946.1860566564546,0.29122090339660645,0.14884474873542786,634.1007234398284,428.78925055284327,1490.1960784313726,0.05238970588235294,0.018276794135447562,1.248,-196.68543933592682,64.5803856564747,225.83413752227227,33.13904450980709,-26.67123086899881,41.30158353882863,0.9803921568627451
1.0,0.6595,15.393529891967773,239.01314100384184,188.7748625363387,259.3679109302019,-26.024065017700195,-7.069280624389648,322.1398270042348,923.9546813180401,0.2225950062274933,0.11720475554466248,438.7607221582892,406.5369396916065,1269.345238095238,0.03366815476190476,0.004635859282210418,0.32,-249.9651709645258,18.93165408628207,212.50376158102966,12.45440517385837,12.968013743863636,9.677619349701502,0.9523809523809523
1.0,0.9891875,14.279916763305664,222.93385433053157,175.11872228117704,276.38257599355524,-30.972251892089844,-10.720820426940918,382.7682041635328,1029.6840278978175,0.13957342505455017,0.06908712536096573,459.81033298884734,383.3441583353994,1322.0766129032259,0.04129914314516129,0.022278986617040204,0.48,-302.2349335787531,19.227620927261626,211.33738036699353,15.475856128902606,5.958576026468362,11.494361011353982,0.8709677419354839
1.0,1.274,13.831252098083496,293.2403723341611,207.05298476827548,323.02966672001685,-26.69573211669922,-6.58013916015625,572.3880882539522,1008.4302279810871,0.29525226354599,0.11542794108390808,682.1946052108904,399.5818194890071,1439.453125,0.0686279296875,0.018162470922164588,0.96,-216.32545332661488,40.87350670025881,228.96880902876768,24.36928428790227,-33.673369706981795,32.391177163136646,0.975
1.0,0.95925,22.970539093017578,230.23209428156804,219.36499593892518,253.44393965741244,-37.91462326049805,-6.825366973876953,314.21872661967626,891.0689831309214,0.15489521622657776,0.11508670449256897,496.579384244391,401.3199475997614,1339.0625,0.039713541666666664,0.010332915266870545,0.48,-254.85637705796418,63.39869320524579,207.81599611414862,39.17094350072637,7.313974727873916,28.519887591155324,0.9666666666666667
1.0,1.229,12.759623527526855,512.5307290060708,210.67220719096719,688.4411497954641,-25.4271297454834,-8.965869903564453,589.6178545403533,1071.2547717108148,0.16958951950073242,0.08298952877521515,687.8007837518654,427.8632219048518,1498.798076923077,0.07199018429487179,0.02874577546989078,0.96,-248.6928656852962,36.76930870709319,221.7915196693888,20.888966400923493,-21.225819226781052,39.29610236805505,0.7435897435897436
1.0,1.1390625,15.977282524108887,225.49112559730094,205.86044732869837,303.14331330207966,-27.382896423339844,-6.528643608093262,441.23591399148796,1016.2873043586818,0.32115405797958374,0.1259615272283554,508.3316124749791,408.3302864710202,1342.013888888889,0.03965928819444445,0.015244453383462583,0.736,-216.33719365608573,30.750803844098566,219.78049102239262,22.397897843153633,-3.6132882732473437,25.360689955299026,0.8888888888888888
1.0,1.9634375,11.08442211151123,243.0284209499888,118.23577860271482,268.51450055605267,-21.533641815185547,-5.969122886657715,303.70579215392667,872.6911810980008,0.30723756551742554,0.11221244186162949,549.0829197367118,422.69704845052246,1378.780241935484,0.03277784778225806,0.004005868758557741,1.472,-219.7283106776657,53.50159861790491,217.80147283447093,33.0665875444898,-18.371295902218588,37.04711338647285,0.9516129032258065
1.0,1.214,15.455896377563477,470.6241003799447,210.67220719096719,704.5326988769189,-35.353721618652344,-10.746696472167969,509.4098554058128,843.265390038671,0.1576109379529953,0.07915473729372025,672.7579432130735,420.3728633578735,1406.6611842105262,0.07095497532894737,0.02337453455698009,0.96,-271.1815557704278,41.51862281516647,225.7201781803705,23.194468954308842,-16.988241073193375,33.13919011355071,0.868421052631579
1.0,1.1690625,17.28313636779785,209.28137314338184,62.99605249474366,286.12918648705164,-27.91131591796875,-8.911999702453613,422.87165105046506,1057.6888278290864,0.15719179809093475,0.08792145550251007,464.0575329450408,402.00779362275404,1358.5304054054054,0.035341005067567564,0.01085517646454979,0.672,-280.1373201635046,29.13848041155944,213.61689716350043,22.47382673965135,14.044676944508266,13.454307824684877,0.7837837837837838
1.0,1.274,19.8814697265625,243.6212593698966,221.91389441356898,276.38257599355524,-28.72447967529297,-3.913574695587158,312.25698694252725,889.3881754914393,0.30054181814193726,0.1613416075706482,514.0740784575795,376.8440112609862,1257.8125,0.0405517578125,0.014922545253220431,0.736,-225.25216148736226,64.97416839721843,214.0558548355998,39.46961368330522,-4.893458866826499,34.52532533084664,0.975
1.0,1.393875,22.48004722595215,221.05972354915735,214.35469250725862,231.07053937445463,-33.88239288330078,-5.153780460357666,385.3904958042719,973.2637848849354,0.3132437765598297,0.16693170368671417,580.7037919764512,430.94989491083254,1423.2954545454545,0.04738547585227273,0.02876416173176089,0.896,-202.5690748789103,61.036688528342424,223.00668201340602,36.30567167125216,-12.981620859870468,35.871953658300555,0.9090909090909091
1.0,1.678625,22.193382263183594,238.81250760941248,161.5148333600084,276.38257599355524,-34.95513916015625,-5.9808197021484375,474.0700612914966,890.9164995598782,0.27859145402908325,0.14860199391841888,659.880493965087,424.90059967952664,1436.0259433962265,0.06334758254716981,0.02237870262381762,0.928,-195.57323815474118,75.03663582662013,253.76122120406268,36.041239283121094,-30.66411202031431,43.25327246759686,0.8301886792452831
1.0,1.0041875,20.176631927490234,223.45607540151533,133.48398541700342,281.2136583244699,-33.2823600769043,-9.37536334991455,384.04235919712437,858.0859475747537,0.1499231457710266,0.08988848328590393,508.65394500833804,371.71851943900174,1239.74609375,0.047088623046875,0.012397763765775019,0.608,-259.75782739853224,41.381247122773935,227.57560058162193,24.012072415667706,9.729514226698143,22.933517804243788,0.53125
1.0,1.4838125,13.182821273803711,554.5804838531776,218.10154653305153,708.6140152818886,-27.07921028137207,-10.105693817138672,589.3752037057754,1075.8313437602715,0.11648733168840408,0.060589537024497986,727.2388982871262,429.5903172652752,1470.0797872340424,0.07945478723404255,0.0334651309507246,1.152,-279.49318617946,31.735213578021003,211.0410322623396,20.88083313697125,-21.716046940060334,40.306260777475146,0.8085106382978723
1.0,1.3339375,21.553680419921875,246.08886297131866,221.91389441356898,330.5801272616847,-32.03325653076172,-4.047698020935059,382.09893593943815,997.3524995816584,0.34918081760406494,0.1845557540655136,576.1129157081972,422.8056371455438,1355.654761904762,0.04255022321428571,0.020535632147140985,0.704,-209.67571264288,62.89617047630846,209.00510639881534,38.55268026143236,-13.64866973370052,35.20774738229794,0.9285714285714286
1.0,1.1840625,21.444189071655273,462.35645515426916,250.53288772482563,696.4404506368992,-28.77382469177246,-3.8420395851135254,536.2782110166655,1170.1648172916396,0.2307211458683014,0.15504257380962372,669.9791343604994,412.50410797503986,1434.2105263157894,0.06309107730263158,0.027445932445739285,0.832,-230.73965690807626,44.298535699836336,190.28772391712093,37.35947198767124,-10.007467792665167,31.87489171737362,0.8947368421052632
1.0,1.438875,14.44655990600586,208.9798908138331,123.11444133449163,263.9015821545788,-26.206933975219727,-6.578145503997803,315.79423620964445,976.8644258833484,0.22938884794712067,0.11231259256601334,432.9027093537249,377.13640831668266,1245.486111111111,0.029535590277777777,0.004576575437997257,0.768,-263.8239550761335,30.030909071574136,202.84385404457376,16.921556845023414,6.916886036343863,24.06005347466745,0.9555555555555556
1.0,1.393875,10.435983657836914,518.403728088959,196.56411970905023,737.8529548687513,-24.714393615722656,-11.847628593444824,536.2754938023634,1113.9037300184516,0.16545449197292328,0.05327458679676056,628.796734502382,373.4524059718955,1299.0056818181818,0.06618430397727272,0.029791241778570877,0.128,-279.1502391015699,23.542841097986027,219.9748380159867,19.209445962363358,-9.80760817982387,29.541460589250637,0.8636363636363636
1.0,1.3339375,12.580290794372559,158.25603855395394,107.17734625362931,211.89261887185907,-31.783151626586914,-11.980613708496094,306.88399664376396,956.893048934412,0.11767028272151947,0.05974713712930679,442.3798336036287,423.50999325924107,1411.0863095238096,0.029436383928571428,0.006323720857630051,1.248,-285.6684458415468,17.507491603859865,219.8621125004524,12.372013047002135,6.890158504133437,9.519518473532012,0.9761904761904762
1.0,1.4838125,13.34000015258789,285.16485161379876,266.96797083400685,303.14331330207966,-22.839014053344727,-5.406217098236084,434.61663308237786,1042.627961623677,0.31386157870292664,0.11703650653362274,595.2606920877803,430.34932581977137,1442.4867021276596,0.04886968085106383,0.011575822218649163,0.512,-183.7161411348587,51.77802997291661,234.05922256426567,32.73296954359573,-19.25575980491822,30.159289299487074,0.851063829787234
0.0,2.1245,10.246411323547363,97.66884529504625,78.00652260133735,103.52649238413775,-39.995201110839844,-14.877070426940918,420.40174279711385,867.5927679167377,0.10063553601503372,0.03508502244949341,538.5435362164259,473.0210781314208,1549.2070895522388,0.04445545708955224,0.014332986150696574,0.64,-286.54301686832775,24.270457892643027,249.37050797096498,15.312496346538301,-13.99303557344969,15.353799958349317,0.9850746268656716
0.0,1.9446875,13.54001522064209,99.39326174342986,81.695772662055,102.93022366434921,-36.55009460449219,-12.894281387329102,366.6669481593496,924.4898152198499,0.12888368964195251,0.04614876210689545,423.38084172968746,422.590969585308,1345.5430327868853,0.029633068647540985,0.010269538006116977,0.704,-291.6327758508328,19.75566831186528,227.3909463182938,16.940655956590522,5.508445691913845,16.324257966857918,0.9836065573770492
0.0,1.259,7.905711650848389,159.57368903934884,108.42268703014184,178.17974362806785,-25.79595184326172,-11.229759216308594,378.601005067327,1000.1632934201476,0.1501695215702057,0.04458887130022049,411.63567376147114,410.8607703414333,1351.953125,0.030078125,0.008881351401107882,1.024,-272.87290200509625,13.62737475658537,233.21618097858794,15.073887410375693,11.423257595826817,8.649147613909488,0.975
0.0,0.94425,13.23402214050293,207.8700671794701,185.5318233882619,225.79288096122622,-23.954856872558594,-8.835176467895508,351.35391508164946,1100.3706538855527,0.21353019773960114,0.09551889449357986,452.9103173818783,428.39771820348943,1357.2916666666667,0.030924479166666668,0.00791491037261934,0.512,-245.83459054693273,13.2978124482875,226.94994111280465,11.499509272692267,0.9751361767855227,6.519352367774756,0.8666666666666667
0.0,1.259,13.903361320495605,127.78128199874068,100.0,144.7269237440378,-31.262521743774414,-12.837010383605957,540.0825493972902,1050.6335865525105,0.12692569196224213,0.04246240854263306,586.1274449618691,428.7941291286917,1338.671875,0.05986328125,0.027917734002353627,1.12,-279.9401807562146,29.016668233973466,256.5838394238406,22.831807382993645,-15.095582516655162,37.47626388520637,0.725
0.0,0.97425,13.372047424316406,79.84959180941377,78.00652260133735,80.7574166800042,-25.459566116333008,-8.55711555480957,401.1771353516407,1013.3387353850566,0.2233051061630249,0.08462604880332947,455.25784615317696,443.92122121496493,1400.7056451612902,0.03266759072580645,0.010508649523471938,0.32,-240.5156318493357,30.100431399659488,247.46644384593887,19.80091043566837,-2.967749216736766,16.390300680397985,0.967741935483871
1.0,1.8513125,32.61113739013672,112.94926125607539,77.11054127039704,141.4213562373095,-47.326385498046875,-9.934767723083496,460.80145526572625,1061.0602151151552,0.0787772536277771,0.08915286511182785,611.2473454088296,457.9397467447929,1447.198275862069,0.061910695043103446,0.040285091777161844,0.384,-302.51665734604563,42.09888572408328,199.7674363423064,34.77407560236522,0.9506378130620854,38.27478182727312,0.5
1.0,1.7405625,19.53252410888672,88.7865157477738,59.46035575013605,130.43520697655643,-39.27827072143555,-11.677091598510742,484.992407534008,1035.617345399309,0.09259963780641556,0.07527108490467072,731.3478127880959,493.0036897928015,1648.5795454545455,0.07890625,0.039598769200501704,0.608,-265.3679255242757,40.134651959725694,234.45988953047674,32.897904960535385,-35.827010082335846,39.89530961926496,0.36363636363636365
1.0,1.6614375,21.776111602783203,113.08265829638454,75.34933407372878,153.33283446696007,-34.757164001464844,-11.335613250732422,495.2202738127459,1097.004167706769,0.058523595333099365,0.0675211101770401,613.1096380640719,442.0674194072777,1438.1009615384614,0.06464092548076923,0.040067926860120236,0.384,-309.31993337324167,27.86770505936766,201.09154626146108,24.09140764238042,0.30876956948081197,36.913159341989605,0.38461538461538464
1.0,1.7089375,29.920467376708984,155.88304237217147,75.7858283255199,193.1872657849691,-43.29944610595703,-10.524577140808105,400.2420234843856,1092.3803796301002,0.06514006108045578,0.08334415405988693,604.1141649746604,515.6403746454541,1652.4884259259259,0.05190248842592592,0.020553753697182084,0.416,-329.3926115076418,64.11685702924589,187.35418684501218,46.796838493484984,-3.4204046159009445,19.965488019465305,0.6666666666666666
1.0,1.693125,14.563502311706543,88.8843377143164,77.55723809168673,116.20455869578394,-31.792007446289062,-11.49137020111084,530.7359755703319,1125.3927175500721,0.07940085977315903,0.05387644097208977,755.191966090283,511.3932120423997,1698.1132075471698,0.08197597287735849,0.035344820233901605,0.48,-270.93652460217436,33.680564244545856,247.68225343828357,27.647194468831906,-43.66668644425962,39.09886227408435,0.2830188679245283
1.0,1.6298125,23.982128143310547,109.7806152553315,73.62835290502629,161.5148333600084,-41.0188102722168,-10.075260162353516,447.7530078396167,1015.0275408658717,0.07196502387523651,0.0812678411602974,574.5808935061281,448.02871249331287,1428.3088235294117,0.05819163602941176,0.032307508258674164,0.512,-297.77445830144455,33.93989378480528,200.1069344403238,28.259052205705835,6.398208537109108,32.282757260162,0.43137254901960786
1.0,1.6298125,29.11942481994629,139.8019141083753,73.62835290502629,177.1535038204721,-43.11444091796875,-10.171409606933594,485.24118862681763,1126.204404920142,0.07413652539253235,0.08779402822256088,604.8970969532883,511.6814896287013,1646.7524509803923,0.0517578125,0.02717637411096705,0.48,-305.0045348815318,44.51169880224505,187.137579032018,38.853497498922664,-4.327512280228591,12.598050284775468,0.6470588235294118
1.0,1.4874375,24.970718383789062,114.00378385295573,74.48387315613512,188.7748625363387,-44.503021240234375,-10.541491508483887,465.6606817336157,1015.3412277249146,0.06876557320356369,0.07962188124656677,626.9231166754494,487.41363354529113,1545.877659574468,0.06058843085106383,0.033159069454659636,0.416,-303.30331740139053,35.61205670162362,207.19031347112187,34.86136093096922,-8.316396450893029,25.23906804457818,0.3404255319148936
1.0,1.9779375,29.44525718688965,112.41539804574295,73.20428479728128,144.7269237440378,-45.39157485961914,-10.657709121704102,404.93167742865734,937.1532270053864,0.05761517956852913,0.07378702610731125,602.5304693131866,450.8330814702981,1444.5564516129032,0.060326360887096774,0.036022992777584556,0.416,-322.9745209034875,46.21173711794166,191.07674560463124,35.9678567711436,6.397766104739541,32.05885716758117,0.5483870967741935
1.0,1.9779375,31.673240661621094,144.9157126994711,86.55365610061429,194.30638823072118,-46.52120590209961,-10.548406600952148,462.04941760766565,1080.8247004926488,0.07107120007276535,0.08373192697763443,677.9742676710048,508.9297317215155,1615.6754032258063,0.07409274193548387,0.03643738948567711,0.544,-308.4177349525338,75.08650571942061,181.16198995777606,51.739434041095826,-10.921407678955788,36.08093658797225,0.532258064516129
1.0,2.3260625,24.665000915527344,94.10832919012388,78.00652260133735,129.68395546510095,-40.60886764526367,-12.481365203857422,505.73791705007665,1052.2762872283538,0.08035288751125336,0.06541188806295395,582.867284185376,464.9230502506354,1507.4914383561643,0.05673426797945205,0.03327943282421763,0.864,-302.1644177456543,43.84679267104997,224.95988682189517,34.689099402079705,-3.2623400994570093,35.46169850102981,0.4520547945205479
1.0,2.4684375,24.87790298461914,93.17146604425221,72.3634618720189,120.30250360821167,-46.677101135253906,-13.028912544250488,453.63743081765733,965.8980637842096,0.06787804514169693,0.055546440184116364,623.9066816666515,462.78187408743867,1519.2307692307693,0.06499148637820513,0.036674106073024786,0.768,-304.68899134682306,35.48154149127833,216.57424976384578,29.960105313255188,-6.519310497870164,33.453931533932284,0.41025641025641024
1.0,2.3576875,24.632471084594727,86.0923175422642,50.58097201509612,133.48398541700342,-40.98078918457031,-12.413459777832031,472.65428450120135,1018.2708225024762,0.083082415163517,0.058704059571027756,657.5649399854574,450.33943013231664,1505.0675675675675,0.07111750422297297,0.04401486557486949,0.608,-291.06867085432145,50.57759863792029,238.5127705164052,32.53947088011335,-20.630794354988037,48.03176760762493,0.40540540540540543
1.0,2.0886875,27.684629440307617,120.88746433956872,71.53229662176292,167.2106416577019,-42.40531539916992,-8.85697078704834,451.80016084232875,1054.6509914709093,0.07079589366912842,0.09051338583230972,610.8896903319031,481.79732768178604,1533.3806818181818,0.06131628787878788,0.0363836864142866,0.48,-296.58876963098305,34.838987897682266,191.74713270542054,30.15694182697648,3.0841994444468632,29.29902710000679,0.4696969696969697
1.0,1.6298125,25.07765007019043,134.52007574932412,76.66641723348003,184.46323871718783,-38.60965347290039,-9.905549049377441,511.88473876943794,1097.8992426273721,0.07395666837692261,0.08149372786283493,667.3166898191399,463.7719262591985,1465.0735294117646,0.07967601102941177,0.05011448057534986,0.384,-301.6824361389449,20.915389369824204,191.65785746513544,28.760999719717702,-1.0587047686500057,38.04256335323736,0.5490196078431373
1.0,1.9779375,20.280136108398438,123.83011553433039,76.66641723348003,189.86842419010387,-43.0192756652832,-13.084019660949707,445.7280960972477,1017.8171026441745,0.09670994430780411,0.06508702039718628,582.649872312195,461.9732627895925,1504.788306451613,0.05430947580645161,0.03829632092436432,0.576,-300.5669790313043,37.20959673767141,233.95975778538602,32.0091246753588,-8.333979356011584,35.71298185104621,0.7258064516129032
1.0,1.7880625,20.6455078125,111.2204767205297,75.34933407372878,163.39154532410998,-41.25922393798828,-11.430554389953613,427.37680107315174,1011.0516080158723,0.0780327320098877,0.07531507313251495,588.376830874722,409.0373275331946,1279.575892857143,0.06586565290178571,0.05312655138679093,0.576,-311.9822297139009,50.04851231988002,204.5256830692716,32.00155011255922,5.668777190534286,50.55185317879827,0.48214285714285715
1.0,2.1045,29.02053451538086,111.8879319606311,76.2248511627881,143.06459324352582,-47.37347412109375,-11.814980506896973,367.58906434063874,953.792179584501,0.06173854321241379,0.06971222162246704,529.2620884771432,431.1025997263559,1359.1382575757575,0.051639441287878785,0.04019952197498605,0.832,-347.29329942630125,29.990398717380465,178.02148365404773,29.93824544666786,16.81806591214642,32.133579334922814,0.6363636363636364
1.0,1.645625,26.428909301757812,186.31664991304885,77.55723809168673,262.38162088748976,-38.76337814331055,-10.066108703613281,363.86742823631494,1040.1049661628047,0.08628363907337189,0.09495373070240021,597.4041446395602,505.6826456436757,1611.4783653846155,0.047438401442307696,0.020125378085115872,0.448,-295.22640727171853,51.601045678289296,189.93697999052299,43.5394160021894,-5.156955857075088,12.989597076511235,0.8461538461538461
1.0,1.9304375,25.44458770751953,161.0984431042919,72.78265914210937,259.3679109302019,-45.244136810302734,-11.537837028503418,423.6406684423978,1022.5846119688098,0.07532035559415817,0.07013937085866928,686.4757089283019,511.7226855965021,1651.127049180328,0.06574987192622951,0.03356173552837237,0.736,-291.7159983781389,42.89764369283839,204.48313488482592,39.55794813420494,-23.376458667111383,17.37398498646168,0.8032786885245902
1.0,2.2785625,26.074954986572266,117.70567770069937,75.34933407372878,170.13343219017113,-46.05095672607422,-11.997152328491211,459.2985907508237,1054.3252770703448,0.06316772848367691,0.053573187440633774,615.6927149884481,500.2883772481489,1598.3072916666667,0.057183159722222224,0.030818455555749,1.152,-308.15963879009865,34.42111548834388,201.9850624686619,33.06622080885865,-4.204426580728473,25.66577581040616,0.6666666666666666
1.0,1.6773125,16.618427276611328,327.2088441019252,83.60532082885095,755.0994501453547,-34.84344482421875,-12.240401268005371,485.9072030551468,976.2688403078837,0.10320861637592316,0.06371381133794785,692.7321214376967,455.1440384115727,1553.066037735849,0.07239460495283019,0.03117680899081968,0.608,-269.55881451513886,35.59331512031417,251.71843735295138,27.485973960698203,-34.39302705938971,35.85437190958397,0.8679245283018868
1.0,1.582375,24.020435333251953,114.53212224874996,76.66641723348003,141.4213562373095,-41.634334564208984,-10.735546112060547,452.0576064173244,1011.1337172440877,0.07756201922893524,0.08592768013477325,603.7959383918654,453.6209899619864,1436.5625,0.063828125,0.040376228998806496,0.512,-301.05322714073327,23.764907931514472,200.46327094802845,22.516755966594182,0.01208974035755432,33.306396850504115,0.58
1.0,1.8513125,35.667633056640625,143.29111802551932,73.20428479728128,183.40080864093423,-49.76544189453125,-10.150550842285156,409.28978361786466,1039.421081433059,0.07637472450733185,0.10207951068878174,595.0710397747354,483.26024065539275,1543.3728448275863,0.05818965517241379,0.028596510584935477,0.384,-330.22845340477625,77.71189205496255,185.36235716661008,59.997530545587125,2.2696256623428104,17.294627688924283,0.5517241379310345
1.0,1.6773125,23.017295837402344,150.94312287492687,74.0548776143282,219.36499593892518,-40.9443359375,-9.691364288330078,462.23103570520925,1021.4716230652326,0.10549711436033249,0.08783275634050369,559.0498073343136,458.2542491116213,1490.2712264150944,0.04967570754716981,0.021029843719555383,0.704,-280.4610237961641,36.35735788692636,212.78349166909246,29.4704834704595,-0.9129858923407231,19.88753797915063,0.6792452830188679
1.0,2.21525,27.793941497802734,124.07477438870411,70.71067811865476,168.1792830507429,-42.80622100830078,-11.308478355407715,415.7637107217618,974.957872488988,0.07082673162221909,0.06581887602806091,522.4336312890163,417.19706894562705,1331.4732142857142,0.05048828125,0.029188952074079264,1.088,-328.4414646000144,52.401355460501634,202.54644010774203,41.94851318447552,16.66499784027229,33.65536649232974,0.7285714285714285
1.0,1.8988125,27.7554931640625,119.4765999279065,67.90862219136606,179.21192838239048,-46.405487060546875,-11.225089073181152,472.47523013189794,1039.5039189161864,0.06246272847056389,0.06880165636539459,527.6062856584864,445.64871209408034,1446.09375,0.047314453125,0.02920636245963847,0.544,-328.96197779995276,33.969794530499975,191.37681437601992,32.20256926423681,17.113921005272314,22.476479202064596,0.5833333333333334
1.0,2.0095625,32.91685104370117,155.9882691787098,69.89849670895097,209.4588245641254,-48.994483947753906,-12.040520668029785,320.8957885725468,863.961412449693,0.06691541522741318,0.059411246329545975,440.72005676328075,390.9292562372433,1282.2420634920634,0.03331163194444445,0.012812355281248657,1.152,-353.06478333436,71.77475374532395,204.00556625545818,47.39122634800596,16.293855614253307,30.372419637770356,0.9682539682539683
1.0,2.341875,33.188934326171875,130.6828121688603,77.55723809168673,188.7748625363387,-51.160499572753906,-12.704258918762207,454.55087482159394,1016.574488720034,0.05269469693303108,0.06270498782396317,639.7138894649697,491.05371974479624,1571.5793918918919,0.06643264358108109,0.026998440341833577,0.672,-351.5326097235842,71.25656185816763,212.13025896338866,53.067870666274644,-12.763490952519758,22.703086186797893,0.581081081081081
1.0,2.136125,20.608461380004883,87.17206666829938,71.12030090986407,120.99940892192926,-43.632652282714844,-12.439567565917969,452.2933877153808,976.5030769486493,0.07187336683273315,0.05606589838862419,622.2328002453796,461.8195409545781,1509.794776119403,0.06400128264925373,0.029319375084966307,0.8,-300.44369328970845,39.56632336370676,233.02372890587873,32.574647773641864,-11.067565674891473,30.33824769866076,0.3880597014925373
1.0,1.7880625,37.475704193115234,,,,-50.7066764831543,-9.70836067199707,423.832460423384,1018.1636822435142,0.06190064176917076,0.091946542263031,614.1136302107332,479.06523592251585,1530.1339285714287,0.06342424665178571,0.028235650544464943,0.352,-343.13049051707327,74.4105352663822,173.99440004433987,60.243601349214075,7.5724687249464315,17.72835197354301,0.0
1.0,1.6298125,21.692344665527344,115.72411195058615,75.7858283255199,166.24757922855756,-34.181243896484375,-9.29318904876709,504.817657594203,1049.8103423907294,0.0792955532670021,0.08888785541057587,627.4174930832227,444.8352473838714,1449.4485294117646,0.06510416666666667,0.03701738280686584,0.32,-279.8903414204053,19.664766483189485,202.69110749969457,18.802599279235213,-1.846793924954036,36.09533575331777,0.29411764705882354
1.0,1.9463125,17.799453735351562,104.02559010939648,72.3634618720189,178.17974362806785,-38.82575988769531,-12.0265474319458,458.87158867299104,999.4379591571733,0.08464348316192627,0.06199432536959648,636.2686074525001,457.87168312222127,1519.467213114754,0.06533363217213115,0.040202804598872835,0.544,-290.73888218618913,45.782613078173526,237.01054826607387,29.83540284521811,-17.804020838956315,43.806783857107085,0.3770491803278688
1.0,1.6773125,24.477598190307617,127.88581023580008,74.0548776143282,165.29006363084235,-42.183189392089844,-11.554548263549805,407.3211185202863,992.6435540317316,0.07272493839263916,0.07661556452512741,566.5456526992544,459.8430933171716,1431.8985849056603,0.05043116155660377,0.03336643812678598,0.448,-315.8632712896281,28.22329630728182,202.0119602566404,30.677340002937584,3.839272669456673,28.032471680139707,0.6792452830188679
1.0,1.94625,24.89837646484375,103.84409492131616,67.90862219136606,141.4213562373095,-53.01477813720703,-9.248990058898926,396.30623574488527,947.599824080827,0.07262837141752243,0.08383067697286606,555.0839782044837,431.8889714536774,1378.5860655737704,0.053726946721311473,0.0349714321620851,0.544,-311.8397387626867,32.16753022290258,194.5249434047025,27.886718377804574,10.372734556966451,30.903920713295882,0.5409836065573771
1.0,1.645625,19.502164840698242,119.64200257095763,72.78265914210937,176.1331747192297,-38.22920227050781,-11.18704605102539,456.61080266695126,1047.118208433683,0.07743792235851288,0.07160475850105286,604.1313401927007,480.8931019437839,1503.0048076923076,0.05829326923076923,0.03707107282764999,0.416,-292.20779363819287,40.54792413861992,210.0360870721436,28.03518186055856,-7.546967745471073,35.948348747792004,0.38461538461538464
1.0,1.8355,24.18071746826172,115.00619361856073,78.00652260133735,141.4213562373095,-45.22353744506836,-10.820292472839355,416.76954323207474,1050.2330410882032,0.07306233793497086,0.0749707892537117,517.369064891219,429.28560118887236,1376.6163793103449,0.04928273168103448,0.037417026460681624,0.768,-327.8261809732986,27.29051453078118,184.0862040841946,21.685454040103924,15.084343581711188,29.96094617390498,0.6551724137931034
1.0,1.4083125,28.116519927978516,113.76738045765451,79.37005259840997,145.56531828421873,-41.42113494873047,-11.314567565917969,386.42481177020267,1039.9705349853791,0.0927838608622551,0.08072282373905182,571.1952299752011,492.9950498929843,1535.763888888889,0.05082465277777778,0.01850832057891818,0.608,-306.3062432757205,68.11700684522016,217.18718910520002,45.75461821613114,-11.875654144276538,25.21629590273084,0.8
1.0,1.693125,32.319236755371094,135.71171248686895,74.48387315613512,194.30638823072118,-48.32816696166992,-12.025798797607422,373.8879993753347,854.7274935868128,0.06037096679210663,0.06207472085952759,456.56081470690265,392.15962105965616,1256.7806603773586,0.03935731132075472,0.024813278562156347,0.608,-352.3405587749425,60.351174572350466,189.30286661854336,46.63997018482111,25.68662110230747,26.458940041268203,0.8113207547169812
1.0,1.4083125,27.064823150634766,117.26737969695264,68.30201283771977,168.1792830507429,-40.60643768310547,-10.719758987426758,435.60131756287797,1040.5719493598358,0.07005275785923004,0.0772172138094902,537.556093768345,419.4603758030116,1350.0,0.050347222222222224,0.033986342757349776,0.32,-318.0420189410642,51.7483733484229,193.58161339073206,39.472001349701664,11.891858211502662,33.35682323373975,0.4444444444444444
1.0,2.4684375,23.484821319580078,156.02592972633272,78.00652260133735,235.10958125672175,-40.03455352783203,-14.585569381713867,368.66231810363456,1047.0012045217625,0.054369065910577774,0.05487694963812828,425.88553152261056,385.04688086769573,1317.9086538461538,0.03436748798076923,0.006910751489088293,2.176,-382.6489442696321,26.734473731928134,183.46649198693194,17.542903286750956,23.045590049828434,17.368452936338596,0.9358974358974359
1.0,1.45575,19.786893844604492,130.0787069304041,80.7574166800042,173.1073122012286,-34.56416702270508,-10.381793975830078,542.2889104790916,1045.1561953615253,0.08625736087560654,0.07256191968917847,710.1162489573028,486.2141194869637,1609.375,0.07481317934782608,0.03964226592529128,0.32,-276.97123342915063,41.01925620301677,229.61604083853138,35.78046872096916,-26.972979988056295,37.611925844500895,0.5217391304347826
0.0,1.4874375,10.044222831726074,85.44914958117768,61.557220667245815,88.57675191023606,-28.25029754638672,-11.771907806396484,401.0433549472953,1000.2916670744622,0.1644691526889801,0.05113719776272774,481.75220227809314,409.1865227477163,1366.3563829787233,0.04049617686170213,0.007604153020605982,1.12,-267.0648171540007,11.840946659757211,252.3434038780701,13.430291744382822,-0.3982062394007533,9.617040766004726,0.9787234042553191
0.0,2.26275,9.875789642333984,84.38887333191776,71.946679000541,88.06658735961484,-31.28750991821289,-16.634077072143555,431.7203067157645,933.7240958177545,0.0877617746591568,0.02882789820432663,584.5286409564525,456.82655201767335,1556.9982394366198,0.052610585387323945,0.015262254681232452,0.448,-314.1675075697016,23.879012685024936,268.7683662020083,19.022397832546993,-23.46323266545248,17.166585020021945,0.9859154929577465
0.0,1.4083125,18.87242889404297,118.85740204908102,86.55365610061429,138.99182198423372,-32.383949279785156,-10.23102855682373,282.3784199798985,928.0846841829713,0.12511354684829712,0.08420782536268234,425.00890700122676,425.9677758905211,1368.4027777777778,0.027452256944444444,0.017608507479356657,1.024,-304.6476462123617,31.76688319470579,191.91375823888944,23.601351605810258,10.594132074018427,15.053914053110967,0.9777777777777777
0.0,1.5981875,19.94524383544922,107.4799055093436,78.91291473386416,141.4213562373095,-38.073978424072266,-10.4315767288208,449.90925842250334,1031.8222465918448,0.08673379570245743,0.06652946025133133,409.55368419891295,384.4221894125269,1226.5625,0.03212890625,0.015913175083412848,1.28,-319.8455504964886,35.483225976634365,190.77626807284946,25.959933220663398,23.402930720114647,17.33838097125373,0.98
0.0,1.5981875,14.788698196411133,102.35785327821037,78.00652260133735,141.4213562373095,-41.63959884643555,-14.171677589416504,386.1214310806975,962.7284268156199,0.1032465249300003,0.04532729461789131,493.72945413435446,430.27407591075,1425.0,0.043359375,0.021084705815731398,1.184,-296.66189625095075,57.50584718899287,247.59940676191383,31.188937878007334,-5.635575934378238,36.131500544770006,0.9
0.0,1.5506875,19.086570739746094,106.98435514000039,73.20428479728128,141.4213562373095,-40.58300018310547,-12.62571907043457,420.8343272510972,944.7326331078448,0.09749917685985565,0.05633687227964401,494.735870933447,425.461142218796,1377.232142857143,0.04055723852040816,0.02317788931809745,1.184,-304.2856599526855,20.459187817913776,229.11054775393035,17.027216307103274,2.1794351888978882,21.224575691766244,0.8979591836734694
0.0,2.5000625,11.533079147338867,84.21180633317121,72.3634618720189,91.17224885582168,-39.84424591064453,-13.51960277557373,425.5651193930669,965.9756088716341,0.10419923812150955,0.03958043083548546,526.2630205252543,439.05120649578373,1461.4319620253164,0.04629400712025317,0.01575772393673451,1.664,-290.62465366435174,36.693417127924,243.2529808078197,21.593966439119395,-8.792041343754178,24.17589215853582,0.9873417721518988
0.0,1.645625,11.221073150634766,96.73933851295187,76.2248511627881,133.48398541700342,-39.82026672363281,-13.481481552124023,482.96069679514466,1087.3448476918832,0.11690667271614075,0.04189537093043327,515.277002515239,456.392916094489,1503.90625,0.042649489182692304,0.014146188861447598,1.344,-280.145526811469,37.264012457115776,248.15773741872383,25.703913108951742,-4.446116309486829,20.530691262546345,0.9807692307692307
0.0,1.9779375,13.5136079788208,87.92992950222808,75.7858283255199,94.93421209505193,-38.23841857910156,-14.175212860107422,361.94060960827284,877.9685960782863,0.12017118185758591,0.04462491348385811,448.4701571229127,416.4159583771615,1334.6774193548388,0.03526650705645161,0.01089023604076499,0.832,-290.2642792451279,27.720484854932177,246.647224542823,18.652613761578216,2.8921936085354787,14.206325857794825,0.9838709677419355
1.0,1.63025,25.05511474609375,175.131567897929,87.05505632961241,227.10088581417543,-44.724124908447266,-10.604869842529297,372.38974482816894,876.0447025552336,0.06869430840015411,0.07091274112462997,396.12040869741276,319.50368039019577,1083.3333333333333,0.03306908700980392,0.010102602865868438,1.088,-379.0707271714508,65.49912604917724,185.6891301591162,44.944601115938625,37.832374931674266,28.170790465364888,0.9411764705882353
1.0,1.6905625,20.101905822753906,121.5713679610534,89.60596419119524,148.96774631227024,-37.08980178833008,-10.703929901123047,341.05794652503283,950.4134628406213,0.11380072683095932,0.07129532843828201,446.3189429660158,399.07668188416994,1318.3962264150944,0.035580041273584904,0.01534320516772262,0.896,-304.0776806892709,43.381984607757424,204.0181555108054,25.185660818994357,13.14672117022888,25.510897928176426,0.9433962264150944
1.0,1.1019375,36.321205139160156,264.682582964706,193.1872657849691,292.81713918912504,-47.48924255371094,-4.956897258758545,454.56630006281733,905.6355630846832,0.1968797892332077,0.18381530046463013,548.2838704285782,406.8622825662354,1379.017857142857,0.04946986607142857,0.011998935782024503,0.448,-264.83655161136994,89.13583128299834,202.6425927317193,55.88711828122414,6.390196164945201,39.6999189079153,0.7714285714285715
1.0,1.5245625,28.248218536376953,201.63559169432762,77.11054127039704,268.51450055605267,-42.60731506347656,-7.317925453186035,386.1540586246792,1013.6829469963204,0.11587733030319214,0.1240774467587471,444.7965986234687,357.0732057995331,1179.0364583333333,0.038411458333333336,0.013449664462543375,1.088,-336.3310636815195,77.98330336321297,179.3683415422023,48.78168311984441,24.989685143313096,40.52212625923451,0.9375
1.0,1.132125,23.85280990600586,227.67797280917733,109.05077326652577,266.96797083400685,-38.62004089355469,-7.978106498718262,394.44309239213027,907.0955920477178,0.17123794555664062,0.11993347108364105,525.0064072647182,407.694979891746,1367.1875,0.044135199652777776,0.015619606688487466,0.768,-281.30479658347554,57.78410718171097,217.19309558126528,35.28557301584703,0.9412225752357438,28.765570443854816,0.9722222222222222
1.0,1.6301875,30.909788131713867,218.11089904517956,81.22523963562355,289.4538474880756,-44.948307037353516,-5.037642002105713,410.6512601833768,958.3424981336854,0.14729225635528564,0.15016372501850128,525.0938717971321,382.0163417299039,1364.5833333333333,0.04783241421568627,0.011487470541371267,1.12,-304.87292750598544,84.23497380194395,201.29737587791948,48.61179529496476,2.5310452826168,45.190815995747876,0.9019607843137255
1.0,1.2679375,22.235185623168945,260.49876433936043,128.1944081920729,294.5134116201051,-34.276790618896484,-5.475053787231445,434.3060523233448,932.0311190429826,0.19676783680915833,0.13792948424816132,563.6866644687486,394.930100601657,1394.140625,0.0508544921875,0.01350411073476352,0.896,-266.1664457721573,65.84241680396278,215.4178945870508,37.28344832649887,-8.212911306998873,45.089114646965164,0.95
1.0,1.177375,22.083118438720703,258.9760821824514,183.40080864093423,286.12918648705164,-31.79231834411621,-6.899265766143799,413.78394524960123,891.1717092886205,0.16699811816215515,0.1258319914340973,536.8081261309451,382.994128791931,1339.9493243243244,0.049963048986486486,0.012164491997335441,0.736,-293.5089119208706,65.43481175910412,207.46217601695034,37.37441706216191,1.6978930768670915,40.16698868179511,0.918918918918919
1.0,1.056625,18.54913902282715,225.76758848400618,121.7003513670591,256.3888163841458,-29.106361389160156,-8.668853759765625,507.5538231469588,973.1545045877589,0.16183353960514069,0.09982272982597351,572.4528419953886,422.1407671277694,1446.2316176470588,0.05460133272058824,0.019062280529761916,0.768,-274.0651802820036,38.886012075556444,231.24106885352032,25.908031699153177,-7.6322642765695115,25.556694536384374,0.9705882352941176
1.0,1.1471875,24.559940338134766,258.5476857955299,105.94630943592954,303.14331330207966,-31.2119083404541,-4.435314655303955,393.09378791567195,948.1610364178615,0.23854583501815796,0.1631525456905365,511.4346522508118,382.2272000654475,1308.1597222222222,0.041314019097222224,0.012912183915749349,0.8,-254.49454599452682,71.08411997782719,210.47510628998214,43.804122759474254,2.6543632274221745,38.05452264614008,0.9166666666666666
1.0,1.373625,19.626346588134766,226.99413854528459,124.5449622358823,270.06998923363795,-30.85315704345703,-6.601504802703857,394.42571873649604,906.2010036945935,0.1601569801568985,0.11384414881467819,507.5726578819304,384.1591728852703,1281.9767441860465,0.04401344476744186,0.015568682785279,0.96,-280.16470583694377,44.29904897191851,204.67219662129165,30.14495750204266,7.922273741073521,24.704132418479844,0.9767441860465116
1.0,1.2075625,21.487140655517578,259.83301545561727,198.8480847635095,286.12918648705164,-31.808761596679688,-8.718339920043945,426.05964849364244,922.6632120691935,0.18936103582382202,0.10367093980312347,526.9190499310376,381.09554597921976,1328.5361842105262,0.04535875822368421,0.015869946950069505,0.576,-275.4231359992781,45.96580649962281,204.14216899265259,28.938872657500937,3.932437999063621,30.554460134571162,0.868421052631579
1.0,0.935875,18.762123107910156,255.07090336466922,197.70280407057922,276.38257599355524,-28.735340118408203,-5.812155723571777,456.38794941492336,952.7050809517131,0.2054794877767563,0.12962931394577026,529.0654328146022,394.3296001388031,1298.4375,0.04593098958333333,0.014190953697443678,0.64,-261.1757522490157,55.27134534473049,216.33258393012184,32.16030213546871,2.464063143062586,35.798182047387705,0.9666666666666667
1.0,0.8301875,17.11911964416504,255.19590463281318,218.10154653305153,271.6344887654643,-26.974750518798828,-7.4353227615356445,357.3285553121081,890.8132000014913,0.21573196351528168,0.1133444607257843,480.00521111100113,351.073017210002,1265.625,0.038161057692307696,0.009632974820859641,0.416,-277.7599619526363,50.9853129294845,221.40146504429953,32.807451187757984,7.650872594603455,24.66052362501712,0.9615384615384616
1.0,0.92075,17.198923110961914,275.99219195835906,250.53288772482563,292.81713918912504,-28.405311584472656,-5.610430717468262,442.8739295374312,923.0076068325303,0.24182839691638947,0.13602633774280548,574.5098257785172,406.1338257195983,1431.573275862069,0.05081492456896552,0.012295230287978475,0.576,-248.07051159155404,55.04648647482889,229.0207755839495,36.07356621473235,-13.512356962679403,31.959113501890016,0.8620689655172413
1.0,0.92075,17.24284553527832,268.3852189691435,213.12010032569688,284.4812036394563,-26.372886657714844,-4.574493885040283,406.6566399574156,847.8581086492607,0.2820187211036682,0.1330820918083191,544.1855355257983,394.06264845993064,1315.7327586206898,0.04744746767241379,0.015108214613588286,0.544,-238.21362059697003,46.59499232560316,223.84576533252726,29.12340924235325,-6.267721050897237,32.87488665887068,0.9655172413793104
1.0,1.0415625,25.364877700805664,255.11476434209516,108.42268703014184,286.12918648705164,-37.08859634399414,-4.815986156463623,431.6549255560108,876.1077205886653,0.24738413095474243,0.1496942937374115,592.2746108844824,399.7143268210757,1384.469696969697,0.054924242424242424,0.014921171385527272,0.704,-242.3444907482798,67.79169287663117,233.98701720517212,39.740541422702634,-18.14678973297387,42.959604532825196,0.9696969696969697
1.0,1.3886875,21.180648803710938,263.3768890242491,192.07458901020084,276.38257599355524,-33.008487701416016,-5.239910125732422,455.4721331390012,951.3894986761543,0.2482781559228897,0.13426297903060913,631.7244445331648,434.8625799227347,1470.1704545454545,0.059814453125,0.01751651950278649,1.088,-226.4362140792925,52.84353501588798,222.7300006303111,31.801083015457255,-18.946390434965625,34.9996452862506,0.8409090909090909
1.0,1.4490625,18.663366317749023,255.93948966638237,186.60659830736148,277.98364396846745,-27.93098258972168,-5.380797863006592,467.07463769298084,942.8050654474426,0.23068469762802124,0.11584721505641937,621.3740224848437,422.4269551245433,1433.4239130434783,0.058572520380434784,0.01874532130421463,1.12,-230.67003691209177,48.04246891390725,231.77483618632616,28.733116813638073,-20.211314838858936,38.384167022686576,0.8695652173913043
1.0,1.2830625,20.26195526123047,200.87965314177833,91.70040432046711,256.3888163841458,-39.11111831665039,-12.494296073913574,481.8723069079674,916.2673706057936,0.10572906583547592,0.06221604719758034,588.4755037342647,398.8393953511127,1416.9207317073171,0.060737423780487805,0.023450615923453107,0.896,-306.6591974550048,50.51094628840251,218.57900863485506,25.10951328182146,-8.559446269680466,40.643558115314576,0.7073170731707317
1.0,0.99625,18.547163009643555,247.88219376905192,182.34449771164336,266.96797083400685,-28.132858276367188,-7.701319694519043,481.4281583596327,909.2396929149598,0.1875343918800354,0.0972764641046524,567.1644291163068,402.76353178699975,1386.71875,0.056854248046875,0.022343515214820236,0.736,-271.06774639032886,51.46104417254587,218.1415361305026,35.385415962973596,-3.793772390659365,40.9653540728923,0.84375
1.0,0.99625,23.186050415039062,253.84461631703277,182.34449771164336,276.38257599355524,-32.84010314941406,-5.420060634613037,461.4114778504734,887.3918302113781,0.1715945154428482,0.14189673960208893,538.5610451546627,416.5220448575202,1398.4375,0.047210693359375,0.015243858662257487,0.608,-270.9651247010996,60.606217854529056,204.39696637619886,35.30819998601266,6.534547688073243,37.11724650690644,0.96875
1.0,1.1019375,22.485952377319336,233.8178181770764,102.93022366434921,279.5939868358039,-30.604385375976562,-6.03459358215332,356.329074537485,911.9782388435035,0.23886097967624664,0.14673297107219696,550.3009421576588,431.6526485869845,1409.375,0.04679129464285714,0.018774937246088128,0.832,-235.48069641082225,50.65808237717737,211.8165036964711,32.42209531702923,-4.624026527611886,32.510913106087564,0.8285714285714286
1.0,1.1623125,19.02609634399414,259.08570651918575,204.67477839935495,281.2136583244699,-28.934478759765625,-5.967584133148193,416.4304706815629,867.9986544526207,0.16109757125377655,0.11920341849327087,551.6146205135349,399.63397561968736,1376.2668918918919,0.0492504222972973,0.017907222984304052,0.832,-272.7371540817794,48.59418226615884,205.5326471383971,32.59252977339315,4.805037938296184,31.943681094931513,0.918918918918919
1.0,1.1623125,17.33444595336914,241.5894481038171,180.25009252216606,259.3679109302019,-31.461000442504883,-8.418277740478516,475.42219261191315,934.5678255874711,0.1460692286491394,0.08614122122526169,553.9494009920847,403.0809776425158,1412.162162162162,0.052021748310810814,0.019607180120306995,0.896,-286.9789133408265,39.6175071572165,213.5724579620945,30.81901709313042,2.200366204213048,30.707822214687464,0.8918918918918919
1.0,1.132125,17.136009216308594,248.30821848471467,213.12010032569688,260.87041395311286,-32.39197540283203,-8.208940505981445,461.1007507606408,980.5132325773319,0.1504175364971161,0.09225042164325714,520.7549682344371,381.9494879898017,1291.6666666666667,0.047770182291666664,0.022385770917704453,0.736,-288.89920133795135,49.23711604628321,210.39610956364248,30.659669328048928,9.592868088410514,37.76167225837272,0.9166666666666666
1.0,1.2075625,15.479654312133789,232.88801857662912,175.11872228117704,263.9015821545788,-32.91556930541992,-12.569388389587402,444.8831073322972,924.4312395764273,0.09263012558221817,0.06064975634217262,528.1880259383022,346.4062585873305,1218.3388157894738,0.0595703125,0.022193415413840456,0.832,-339.2676809151975,51.60117447051611,216.81821735070278,30.91347264387968,9.577423357678871,32.34337625627488,0.7631578947368421
1.0,1.011375,19.10376739501953,247.7525910792116,184.46323871718783,270.06998923363795,-32.11952590942383,-8.576492309570312,465.0791966767036,840.9144845378444,0.1896834671497345,0.11114824563264847,622.0639965395594,386.7898128338729,1340.8203125,0.06298828125,0.023197213906679108,0.768,-263.6277543762429,59.977456412910804,227.49316596461802,33.85866996056693,-14.439406223295094,43.872534339340355,0.875
1.0,1.0868125,15.876300811767578,185.05442822115674,99.42404238175475,225.79288096122622,-33.748619079589844,-12.140436172485352,465.9368876717395,1046.2397509565294,0.10280029475688934,0.05979730188846588,481.5842489914705,394.27142250188734,1307.4448529411766,0.03822954963235294,0.01580018043383294,0.864,-321.7599799605552,26.212283480816403,209.091088359639,17.136270693090918,10.499324751620914,24.329887353579583,0.7941176470588235
1.0,1.0264375,14.776883125305176,276.7379155176525,253.44393965741244,294.5134116201051,-33.939388275146484,-6.69973611831665,483.5348387173154,980.4550035647591,0.20443812012672424,0.11393340677022934,598.0804744269795,425.6888442473965,1473.0113636363637,0.053592566287878785,0.01776578981539803,0.768,-254.42684591719092,40.288876552595106,217.01029331737615,29.011586221059215,-14.992497968613451,31.539927256836698,0.9696969696969697
1.0,0.9811875,17.721311569213867,257.1081834645727,218.10154653305153,268.51450055605267,-30.617443084716797,-8.497604370117188,403.0250263269742,868.3621374188773,0.1769033819437027,0.10497786849737167,541.7103579731203,375.9709074958977,1224.7983870967741,0.04977318548387097,0.016725227030036725,0.736,-298.99826556131154,59.922321377104694,199.44077571562764,37.58491023619982,4.284337472221224,40.136459692589696,0.9354838709677419
1.0,1.5698125,17.70595359802246,256.4926230786568,179.21192838239048,281.2136583244699,-30.27625846862793,-6.743144989013672,396.6038673386206,820.5481877931708,0.2014758288860321,0.10024133324623108,605.8601486230639,408.50007226896554,1409.0625,0.060859375,0.017441351571162892,1.28,-261.20472800775707,38.55453044397605,222.03926319067511,26.816792308625757,-19.02466460821112,28.529759324854084,0.86
1.0,0.815125,20.979156494140625,242.94333687881962,225.79288096122622,254.91212546385245,-35.16250228881836,-9.650023460388184,532.6761521309658,909.412842016309,0.11631151288747787,0.07907126843929291,526.7946933744508,358.3132022635666,1212.7403846153845,0.056302584134615384,0.02271255629229153,0.512,-324.0474033917508,49.31790570133381,206.80753299053217,35.50832721913817,16.16547169105255,29.849568055729414,0.9615384615384616
1.0,1.011375,14.943199157714844,260.310768217123,223.1994285260446,271.6344887654643,-28.289691925048828,-6.6335129737854,467.94109016381225,850.1369545171774,0.20717176795005798,0.09860139340162277,675.0412088025341,427.4750166512804,1482.421875,0.070953369140625,0.023223676442547688,0.8,-240.13154367500238,37.93410006085732,215.39074884595908,28.82284143425008,-27.503616503163656,36.11692229875101,0.875
1.0,1.011375,17.278383255004883,267.0325343828732,209.4588245641254,284.4812036394563,-24.886455535888672,-5.005950927734375,393.0249855722006,844.366202451868,0.21157711744308472,0.13711492717266083,512.0818580189018,359.7242663049557,1228.515625,0.044403076171875,0.012118783495218811,0.672,-270.7325930044815,56.50915658448426,200.14020507940506,38.790034392181106,6.845320322260832,32.99075910813199,0.96875
1.0,1.0156875,16.120819091796875,250.5114198639149,209.4588245641254,265.4303484677136,-30.197872161865234,-9.457243919372559,493.27492975992595,864.5884758629152,0.1474384069442749,0.07622112333774567,548.8757999868894,353.97207783341895,1260.7421875,0.058746337890625,0.01749844505861032,0.704,-301.36095382810674,43.35733376597786,219.96438663722148,29.346025945783737,4.266247891927408,33.15653174822797,0.9375
1.0,1.1265,16.599063873291016,269.69800306044823,233.75544971224912,282.842712474619,-28.17172622680664,-7.8484954833984375,440.55140928530864,882.2224597985605,0.1561366319656372,0.09491690248250961,558.0408475915617,380.2150893705307,1365.8854166666667,0.05238172743055555,0.014830238979952653,0.832,-292.60097490418957,49.27394860017883,210.37529350327765,34.50282752945092,-3.055545194811897,32.2642795557757,0.9166666666666666
1.0,1.181875,14.619368553161621,240.32520025450756,188.7748625363387,257.8740616879158,-27.064611434936523,-11.008219718933105,509.6974979289151,954.2828499770554,0.13475525379180908,0.08076000213623047,549.4368049041875,372.2320888443429,1309.1216216216217,0.057036528716216214,0.021406805148377433,0.608,-306.81915821511694,35.4811552170222,212.47534919953733,28.747624601164585,5.010804110855502,29.125934102536043,0.972972972972973
1.0,1.0156875,13.978610038757324,239.7051184504516,180.25009252216606,257.8740616879158,-29.525028228759766,-10.995386123657227,544.0837696480974,939.5663510347603,0.1452358365058899,0.06771139800548553,590.1261222263181,371.6328556499975,1289.0625,0.0640869140625,0.020974436391139675,0.64,-303.6304064022485,42.32601058592553,217.12855172272674,28.445825674208084,-6.311750127818035,33.208571220124945,0.9375
1.0,0.99725,18.106910705566406,272.9188011776897,247.65527207548806,287.786716002164,-28.413373947143555,-7.274991035461426,413.78272897880487,834.4329789605868,0.2005566507577896,0.10452762991189957,500.81223708830464,346.1033982434195,1149.4140625,0.0433349609375,0.011330203161682387,0.672,-283.5063000363448,51.17264608076971,202.0791926768883,33.228834816843445,14.822550063923867,32.918278075947,0.84375
1.0,0.9603125,16.173770904541016,255.12493698282853,224.49240966187455,268.51450055605267,-33.8912353515625,-12.280197143554688,462.82945245440857,818.2908960163514,0.14231790602207184,0.059737712144851685,578.2292074066538,348.4856114355448,1223.7903225806451,0.06744581653225806,0.02015745064873616,0.576,-318.2890131406146,38.94619550066523,222.76692505560246,26.299291875873124,2.5674613620204214,33.876475824071015,0.7741935483870968
1.0,0.831,17.470529556274414,263.3092030817446,250.53288772482563,273.20805135087915,-29.841083526611328,-7.954420566558838,494.17540791230095,914.1497087807422,0.18284843862056732,0.11289253830909729,566.1263053278309,375.3609463982539,1324.5192307692307,0.0576171875,0.016942726145407688,0.48,-286.95675742844276,60.56217344515664,222.08669379546484,41.76641199758824,-0.4324891343104049,40.205179253046886,0.8461538461538461
1.0,1.0156875,20.257003784179688,260.00130248729636,210.67220719096719,277.98364396846745,-29.972393035888672,-7.335007667541504,355.9388197417161,804.0033323851009,0.1642090380191803,0.12860159575939178,430.7608079124558,300.0453246122492,1035.64453125,0.03704833984375,0.009026395965038346,0.544,-307.59460525293827,72.58600039639776,179.26397082990934,48.34289048949744,30.106057247716695,37.66592956203445,0.9375
1.0,0.8679375,17.267032623291016,266.6474409990329,246.2288826689832,277.98364396846745,-27.96015739440918,-6.870853424072266,413.3046520409527,874.6831747942289,0.19997383654117584,0.12399115413427353,478.47052064742644,373.9485929736713,1262.2767857142858,0.039794921875,0.01183911228361138,0.48,-279.48212275566186,59.23362803419352,190.1552569665557,42.97828211045562,19.121366862371634,35.34867743388514,0.7857142857142857
1.0,0.923375,14.813876152038574,242.02257821948803,211.89261887185907,257.8740616879158,-30.154495239257812,-11.806416511535645,457.7596765811676,1051.7682839281376,0.13711898028850555,0.06713242083787918,521.5384264985875,420.132839371042,1429.9568965517242,0.041891163793103446,0.011527331755600145,0.416,-297.3190599355737,40.900936213302934,219.57594359013052,28.560009568526272,-10.17327365581967,34.66779948965384,0.9655172413793104
1.0,0.6648125,20.155832290649414,,,,-33.60624313354492,-9.659998893737793,447.0547540474022,1035.5072903136193,0.1606723964214325,0.09717931598424911,509.8328857852125,400.08604563089034,1378.720238095238,0.045619419642857144,0.011512093296987746,0.352,-260.50337112137703,43.42142790661052,257.03350469847305,30.24061664741587,2.6153099199435004,18.359067042046245,0.0
0.0,2.098125,16.600366592407227,94.03737803351218,67.90862219136606,110.31788221637464,-45.80646896362305,-13.259557723999023,330.5390868873441,862.4035954430598,0.10383789241313934,0.05030808970332146,444.7750025947527,415.7725862503076,1418.3238636363637,0.034978693181818184,0.013113986472082145,1.28,-310.56591597119444,40.40606748802507,231.89264645348604,33.138966133467946,19.64645546841171,15.468608868747618,0.9848484848484849
0.0,1.856625,15.040307998657227,84.04452380638008,63.36098491435311,89.08987181403393,-39.873023986816406,-12.935049057006836,302.5971840607461,756.3175079764037,0.12537728250026703,0.05117463320493698,369.117682924499,344.1612295673159,1137.7118644067796,0.02977688029661017,0.006903871548962753,0.576,-319.48451176621603,27.33346139325282,241.35159616197816,19.010596195170738,27.33801942902084,14.03095851496316,0.9661016949152542
0.0,1.9019375,19.294069290161133,78.1088055917665,50.87398460513432,84.57676786314485,-47.48848342895508,-14.23918628692627,411.21756647649727,929.7584921331621,0.1033831462264061,0.04819857329130173,390.9932389999842,350.28459384951583,1143.75,0.034619140625,0.01033715739299394,0.96,-328.8547626264355,30.312772098088022,242.63495853426892,25.672177335253508,31.113333283014224,10.808916275787066,0.9833333333333333
0.0,1.932125,17.835233688354492,80.75269772457226,63.72803136596311,99.42404238175475,-36.096275329589844,-11.26705551147461,315.3901946007739,789.9072605828081,0.14733195304870605,0.07329362630844116,368.5212228898636,340.9794887310932,1113.217213114754,0.03277087602459016,0.005823308864904672,1.44,-314.63098789078816,19.470541039947,241.26320312446666,18.644193183047143,34.28402979958533,11.943197769623179,0.9836065573770492
0.0,1.735875,9.367192268371582,77.31876141607557,65.9753955386447,83.60532082885095,-41.3978271484375,-15.938152313232422,395.79869114721004,1088.3229922130795,0.11863305419683456,0.031314074993133545,430.6042479986584,379.86624287987405,1321.875,0.03842329545454545,0.00985438741296818,1.184,-319.83010564483413,28.80879465153106,261.43896809335325,19.74598850015018,13.847203175137524,8.904201606663024,0.9818181818181818
0.0,1.9925,13.91635799407959,77.3190046305429,62.63322193120639,83.60532082885095,-38.1435661315918,-11.730402946472168,356.81697503194545,988.531053327752,0.12183301895856857,0.05464818701148033,396.31977127093035,379.632227231184,1266.6170634920634,0.030304439484126984,0.008440201214649497,0.32,-299.0047951465556,25.03905703376703,224.45685185985892,20.134862438664438,26.30943157542831,12.920485481388132,0.9206349206349206
0.0,1.6453125,9.116622924804688,78.48438409386885,69.49591099211685,83.60532082885095,-29.379281997680664,-11.793869018554688,348.81889159900396,902.361753327069,0.14380723237991333,0.05168335512280464,381.1481906899477,355.21477162144936,1182.9927884615386,0.02942833533653846,0.00872419649458425,0.192,-296.1423045393691,15.29195858589817,235.81831960092467,12.296605848739532,29.760507021145244,13.2596964281884,0.9807692307692307
0.0,1.1080625,21.81949806213379,59.22469073469177,53.280025081424206,64.46851542197895,-41.67825698852539,-12.396526336669922,461.3579394486785,1176.8928771576905,0.15381084382534027,0.06833463162183762,466.1259059101654,431.820124223128,1483.482142857143,0.040401785714285716,0.0057565650863679605,1.056,-263.7114170430724,45.30853403699286,266.5995795098801,33.812865371246744,6.4750435765361845,6.92883620383665,0.8857142857142857
1.0,1.7365625,14.636913299560547,167.32073330677017,125.26644386241279,181.29427068562208,-38.135257720947266,-13.873452186584473,539.1708879464841,1008.6523482243064,0.10456664860248566,0.047383666038513184,587.9774445387721,363.1760894826238,1256.25,0.06455965909090909,0.011345366616786447,1.216,-309.5488618229931,24.137099252590374,219.7190400545816,16.754094661210605,-3.956682728706314,21.026179252197192,0.8363636363636363
1.0,1.945625,17.515518188476562,164.39800363573698,133.48398541700342,179.21192838239048,-38.156761169433594,-13.803485870361328,512.3134009209635,870.9809909454046,0.10192984342575073,0.046239692717790604,615.4743208407291,362.91806323677105,1319.9282786885246,0.06462922643442623,0.016190602869114844,0.96,-306.755488286134,36.16272826150236,224.17240409905628,23.09268732743678,-11.380288983665915,35.54180447690342,0.7540983606557377
1.0,1.67225,22.720060348510742,163.26884145453118,104.12621525348065,181.29427068562208,-44.98420333862305,-14.38773250579834,524.915327409198,872.3304537663231,0.09299474954605103,0.04742037504911423,618.4347887591894,367.00174519470943,1302.4764150943397,0.06367924528301887,0.013917570073836481,1.056,-313.22493531197364,42.98026219922346,216.82249314535616,25.45944999529226,-13.898089854544086,30.512286269387555,0.8679245283018868
1.0,1.7205,9.70085334777832,163.99302796143314,131.9507910772894,266.96797083400685,-29.876407623291016,-13.875694274902344,540.2496181296139,909.245008451102,0.11658373475074768,0.03241803124547005,645.0942019429,347.62705906676393,1288.4837962962963,0.06975188078703703,0.01389050179994353,1.408,-300.1984643667579,28.006927769725447,241.8107946493746,20.82502252248409,-22.433427981243145,34.14588881495822,0.8703703703703703
1.0,2.4923125,11.42772102355957,150.8255422262101,102.3373891996775,165.29006363084235,-35.82290267944336,-14.33800220489502,532.3998867001045,896.064767411106,0.08999742567539215,0.034425750374794006,643.8061623396939,374.20039847957037,1346.554487179487,0.06891025641025642,0.016534104308756112,2.272,-325.3602552187234,26.946021538180187,231.32009530864516,24.620508314610763,-15.009156686445104,27.83633838366681,0.8717948717948718
1.0,1.817,16.08968734741211,167.98696429070668,132.71517423385683,189.86842419010387,-32.35345458984375,-14.170695304870605,522.1797204254905,955.7553190453597,0.08857116103172302,0.0395246297121048,590.7355112314153,357.1276903339659,1279.3311403508771,0.06172902960526316,0.014068420046976183,0.544,-315.1511569064174,25.3805695243376,222.83234703386069,19.361013734943192,-4.942419285411436,29.82417059387589,0.7368421052631579
1.0,1.15775,19.810148239135742,146.7380449146404,134.25725027802636,162.4504792712471,-38.07427978515625,-13.808884620666504,524.3315076280255,867.2579514492185,0.10359682887792587,0.053315695375204086,625.2773164360264,401.467648321231,1377.5337837837837,0.06667018581081081,0.0156984795820495,0.416,-300.03341541864904,43.43730986453159,265.72121982485544,28.446717524508212,-15.125273787575212,34.14359393433379,0.5675675675675675
1.0,1.76875,14.534597396850586,182.81353825868075,135.81724438273213,202.3238880603845,-35.730716705322266,-14.236600875854492,538.519538897801,949.6179373942228,0.10978289693593979,0.0472438782453537,530.4972388552306,354.9465848584753,1210.1004464285713,0.049839564732142856,0.015201792865386672,0.544,-310.10006391728894,19.428650818423016,249.928699111475,17.826623420691625,16.28300480068153,12.789557557336336,0.6071428571428571
1.0,2.07425,13.984309196472168,170.1765327122834,127.45606273192622,259.3679109302019,-33.99643325805664,-14.785024642944336,541.0346345048682,992.2876347788982,0.10447961837053299,0.03806797415018082,627.150983570318,356.6183981254265,1284.375,0.06612079326923077,0.016993934236973842,1.696,-306.23186052571185,29.745488835083044,226.530429848593,22.338870874595806,-16.651189185612488,29.624215569871016,0.8923076923076924
1.0,1.4310625,14.605921745300293,129.80460272412773,125.26644386241279,141.4213562373095,-33.462440490722656,-13.49730396270752,554.8111358460783,992.3283021233588,0.10786958038806915,0.054199688136577606,514.3304437275513,339.11504330730844,1119.7916666666667,0.052408854166666664,0.010513869394888723,0.992,-312.1003128429841,33.186742719240726,260.6148953164939,23.48371793895954,12.727454464846682,19.580970574218394,0.26666666666666666
1.0,1.76875,12.633338928222656,159.4085911302103,135.034994616819,241.99881784385852,-31.69554901123047,-11.918596267700195,524.3292781276563,891.5842734944908,0.123918317258358,0.051862504333257675,572.0754796544153,351.94924739871266,1233.5379464285713,0.061366489955357144,0.014381847747624453,1.376,-287.50277326108875,25.669689468405092,228.12940018299903,18.699565772880476,6.319826678876098,22.823293998094584,0.8571428571428571
1.0,2.042125,16.7496280670166,173.44085230933135,124.5449622358823,246.2288826689832,-38.45668029785156,-13.703389167785645,448.7065149508985,805.0306056553089,0.10031335055828094,0.049207836389541626,546.8865871695612,338.5725630143777,1177.734375,0.0564422607421875,0.015162469126217064,1.536,-318.7496485501695,32.93334966656063,239.1073647314621,23.01428241743562,4.786734126560342,24.6541124375616,0.78125
1.0,1.9295625,17.750659942626953,175.5776443700491,138.1912879967776,247.65527207548806,-38.3777961730957,-13.037809371948242,439.93426640887606,852.8014049337183,0.11349200457334518,0.0541263222694397,571.5012360622891,370.1476233134852,1263.3196721311476,0.05561603483606557,0.020293947176050157,1.312,-311.5850893435946,34.13774902102686,203.94307730484047,20.646496113857587,-5.4785769635621095,29.40540894634603,0.9836065573770492
1.0,1.6240625,11.075425148010254,178.2433374098018,124.5449622358823,266.96797083400685,-31.872230529785156,-13.128552436828613,506.7459249267611,867.8640630594365,0.1158953383564949,0.04450812563300133,537.706408673117,362.4367173668531,1203.737745098039,0.06248085171568627,0.012627360735603176,1.376,-313.1308372838485,30.88294720448888,225.48897941952208,27.319364122274635,-0.46238017737807563,15.186193940994233,0.8431372549019608
1.0,1.5758125,8.332406997680664,151.36430392163575,127.45606273192622,163.39154532410998,-26.960126876831055,-14.98146915435791,508.27956877314585,829.487073667216,0.12050928920507431,0.03369564190506935,620.9362122922927,369.79496528470236,1326.25,0.06857421875,0.017057491699288295,0.384,-294.2811826751219,24.176637865488,271.16801471960207,18.59291337304048,-22.7144351015969,27.7199817768227,0.8
1.0,1.7205,14.759407997131348,166.7259954020094,97.71599684342459,294.5134116201051,-41.20459747314453,-14.989812850952148,498.0560297831501,907.8326936096731,0.10030051320791245,0.044279664754867554,584.5317523061316,351.5787220322075,1260.7060185185185,0.06081814236111111,0.01735509132288637,0.8,-315.787299298905,34.97058749804515,237.5886066993398,22.707366605541132,2.216789034923725,29.386018583765637,0.9444444444444444
1.0,1.9295625,9.388237953186035,173.79919459440436,140.60682916223496,250.53288772482563,-27.328195571899414,-13.143519401550293,518.5312640655893,963.4058156381365,0.11584220826625824,0.03862424194812775,619.2434935363102,361.69039464208936,1237.9610655737704,0.0654296875,0.015501440569314873,1.536,-301.98257407766636,20.029915373001156,234.57215500999743,22.018395175171133,-9.457630203988275,25.773917319780207,0.9344262295081968
1.0,2.1225,17.34233856201172,76.60234407754598,56.448220240306554,85.55950256826023,-34.73442459106445,-15.092256546020508,544.7797376534662,978.8644910692301,0.10052291303873062,0.04822336137294769,602.7428552073668,368.80215788739844,1281.9496268656717,0.06548798973880597,0.017421044072800963,1.44,-308.06399833935274,31.09970833936423,249.21370831660198,24.184815665077924,0.5258031603792953,21.944927328681896,0.5373134328358209
1.0,1.6883125,15.101192474365234,152.43118606570542,138.1912879967776,160.5845763726753,-36.552284240722656,-16.79222297668457,538.0887834525055,905.2887722899055,0.09737808257341385,0.035110507160425186,582.3804929669496,353.0027093740991,1219.9292452830189,0.06270268278301887,0.017106401482954482,1.408,-309.9256272880091,37.97409102178256,263.94142854216784,22.156727907838142,-3.837356550902174,33.3076132501272,0.4528301886792453
1.0,1.800875,13.146208763122559,73.10600307237469,70.30341458111748,74.91535384383408,-31.20107650756836,-14.352899551391602,558.1812680232869,964.8699958718213,0.12086722999811172,0.0431976318359375,571.3472227896,378.99218489077595,1265.3508771929824,0.0576000548245614,0.017664045947060263,1.344,-274.977417562769,35.782422390437624,261.66922166714306,22.654008902386423,-3.3375939995022366,25.08261312010712,0.3333333333333333
1.0,1.8330625,15.625905990600586,62.81991058287273,55.79985713151117,68.69768237290445,-41.30430603027344,-14.780969619750977,463.93908530597326,828.1210906840823,0.10392928123474121,0.041461553424596786,599.0358602731721,363.023501228646,1228.448275862069,0.06559806034482758,0.015693396916792116,1.344,-287.4240919081577,38.01195241791902,265.75356320498037,20.931956676457904,-8.354419871032166,25.736096020943968,0.3103448275862069
1.0,2.0581875,11.965193748474121,176.86540232366258,128.9370308439579,257.8740616879158,-33.90208435058594,-12.727170944213867,493.37374989324763,917.1185914413433,0.11091573536396027,0.040455855429172516,594.361389522797,361.2509958345575,1237.9807692307693,0.06517427884615384,0.017493852582002242,1.76,-306.2964882656157,19.355692213929455,245.98686093015434,20.428861684279333,-4.161293884136354,19.342262979595464,0.9846153846153847
1.0,1.688375,15.296345710754395,150.2205194304315,126.72196982870621,162.4504792712471,-34.56884765625,-13.561610221862793,559.3153185322594,936.2493896002693,0.10931922495365143,0.048433154821395874,561.4106182110692,340.95718097136216,1197.8183962264152,0.06279481132075472,0.013935951092826724,0.992,-306.17101197733996,35.22542544147874,266.1599476046636,27.00229479833625,6.468451247808817,19.614077669962757,0.4528301886792453
1.0,1.7848125,13.982176780700684,156.47582373302546,120.30250360821167,182.34449771164336,-37.04087448120117,-14.500272750854492,593.5064449024898,973.8398246916054,0.10020460188388824,0.04449800029397011,632.2824212438021,386.499825729922,1351.283482142857,0.06907435825892858,0.014184778699644242,1.152,-292.0543351965056,27.318949705510356,244.83072261116453,21.910162164916134,-15.517942185642315,15.601110088218151,0.75
1.0,2.154625,13.127789497375488,166.3433691351889,92.76591169413095,271.6344887654643,-28.948482513427734,-12.766839027404785,524.7269375363953,925.2835606606286,0.10199470818042755,0.044068071991205215,537.6673714240164,320.76032568363803,1133.0422794117646,0.06166704963235294,0.020843756245271353,1.696,-326.6435992173535,25.78648743252609,233.92066362892552,24.789426439317648,20.878334716066753,15.876039110390424,0.9558823529411765
1.0,1.9616875,18.831340789794922,170.67492874856265,115.5352696872273,185.5318233882619,-39.55894470214844,-13.817038536071777,532.2171267537486,926.3082685532084,0.0924558937549591,0.0474713072180748,583.9986214971182,347.7063937502846,1219.0020161290322,0.06462638608870967,0.01375993676500847,1.504,-313.282568480889,44.01402244158363,242.85413903184656,24.950924154158347,4.233413587069335,31.219240962054247,0.6451612903225806
1.0,1.5758125,16.7386474609375,170.28350749757465,165.29006363084235,172.11028744886602,-35.383724212646484,-13.832895278930664,570.4061255095554,1022.933030611371,0.11261213570833206,0.051013197749853134,578.7925571263805,369.01661800410767,1261.25,0.05974609375,0.014075636767657763,0.384,-292.87848290010965,40.72966852199971,259.8814596126764,27.672453266001945,-0.1648605166196974,34.3252997467701,0.28
1.0,1.7365625,16.811859130859375,179.26155064378952,171.11900513652043,183.40080864093423,-35.48066711425781,-13.531814575195312,497.3659766822181,859.9817440550199,0.11208880692720413,0.05142759159207344,566.7004134584628,362.1921750115177,1221.3068181818182,0.058167613636363635,0.013350737905924276,0.864,-292.12632480427345,36.45384011037029,254.86157950522656,22.1680556914781,-2.5507959373907676,26.06752293997262,0.2
1.0,2.3315,20.559232711791992,171.84169840956363,142.24060181972814,198.8480847635095,-44.620033264160156,-13.750406265258789,517.6335839417792,849.943399024591,0.0804000273346901,0.05389538034796715,590.0154714582396,343.515867423105,1211.0445205479452,0.06435948202054795,0.012579183095780858,1.664,-335.23787021975687,37.45543952150616,229.442768696911,26.364925575068426,2.7989533736406127,21.239676368714793,0.7671232876712328
1.0,1.688375,12.576523780822754,174.3586030385464,123.82763603774404,266.96797083400685,-36.34779357910156,-13.494970321655273,496.63546770925706,894.841843659099,0.1047709584236145,0.0436028391122818,606.9882755025167,343.27474994907016,1188.9740566037735,0.0693359375,0.016269284171109087,1.152,-300.21186896603655,31.521343941543382,251.83335548875925,20.839569541652935,-9.159149655633826,24.162546365920655,0.8301886792452831
1.0,1.3506875,13.970928192138672,160.11337570437186,138.99182198423372,172.11028744886602,-33.41796112060547,-12.99487590789795,539.8183619372804,894.2604523567321,0.12885287404060364,0.051939643919467926,621.0619494401491,363.70672834962596,1214.0261627906978,0.07088026889534883,0.01625969579867333,1.088,-284.4555664168672,37.148301775112834,252.7561110904694,19.930997802208072,-4.644358102636611,31.671907653511482,0.7209302325581395
1.0,2.1225,19.98568344116211,155.61883534923237,60.85017568352955,187.68759933422865,-42.23206329345703,-12.985855102539062,520.2391695180942,830.9270752652765,0.08211567997932434,0.051854170858860016,559.4632842032372,338.50434452493,1199.3936567164178,0.06223763992537314,0.012821472924892307,1.76,-333.2457481952879,31.664770775868924,211.3350862531015,19.384609375422613,9.642048207182789,25.229615756521902,0.8955223880597015
1.0,1.1095,17.057947158813477,,,,-33.5726432800293,-12.428364753723145,551.2284896819681,928.6186538058457,0.12297257035970688,0.061915066093206406,572.5696384743824,344.8353361730938,1232.142857142857,0.06311383928571429,0.010919762288908542,0.736,-285.7387207971784,31.716689943518865,264.18174375149067,24.932608382360225,14.232250076213331,14.284815072531766,0.0
1.0,1.9134375,15.03749942779541,161.5995609036436,140.60682916223496,174.11011265922482,-37.768638610839844,-15.176513671875,510.576600866553,879.452751492292,0.08631289750337601,0.040571484714746475,539.1089821329365,338.35520684503234,1146.09375,0.05712890625,0.01522466888318229,1.216,-329.1591473268243,32.101989302132374,239.57127059575208,20.97937246048464,11.416650748774433,32.010346346154925,0.65
1.0,1.7848125,17.795820236206055,126.37526349621494,111.59971426302234,131.9507910772894,-33.50172424316406,-12.989338874816895,506.3196543518139,949.1758531323936,0.10864168405532837,0.05663364753127098,520.2155378577781,359.1067328796225,1240.513392857143,0.04889787946428571,0.011924545561583762,0.96,-294.5652345650597,42.959135047250456,248.45696635635846,29.72669606664982,17.167316676531247,23.248322654101553,0.26785714285714285
1.0,1.6561875,22.641372680664062,195.54949416597174,158.74010519681997,260.87041395311286,-43.17212677001953,-13.259244918823242,478.4434513545605,816.2696248586007,0.10190724581480026,0.06504122912883759,563.1759026614469,348.4862862089442,1172.4759615384614,0.05926983173076923,0.016985471184645242,0.768,-305.717877894631,46.04046331675819,233.16003789171845,26.813088290551345,2.6390998069445977,24.76288148091188,0.7692307692307693
1.0,1.9616875,20.123517990112305,179.32214649185593,150.69866814745757,257.8740616879158,-39.19021224975586,-13.906798362731934,512.057348914548,928.433035434722,0.09206714481115341,0.05555364117026329,556.9322723608383,343.4185149260027,1204.133064516129,0.057034400201612906,0.015002709090174772,1.28,-320.8552504660816,42.82235547080631,239.56459637510304,30.03767823243175,11.625713803969997,19.430190874141125,0.6129032258064516
1.0,1.9938125,21.496667861938477,148.9561048814811,93.84379966711431,180.25009252216606,-40.076072692871094,-13.280197143554688,511.33184332142963,878.1348779235536,0.08712410181760788,0.059305720031261444,545.0090503968481,336.43061403969267,1182.5396825396826,0.056470114087301584,0.01517134604390939,1.12,-321.0797994550056,46.99761423280997,227.05823907929064,30.133661393422027,21.09356852610207,28.99684746844444,0.6984126984126984
1.0,1.817,13.682093620300293,164.7687423458577,141.4213562373095,178.17974362806785,-33.18853759765625,-14.954872131347656,525.4713704927763,923.119438702532,0.10766813158988953,0.044331930577754974,562.4607579473702,337.5050239665686,1212.719298245614,0.060324150219298246,0.012610044844155356,0.96,-313.0233432620895,34.14783034290821,262.92887591240157,23.887841965828066,1.602508606621403,22.781049573539267,0.3684210526315789
1.0,1.238125,13.862542152404785,,,,-29.158340454101562,-13.20433521270752,494.9950894880055,851.280148766613,0.1283237189054489,0.04478039592504501,554.7752588425052,343.55955541686336,1180.2884615384614,0.056515424679487176,0.013837530017188706,0.544,-289.37060618942377,25.558832130914485,257.92197387228754,14.656768984717557,2.041362217669086,20.660776458901395,0.0
1.0,1.7365625,19.741077423095703,174.7371459168932,160.5845763726753,183.40080864093423,-36.61465835571289,-11.083353996276855,530.3509777324078,921.5718998166053,0.12609194219112396,0.063355453312397,586.4846791037764,369.8129399400132,1283.8068181818182,0.0638671875,0.010932742979318894,0.512,-273.6833996607147,39.7522607339527,224.20507597691162,23.403014075478996,-2.80439729515549,26.47793155993907,0.5636363636363636
1.0,2.251125,18.417490005493164,186.64438359605623,132.71517423385683,268.51450055605267,-35.57789611816406,-13.731255531311035,507.22332421678794,880.0442534644804,0.07948658615350723,0.053872302174568176,541.6714558687167,334.3516894828975,1180.4577464788733,0.05834617077464789,0.017057465327238983,1.792,-335.3788593619678,35.57361284613877,233.6451707536139,23.892316061021376,19.125060574035462,15.62664500187016,0.9859154929577465
1.0,1.945625,17.866558074951172,177.9436295004619,128.9370308439579,254.91212546385245,-37.63605499267578,-12.342626571655273,524.9476399173419,879.6735524000151,0.08514346927404404,0.05518803000450134,583.7777274352505,346.32090934462747,1191.342213114754,0.06438908811475409,0.016891314156685787,1.632,-316.29794799502884,46.91600464468069,247.8377406588041,28.26868847530048,3.5355709978506895,23.35097795168403,0.9016393442622951
1.0,2.042125,15.683382034301758,198.67765238589735,172.11028744886602,270.06998923363795,-37.12018585205078,-15.838933944702148,491.6100490414822,777.9392141065937,0.07998889684677124,0.037162020802497864,545.9802014202381,329.6346096075613,1173.095703125,0.0591278076171875,0.01101603201188624,1.536,-330.2082957645692,32.904876417081034,251.8526249448344,18.586618328551886,9.128697434626128,21.82652874397451,0.640625
1.0,1.7848125,17.79884147644043,192.2538844446993,172.11028744886602,253.44393965741244,-38.47747802734375,-13.050087928771973,471.691445724716,783.1984023896636,0.09712064266204834,0.053957387804985046,547.2939945082674,331.6661945297206,1152.064732142857,0.05979701450892857,0.013340244948856024,0.992,-308.3478192273439,32.87630495335051,234.14644131782583,21.469531942353576,17.36956490316897,23.28298341897819,0.5
1.0,1.800875,19.553586959838867,174.25425578625212,119.60961217374037,207.05298476827548,-42.65427017211914,-12.86593246459961,524.2936588030697,858.494195641145,0.09594481438398361,0.06701511144638062,576.5539687245549,346.8885659112342,1158.1688596491229,0.06332236842105263,0.016554420491774618,1.44,-327.69662184303695,53.76808255099534,233.24263427850198,29.69181686969175,7.044940587243898,30.61325972148231,0.9824561403508771
1.0,1.7526875,16.721160888671875,152.1942339563602,135.81724438273213,165.29006363084235,-37.68510437011719,-12.695980072021484,510.1605367052134,872.7454849301198,0.11361122876405716,0.06164034083485603,560.1043925786638,344.8102577626041,1206.25,0.06019176136363636,0.017649362080278706,1.12,-296.1547192824192,38.331278536638294,252.8311590841036,28.57890211616066,13.061821886496272,21.92625022693105,0.45454545454545453
1.0,2.106375,15.333690643310547,177.0518377704969,114.86983549970348,268.51450055605267,-41.05194854736328,-14.700231552124023,494.68812110492746,793.4960121149448,0.08799672871828079,0.04579496756196022,590.7688351445987,332.8019547468698,1180.1609848484848,0.06724964488636363,0.01199404192365236,1.888,-318.27020865773727,39.31685843142086,257.7299962393313,23.426906805730304,4.648974248865815,18.423247269456706,0.7121212121212122
1.0,1.849125,21.270118713378906,140.19122719596822,82.16903145857903,175.11872228117704,-36.90916061401367,-12.876811981201172,463.40768806405003,824.4674675716346,0.10440332442522049,0.06101178005337715,566.2227771335822,338.9858328214937,1166.217672413793,0.05943561422413793,0.015877050390997807,1.376,-305.1976229857489,52.42452080240524,234.9482744843044,31.033452955098646,3.387791297030667,33.34323379171612,0.6379310344827587
1.0,1.46325,17.565570831298828,191.22415528206702,135.81724438273213,259.3679109302019,-33.55643844604492,-11.834381103515625,531.6831100755924,1004.9370532107629,0.13326391577720642,0.07013483345508575,526.055527590837,336.63009993858617,1143.3423913043478,0.05228855298913043,0.012523838236990511,0.896,-291.1079183254153,39.30155281548073,246.70699142344247,28.042783225893757,12.124003582209935,20.86307599288642,0.9565217391304348
0.0,1.897375,10.759580612182617,73.6231891858823,64.46851542197895,80.29228818633764,-27.5936222076416,-14.047988891601562,557.8151884644875,1063.4287773103968,0.10686112940311432,0.042327895760536194,535.5585553441997,415.22757933106163,1337.7604166666667,0.05413411458333333,0.024693946908697667,0.736,-281.4113695148733,31.317803392825976,248.84205848909141,24.27676157110498,3.7839113998022325,25.832322782369953,0.95
0.0,2.07425,13.764267921447754,125.30574131912088,70.30341458111748,246.2288826689832,-37.59170150756836,-13.72754955291748,514.8225128323976,1002.4333175533906,0.0816841870546341,0.0397559218108654,469.27230272635825,354.5665267819547,1132.451923076923,0.0451171875,0.01226108824108893,1.6,-324.9789133534027,30.263670893934776,233.38803664196655,22.215549294617094,24.094203291373194,19.482115878507653,0.9230769230769231
0.0,2.3315,8.809059143066406,69.88444345222396,61.91381801887202,77.55723809168673,-36.432979583740234,-14.548355102539062,400.2805002370075,937.5291204499905,0.10638181120157242,0.03472891449928284,407.6264512737122,365.3871714302605,1143.835616438356,0.03223994006849315,0.014142032485453081,1.504,-323.6612694427093,28.555610099128007,255.49197269684666,25.267477484180443,15.034123781848873,9.457263355902489,0.9726027397260274
1.0,1.50125,13.795580863952637,148.30970523541671,111.59971426302234,160.5845763726753,-33.86642074584961,-13.833057403564453,496.3359961042036,841.1223684554917,0.10778270661830902,0.0468035489320755,558.0962576092803,355.53757062743813,1226.063829787234,0.058905418882978726,0.012672286271639575,1.248,-302.7677997126567,27.246867988459037,233.92315502389735,21.747863174969854,4.940051878844348,15.899903981521156,0.9148936170212766
1.0,1.3929375,8.572437286376953,116.16505659082878,53.899109152142756,167.2106416577019,-29.034961700439453,-12.802306175231934,525.2671965242203,972.7186370396453,0.13585419952869415,0.043687742203474045,587.9804645483496,377.06073159792743,1301.4914772727273,0.060990767045454544,0.016260511487101278,1.184,-271.99383469728707,18.57284294367087,253.23593383204695,19.358076504887148,-5.5194819321398,19.986487319734906,0.9318181818181818
1.0,1.563125,8.767415046691895,153.62392682156965,128.9370308439579,160.5845763726753,-29.53622817993164,-13.354814529418945,492.4098238275041,854.9648242272912,0.1404341161251068,0.04168951138854027,582.5522507628291,342.3870431863133,1261.1607142857142,0.06244021045918367,0.01514222502515674,1.184,-301.7355926857817,31.477057499350895,234.0252151649078,26.577044942324402,-4.92861845153921,15.340533445646813,0.9795918367346939
1.0,1.083375,9.979408264160156,181.49761744781716,178.17974362806785,184.46323871718783,-31.458580017089844,-12.71396255493164,548.1761590164556,1002.9415585751996,0.13692282140254974,0.04678880050778389,613.5609379241874,371.41785687803025,1296.875,0.06436695772058823,0.014112769434305377,0.608,-265.5534298777376,18.652248620384608,252.99851770652495,18.26619755593232,-5.8114368674644545,15.360108494164882,0.47058823529411764
1.0,1.3619375,14.921716690063477,101.46153728294829,73.62835290502629,116.87772485612456,-30.06438446044922,-10.778960227966309,485.3432705789919,956.9600908580728,0.15737342834472656,0.07105617225170135,521.5960145368796,373.8223137395854,1250.7267441860465,0.041378997093023256,0.012776329244726357,0.64,-263.2794965905825,15.547051643037392,243.50895503309803,18.159143052099335,9.396528633238024,6.870199431876708,0.7441860465116279
1.0,1.331,13.658470153808594,156.8665380932232,143.893358001082,162.4504792712471,-33.51655960083008,-11.540671348571777,553.8405579445119,1024.353938162024,0.11525394767522812,0.05441822484135628,599.3658648424114,359.6025466799446,1276.4136904761904,0.06380208333333333,0.011431695268978276,0.512,-304.4410513059136,22.617278370237113,216.5209773298427,17.08459043963677,-3.0388123542207923,18.68375463572189,0.9761904761904762
1.0,1.3,14.132380485534668,176.0140072104228,173.1073122012286,181.29427068562208,-31.632061004638672,-11.392572402954102,569.0348150441615,1006.1589410350958,0.14213064312934875,0.059148430824279785,578.9283059505443,370.0504135109163,1229.4207317073171,0.06080887957317073,0.01470157471965805,0.384,-259.00446839449205,25.74956255297471,265.81597495343584,22.264758641819437,-0.4305175201152557,18.220020922895067,0.36585365853658536
1.0,1.4393125,12.484565734863281,169.40703440254285,167.2106416577019,175.11872228117704,-34.85955047607422,-11.668248176574707,524.7461032277786,870.7140663587306,0.14362120628356934,0.05227861925959587,632.7733898301758,400.89927231990447,1423.263888888889,0.06864149305555556,0.018576515648905518,1.184,-261.47007406122583,26.83148868165894,263.32447867384735,24.237801100576174,-22.96522049829102,18.393820882550628,0.5333333333333333
1.0,1.547625,11.808210372924805,139.42977623983026,123.11444133449163,152.4497023255762,-31.38862419128418,-14.50446605682373,479.3144980576538,952.738780511102,0.12133050709962845,0.03644120320677757,533.2283620109007,380.13530733391093,1304.2091836734694,0.052814094387755105,0.01404382653143186,0.864,-311.6452789001248,26.647170126865337,244.1231565975282,20.9085187629304,-0.27934794679994474,17.580188416034815,0.9795918367346939
1.0,1.578625,14.493576049804688,136.65249164278302,98.85140203528961,156.0130452026747,-36.84675979614258,-12.5867280960083,505.04236982136564,946.5778466609727,0.12915755808353424,0.05410659685730934,595.3473715543053,401.0642625786138,1355.625,0.0630859375,0.015843202961463475,1.312,-285.7157579490274,34.51580262914584,256.73105393130606,26.359698841869733,-15.809055646288058,20.589384631476857,0.6
1.0,1.79525,10.478263854980469,158.0120012441893,128.1944081920729,165.29006363084235,-29.854156494140625,-12.653963088989258,557.1903321108967,1019.6339419104269,0.1237591803073883,0.04367777332663536,627.7149796224687,373.055402326312,1316.063596491228,0.06620065789473684,0.016583651048301926,1.6,-296.61187266251056,23.770940535697562,222.98911842990253,20.597495716789027,-7.7059446318223115,20.823476546091552,0.8947368421052632
1.0,1.6715,11.817707061767578,155.7915823289848,126.72196982870621,161.5148333600084,-36.64238357543945,-13.472848892211914,516.6703326893354,943.9061513262594,0.1078033521771431,0.03807618096470833,593.9986960174986,357.98064848033084,1285.6721698113208,0.06332915683962265,0.015971698348562494,0.448,-325.1056113224228,33.1801132890281,215.92738601668066,23.989090797233946,-2.0103837351108966,20.84382472506817,0.9811320754716981
1.0,1.253625,17.55699348449707,197.65133260215057,172.11028744886602,257.8740616879158,-40.04967498779297,-12.08336067199707,563.888737263289,1043.0331102259597,0.12574602663516998,0.06210086867213249,622.954544532386,408.67531199310383,1408.59375,0.0648681640625,0.018463085332126487,0.896,-279.94313061003356,33.946702543509275,248.2026873860238,30.210057535916675,-12.010368049108617,19.115410863161195,0.65
1.0,1.95,17.67681121826172,140.97074443421292,99.42404238175475,161.5148333600084,-35.9977912902832,-14.668319702148438,436.291349918054,804.8739396998453,0.08887208998203278,0.04293404892086983,550.2060753310474,356.2825221986701,1253.0737704918033,0.056736680327868855,0.017425108955632478,1.504,-331.91621566245976,44.51707021698285,243.0101959556672,29.954657107801626,-0.72687584923372,24.37095563953412,0.6557377049180327
1.0,1.51675,8.661113739013672,153.6097091228248,128.1944081920729,158.74010519681997,-27.86832618713379,-14.492293357849121,450.59906590676883,782.6224522740999,0.1331499218940735,0.03543541580438614,594.9606311124882,339.89500338274075,1252.2786458333333,0.06357828776041667,0.016618595236831187,0.8,-309.61117544018657,29.913134505261123,225.68296203876653,22.90241850172638,-13.778758068945228,24.208568011474387,0.9791666666666666
1.0,1.748875,9.37579345703125,153.50856843351673,132.71517423385683,162.4504792712471,-30.51101303100586,-13.9581880569458,452.57818641544105,863.8679545974973,0.1305961161851883,0.03939124569296837,562.2428034945607,345.0661891927279,1223.0113636363637,0.05882457386363636,0.013991499805300268,0.544,-287.56751632852917,27.706680125589628,261.0878269284883,14.22626130946488,-7.5805796396421306,25.992525737401245,0.509090909090909
1.0,1.6869375,17.946365356445312,135.65918485238643,55.79985713151117,176.1331747192297,-37.54475021362305,-12.510844230651855,522.2627811326073,806.8106274839203,0.11767492443323135,0.05366015061736107,628.1972938099933,365.89571186483,1269.1627358490566,0.07045990566037735,0.019212085092086884,1.088,-284.59764181880325,39.42169258811457,253.5846084441356,25.42000902203872,-16.166302983989652,24.434794326192257,0.6037735849056604
1.0,1.6095625,13.863224029541016,150.92869360325852,140.60682916223496,156.0130452026747,-30.868492126464844,-10.405306816101074,422.1078475295617,769.1685233630654,0.1381143480539322,0.06136152520775795,510.9923390722019,323.48333149259344,1138.4803921568628,0.05137484681372549,0.01132283889197305,0.448,-287.2902713402257,22.539378863897962,214.8257788159346,19.084028557833392,18.38969788833782,18.63139197586128,0.7647058823529411
1.0,1.5940625,7.441982269287109,153.57150134843172,149.83070768766817,158.74010519681997,-28.746299743652344,-15.063703536987305,459.70416940086807,756.0455302613191,0.12340034544467926,0.02886672504246235,554.484685340018,340.1063411522054,1239.375,0.06552734375,0.009281454681297353,0.832,-315.86656532790056,22.596741874171826,252.1931359272825,23.594518395228484,-3.6582477530029744,9.38689017395576,0.7
1.0,1.733375,14.038734436035156,133.71629880382787,75.7858283255199,163.39154532410998,-34.45613098144531,-13.673654556274414,489.29417291069467,914.7123553064706,0.12378232181072235,0.04577228054404259,541.397433668352,344.1696011958039,1180.1136363636363,0.056569602272727275,0.011435458620057438,1.536,-293.1544070006811,22.479371910077724,262.35304350763397,17.739947900128577,-0.9783637553963994,11.977890467325135,0.2909090909090909
1.0,1.6405,13.793288230895996,139.34611044653,50.87398460513432,155.11447618337345,-30.784292221069336,-13.56649398803711,508.42675637770134,946.4410559229955,0.11483626067638397,0.04482404515147209,521.2760446350727,340.23408237351134,1176.983173076923,0.05498798076923077,0.010174973894954304,1.312,-301.7476987385549,25.598497410455806,236.4528449126268,21.09323725039788,13.800451155135114,11.818354640388382,0.5961538461538461
1.0,1.4548125,10.313759803771973,157.78622251507431,143.893358001082,167.2106416577019,-28.00037384033203,-13.946137428283691,542.1860793448994,980.408869017213,0.13605152070522308,0.04401518404483795,582.385445735015,354.20738167070573,1234.0353260869565,0.06196925951086957,0.013772657403393554,0.896,-302.5137614249671,21.784855700141566,250.5972618589472,23.954648157312686,-3.719758874520528,21.579797946876905,0.7608695652173914
1.0,1.733375,11.990558624267578,158.0591951099484,144.7269237440378,162.4504792712471,-35.83497619628906,-11.519579887390137,550.5204126001967,885.6021794934537,0.10336124151945114,0.048398587852716446,623.3062200960081,369.36464512665583,1325.5681818181818,0.06752485795454545,0.012099373535714181,1.504,-323.4294897924556,25.545911919321348,228.22686599889028,24.486138689801326,-12.561547378332412,19.44533311600908,0.9090909090909091
1.0,1.8416875,14.197637557983398,146.6527754128276,138.99182198423372,152.4497023255762,-38.319190979003906,-14.0250244140625,506.84255602277443,957.2402898802766,0.10764434188604355,0.04326378554105759,504.43805423755464,329.5752667040152,1151.4008620689656,0.052431303879310345,0.010750154545447393,0.544,-322.92673906679084,33.20880590920926,241.88385102413352,28.130311996535173,16.23516184414091,12.14814504136225,0.5689655172413793
1.0,1.5940625,11.925079345703125,147.7726715572073,76.2248511627881,161.5148333600084,-31.247875213623047,-11.143717765808105,491.63009532442953,780.1806007404224,0.11659204214811325,0.04676498472690582,576.1976715930875,331.1334299641593,1211.875,0.0671875,0.010993161937086163,1.28,-310.5202623734549,22.792659321927903,224.8663345083001,23.049582727949094,2.508839244665977,19.92935565336524,0.92
1.0,1.408375,11.128595352172852,144.83218674763194,136.60402567543954,148.96774631227024,-34.238494873046875,-13.246225357055664,481.43609233391385,927.5213151089802,0.10241172462701797,0.041959092020988464,470.8795131048684,310.95109793204523,1077.4305555555557,0.05002170138888889,0.009858260481458846,1.024,-325.8276608501814,28.914407450199725,234.08368925718355,20.258955429256776,30.84947178383481,14.177435565119179,0.5333333333333333
1.0,1.6869375,9.851581573486328,129.6698130622693,71.946679000541,157.8258294677283,-28.283510208129883,-11.585174560546875,458.80249960079817,822.0425367641855,0.15230704843997955,0.05166035518050194,532.2740596008206,318.8337746107768,1133.254716981132,0.05793042452830189,0.011343892761702105,1.376,-287.39422794682616,32.711219975840656,244.55726929421166,23.652431294619003,12.170748829817482,15.182819785854402,0.9056603773584906
1.0,1.47025,18.542552947998047,78.43043735183502,76.66641723348003,80.7574166800042,-34.76653289794922,-13.591569900512695,451.25547740580924,870.0310019778002,0.11560998857021332,0.06236615031957626,498.8361636519803,330.5461689146309,1184.4429347826087,0.04969853940217391,0.012344635869604175,0.704,-306.9020930781421,39.856887949807806,245.8974179781166,31.720832565463542,20.529314983484937,14.49568882366676,0.5434782608695652
1.0,1.563125,15.049436569213867,148.3933276329403,140.60682916223496,156.0130452026747,-32.3729362487793,-12.522067070007324,486.4166688263488,881.9393306552479,0.1236739233136177,0.04937189817428589,515.9315407593416,338.297645026262,1191.3265306122448,0.05474728954081633,0.012183544310692782,1.12,-308.18073787463106,29.38056158331504,246.10331833436732,24.250919560930022,8.975742169996398,15.871096922824906,0.6530612244897959
1.0,1.79525,16.295530319213867,183.39852792255795,145.56531828421873,251.98420997897463,-40.655235290527344,-11.985494613647461,547.5731513801159,973.1134430651549,0.121038518846035,0.049926724284887314,552.9323389712254,350.3449225309728,1244.2434210526317,0.05736019736842105,0.015332643775423165,0.736,-288.4276366247171,35.16907980879889,251.58377480860935,27.050165417385728,3.2483390108211023,19.019352459853625,0.631578947368421
1.0,1.7024375,14.145299911499023,151.2873339256522,134.25725027802636,161.5148333600084,-31.28023910522461,-12.621929168701172,524.2575410516243,928.3542269365711,0.11708498001098633,0.04630332812666893,591.8101985013085,378.85735038124443,1320.3125,0.061107494212962965,0.014716520327119542,0.32,-303.9473861438709,20.891649400776817,228.42535079018634,21.344091720526826,-8.236642926842332,29.29773912377471,0.7592592592592593
1.0,1.888125,15.40403938293457,147.12411412324502,125.99210498948732,154.22108254079407,-32.082275390625,-15.157060623168945,469.8540257886637,974.7353288143962,0.10791688412427902,0.042729996144771576,530.5670086467585,344.7096948654089,1244.7916666666667,0.05286458333333333,0.013996411665982623,1.024,-327.32311474576915,27.313887401662313,228.36135825472613,24.660229126765127,6.962275704869038,31.943869633339357,0.7333333333333333
1.0,1.6250625,7.844944953918457,162.11756317105906,156.91681957935012,166.24757922855756,-26.969547271728516,-14.67953872680664,536.7674557269951,917.3647004626187,0.11401626467704773,0.030268318951129913,632.3363007592867,345.49648963743385,1284.0073529411766,0.06996783088235294,0.011221221365616417,1.344,-316.0025402542908,21.4038877459806,225.40505763989484,20.853448460182747,-13.925494159338601,18.10562308438278,0.8627450980392157
1.0,1.7488125,12.925529479980469,119.60938875584337,50.0,151.57165665103983,-33.23318099975586,-11.758333206176758,477.7134698419878,748.882561945216,0.12347006052732468,0.04463551193475723,541.6291616200186,309.9820213024752,1149.4318181818182,0.0619140625,0.012942978655109467,1.376,-321.7028401489824,30.701170814731732,237.42606136145315,26.379806550021467,11.459887674812665,18.39220505693176,0.8363636363636363
1.0,1.4548125,21.652278900146484,213.34412877435918,183.40080864093423,236.47155720542963,-39.26715087890625,-8.984268188476562,483.4248573763284,983.677105030782,0.10897718369960785,0.07519311457872391,493.7091117966175,357.8259042992781,1195.991847826087,0.04150390625,0.015015705566300566,0.896,-285.2551571865461,36.5002548701309,208.55325559787042,27.838858621928196,26.51488758321628,11.648303132557492,0.6739130434782609
1.0,0.9905,14.796026229858398,,,,-29.8707218170166,-10.645293235778809,480.359889557425,929.0417875026372,0.1733771711587906,0.07926280796527863,527.5539929711271,347.47942331255814,1216.2298387096773,0.051253780241935484,0.010797519950729844,0.288,-247.81962215920572,35.714444974621706,261.46016845642845,24.47838229892481,4.542901881162984,14.922233695607524,0.0
1.0,1.7953125,12.97375202178955,151.2285539403886,147.25670581005258,155.11447618337345,-32.03912353515625,-12.109889030456543,512.1487798317903,961.681497019095,0.13224653899669647,0.0564456507563591,507.4882773264755,347.8135323587433,1205.592105263158,0.053745202850877194,0.012863502063839094,0.608,-297.0362308022033,29.47351066106292,260.9414628014564,30.530685823855478,14.857924789217329,14.528984091458163,0.3333333333333333
1.0,1.82625,18.41084098815918,60.43182504340132,50.0,78.00652260133735,-36.00753402709961,-12.890788078308105,456.04539261940073,889.2985346443952,0.10665252804756165,0.05816897749900818,484.23051879840307,333.28549432955987,1157.8663793103449,0.04704337284482758,0.012076876072645008,0.576,-307.31969330596087,37.968990701141635,228.7916737923403,30.438905063224244,25.72537944255123,13.669509116388308,0.5517241379310345
1.0,1.4393125,16.214458465576172,122.76446958447168,69.49591099211685,138.99182198423372,-33.78679656982422,-12.332300186157227,430.9550559657303,869.3669168431535,0.10944627225399017,0.05071339011192322,500.9098515038963,356.16329707812565,1226.0416666666667,0.048676215277777775,0.015007824524942,1.024,-302.91368195739705,41.15698091144266,248.3907377832729,27.85871928198439,12.091452409863829,25.732281765354085,0.7333333333333333
1.0,1.50125,11.92226505279541,232.25237496177914,223.1994285260446,328.6761258343161,-29.859302520751953,-12.472740173339844,512.2676233109023,892.5823398854382,0.13962818682193756,0.048496562987565994,512.845400907297,329.40426865705456,1155.5851063829787,0.05188248005319149,0.010715931822663694,0.992,-285.41981151151583,22.784832752852264,270.78098223881886,20.680745668964,11.324415344148916,8.978154369664463,0.3617021276595745
1.0,1.733375,15.392562866210938,156.32110450978254,148.96774631227024,158.74010519681997,-38.574729919433594,-14.777251243591309,508.365441686706,899.2526907287856,0.09699497371912003,0.037770770490169525,588.2652695660827,365.9355661665639,1337.5,0.06507457386363637,0.012483014633381988,1.344,-336.7553408373867,27.58168862010681,227.43137251089527,25.235691493185943,-0.6936798599200097,20.03517390187027,0.8545454545454545
1.0,1.5940625,10.412402153015137,153.57431632987593,138.99182198423372,158.74010519681997,-40.04465103149414,-14.666548728942871,493.5773117296374,837.7614709588948,0.12375221401453018,0.03907066211104393,600.8574663830775,359.3557637776441,1327.1875,0.06390625,0.012233424591915943,1.28,-319.0586983835225,28.349554395679515,227.2025459262941,21.326158991510013,-14.669650511745827,23.011364078534815,0.88
1.0,1.82625,15.696186065673828,138.53059215597264,125.26644386241279,144.7269237440378,-37.2700080871582,-14.870429992675781,465.6107735092043,882.3298171733537,0.1001443862915039,0.04197266697883606,500.67748245612626,339.40739112907625,1192.8879310344828,0.04943426724137931,0.01549483980564537,0.608,-339.61175004761714,35.728042440194756,221.18857777964521,27.242465959380528,20.00327168623084,25.736999690160864,0.9827586206896551
1.0,1.47025,17.968090057373047,54.0795900012168,53.280025081424206,54.841248984731294,-40.60503387451172,-12.002218246459961,477.80244999825305,874.8003859459274,0.10389970988035202,0.054997850209474564,552.8455794033142,360.7964442966007,1244.5652173913043,0.05596127717391304,0.012480994272050712,0.832,-278.75202750395766,34.21060792862881,233.9826705336885,22.527226909998923,4.370320719232155,14.091243265769545,0.15217391304347827
1.0,1.748875,11.888839721679688,224.4807472504353,181.29427068562208,259.3679109302019,-36.41666793823242,-15.075081825256348,436.4768882863068,771.100917439362,0.12124315649271011,0.03688976913690567,521.9465529039976,331.80502197425255,1119.3181818181818,0.055113636363636365,0.013060556229938382,0.288,-305.0500237340864,36.69656209383844,267.459106848454,20.157703646054188,10.996340728715554,31.286449841926263,0.36363636363636365
1.0,1.392875,11.316805839538574,143.9060007394984,120.30250360821167,149.83070768766817,-32.506568908691406,-12.211531639099121,510.96446447599516,866.8774704532958,0.14113225042819977,0.05036807060241699,589.2656829859008,361.57041660736803,1252.1306818181818,0.063232421875,0.010722244287628758,1.024,-281.2057497787284,31.09271417534758,225.98508566687508,21.36508223367111,-12.341906294734036,26.747120749505193,0.8863636363636364
1.0,1.4393125,14.662635803222656,170.80098696849925,163.39154532410998,174.11011265922482,-33.934051513671875,-13.687300682067871,609.6617616645218,958.9922239502761,0.10968266427516937,0.05326150730252266,696.3620174292993,360.57804655457124,1355.2083333333333,0.08220486111111111,0.01736376932774587,0.736,-314.56730100270033,29.93765595796132,232.25293930281845,25.32531681901304,-23.846220687907557,26.896886182276965,0.9111111111111111
1.0,1.17625,10.957995414733887,138.52204130040906,128.1944081920729,143.06459324352582,-27.17595100402832,-12.781529426574707,545.49787391165,1025.840628121633,0.1343582570552826,0.044278327375650406,536.0512199838083,370.88578449597765,1213.2601351351352,0.06004539695945946,0.013999051900783233,0.864,-295.4049278909479,26.119413799960693,238.96524542844162,17.641355719109598,-1.950617561407886,22.85838565893908,0.8378378378378378
1.0,1.6405,18.13853645324707,150.87675998395008,143.06459324352582,154.22108254079407,-35.607906341552734,-11.997774124145508,532.0442944742209,954.0982103685601,0.12925270199775696,0.058981649577617645,546.5494075858251,364.0007770193436,1261.71875,0.061429537259615384,0.013267848113967445,0.544,-301.4666118803822,31.736954982338506,244.9593678167306,25.434995622473714,4.242531691397273,17.323632177982606,0.5576923076923077
1.0,1.7798125,12.118672370910645,136.54387055038865,74.48387315613512,152.4497023255762,-30.83977699279785,-11.812690734863281,406.02952291890733,916.2884295685553,0.15199248492717743,0.05547907203435898,485.392335923218,319.322233387752,1157.924107142857,0.04493931361607143,0.011036963346729965,1.44,-316.1060506826927,31.393346341174077,212.36363626902858,22.960086651508725,15.11769913282956,21.924078813601014,0.8928571428571429
1.0,1.888125,14.05385971069336,147.43252345853068,125.99210498948732,154.22108254079407,-34.53791427612305,-13.800247192382812,536.2924033293205,945.793152381189,0.10200857371091843,0.043150559067726135,582.7052904137886,339.56589672081543,1234.1145833333333,0.06302083333333333,0.014228425884931102,1.056,-336.834197296234,27.610910038454545,218.76397499797926,24.663944820134358,-2.584920943723144,21.68620590331726,0.9666666666666667
0.0,1.81075,15.450187683105469,94.11526935195025,72.78265914210937,104.72941228206267,-39.921051025390625,-15.791217803955078,360.63319487234577,865.7988078885105,0.09147528558969498,0.03737349808216095,457.46967618025985,401.8465955904175,1315.515350877193,0.03741776315789474,0.012823369799576297,0.896,-310.5444828415466,30.952067878337157,249.2403483859463,24.53383188507447,5.501539941839837,13.641119549337493,0.9824561403508771
0.0,1.3619375,14.068155288696289,154.35049478147485,143.893358001082,208.25243050696125,-34.71916961669922,-13.217529296875,526.2197174936508,985.0345234209302,0.10588791221380234,0.04533523693680763,589.8946819356593,393.0387501600124,1311.7732558139535,0.062023074127906974,0.013742052960099739,1.12,-286.1342363986904,24.89451390444105,251.3483917149226,24.275340823177142,-6.17671180034551,12.938480190794964,0.4418604651162791
0.0,1.6405,12.406004905700684,81.47805002660996,66.35758711692841,87.05505632961241,-31.5443058013916,-13.432191848754883,364.6368713227862,874.5709123050215,0.11535099148750305,0.0415157750248909,508.7022070145871,427.42862651965555,1449.8197115384614,0.04319411057692308,0.01284983533963184,1.376,-270.75730505072113,26.87256103759966,257.37803271307746,19.038856980731513,-9.657922647585044,15.017772304923175,0.9807692307692307
1.0,1.608625,23.90184783935547,155.58814537633995,67.5174973084095,201.15858821357068,-46.34611129760742,-13.17144775390625,350.4137653942809,906.097935049741,0.09110062569379807,0.0603441447019577,450.1414754436287,409.33047400220175,1383.8848039215686,0.03448606004901961,0.013200766655613221,0.8,-338.9303290095401,48.990197542630575,202.3095877923741,30.078501608670866,6.424957412925307,30.87205785733568,0.9411764705882353
1.0,1.6705,24.15447425842285,150.02532707520996,65.9753955386447,193.1872657849691,-49.16958236694336,-11.87898063659668,345.1966230827057,747.4336228800902,0.0999801754951477,0.06971387565135956,414.67430987826236,346.41942349541614,1128.5377358490566,0.03705409787735849,0.013533528540435864,0.736,-338.02518826157694,55.88927119378979,190.16576272299096,36.345551924737265,26.75391135446133,32.61914357395302,0.9245283018867925
1.0,1.0363125,18.926008224487305,165.52926951928103,111.59971426302234,183.40080864093423,-31.272682189941406,-9.518569946289062,369.3021020524805,726.1983045964135,0.19812683761119843,0.09582989662885666,452.9199276511443,329.0004803863823,1121.2121212121212,0.044892282196969696,0.01081186737247769,0.672,-290.3934903039575,36.75949512414182,224.9622715967606,20.649694535408464,11.44942060278577,25.690730550453573,0.8484848484848485
1.0,1.423,19.471315383911133,139.61448651914384,65.9753955386447,181.29427068562208,-49.286354064941406,-12.416769027709961,327.3185631763735,767.8391640446908,0.11426051706075668,0.064177006483078,435.3510116592555,358.31511456999624,1200.3472222222222,0.03825954861111111,0.007802426472359604,0.544,-327.3279995151578,54.93490550915146,227.19170395402688,35.41572886195926,16.704236478922276,28.619371692817126,0.9555555555555556
1.0,1.716875,30.868894577026367,176.88209473499006,65.59540522187244,220.63576443274928,-52.18143081665039,-9.06278133392334,334.23951175724113,818.0660228811754,0.10961614549160004,0.09926234930753708,416.2962265776679,359.3111758088887,1193.576388888889,0.033130787037037035,0.009928566589328905,0.832,-332.42145974219045,70.07942739572123,172.08249108618963,42.24112383651122,22.920069654309945,41.201354195473264,0.9259259259259259
1.0,1.376625,16.61118507385254,169.91210984273056,76.66641723348003,197.70280407057922,-36.25922775268555,-10.502578735351562,323.06090523872973,717.284218350108,0.1605880856513977,0.06677743047475815,438.5148695303656,358.1128714483394,1197.4431818181818,0.037420099431818184,0.014172813344350743,0.384,-303.0413620595922,45.2759794119273,221.1789927224613,30.1944021675108,5.857510925930802,28.12536212366147,0.9772727272727273
1.0,1.469375,32.04518127441406,186.70870645561098,65.21760348827821,235.10958125672175,-51.764625549316406,-4.412086486816406,305.292769512896,855.7314836971718,0.21762296557426453,0.16546161472797394,443.0283817218875,381.11044663182327,1307.7445652173913,0.031016474184782608,0.005852948746904878,0.64,-268.85344932410663,63.13275748250728,175.1217478834316,43.35723434970835,17.936694359029673,36.09247514441743,0.8478260869565217
1.0,1.655,24.72714614868164,157.55482714644177,63.72803136596311,209.4588245641254,-42.47698211669922,-10.38697338104248,301.98446232405644,784.1663995260246,0.10808733850717545,0.07879415899515152,402.4225776226833,347.0465407107161,1141.826923076923,0.03126878004807692,0.008090408964849872,0.672,-325.7450621810119,58.43029519608406,184.70089871399927,36.31456235461349,21.660246417127546,35.85517904165498,0.9230769230769231
1.0,2.01075,24.764978408813477,160.46342282486205,50.58097201509612,208.25243050696125,-45.0059700012207,-13.140909194946289,302.0216725672707,882.010648222987,0.07893624156713486,0.057302772998809814,443.1535583259808,382.0552887314865,1253.968253968254,0.03376116071428571,0.012282245077173522,1.056,-352.10211016180375,62.3439750372681,187.06641716896902,41.356371191336194,12.399795166268698,29.44983839768393,0.9523809523809523
1.0,2.119,33.64637756347656,184.10637376255156,67.5174973084095,229.73967099940702,-50.503623962402344,-5.677662372589111,372.09046040339314,989.5726803254605,0.17943371832370758,0.16150525212287903,451.39065713731713,403.7478917295155,1352.8451492537313,0.030419193097014924,0.0099493757026226,0.8,-285.7496381417482,67.35900335518333,170.50888085980606,46.61857530093122,11.805632464594495,28.748290799247428,0.9253731343283582
1.0,1.5776875,28.82676124572754,212.73023269491316,187.68759933422865,231.07053937445463,-40.57855224609375,-7.730161666870117,327.54288790490784,811.4374026007846,0.16669125854969025,0.11999225616455078,435.894492393037,360.58406279097306,1216.25,0.033046875,0.00929810587965198,0.928,-291.45180497503685,64.49323410815765,194.19868988942463,42.844870559225996,16.54562467167825,30.233538290777897,0.82
1.0,1.608625,27.889650344848633,188.4000690834952,72.78265914210937,231.07053937445463,-39.786949157714844,-8.429526329040527,322.84343464463376,917.7810230215124,0.13904951512813568,0.12664085626602173,410.4808010429344,363.08901213204445,1184.1299019607843,0.02958409926470588,0.006291194964903256,0.608,-317.1082850084737,58.71065470859644,170.34543956233296,35.02118952253879,22.50414362142758,37.9508237425981,0.9411764705882353
1.0,1.887,27.9746150970459,170.16069901478946,65.59540522187244,224.49240966187455,-37.885459899902344,-8.427310943603516,345.1129652033046,915.6420346719602,0.12265148013830185,0.1267663836479187,417.90751724968135,361.96182740268017,1232.7860169491526,0.0318458686440678,0.006912398106325739,0.992,-326.1957872210695,51.40978985565391,175.52339444921392,29.864223854083725,24.16447701793462,34.84485393842197,0.847457627118644
1.0,2.49025,25.845252990722656,219.07230465348042,60.85017568352955,251.98420997897463,-49.96649169921875,-7.967832565307617,313.47935124207174,801.5386758991531,0.20244307816028595,0.12578104436397552,452.5682133806418,352.0756049080713,1144.4310897435898,0.03131260016025641,0.004578721392165425,1.856,-298.6378280773506,57.706710955672484,183.23141742982352,40.65112510567975,13.758515058205356,42.84617582745975,0.8846153846153846
1.0,1.5158125,26.902673721313477,174.76513876436744,69.89849670895097,237.8414230005442,-39.60779571533203,-7.31868314743042,322.4175278751482,916.5705671476125,0.11453821510076523,0.11085525900125504,392.1873393885019,354.76026439215394,1139.6484375,0.02996826171875,0.007209816853520256,0.768,-313.47179121945493,53.981805494602405,170.93226101891324,35.08777830919641,35.90158256168331,29.533798150533233,0.8541666666666666
1.0,1.76325,33.471797943115234,186.92612866011868,68.69768237290445,239.21922434748075,-51.741695404052734,-8.575749397277832,299.3417034728969,879.4158734505967,0.15048344433307648,0.13313858211040497,409.4179357998808,381.886599939346,1258.6495535714287,0.027814592633928572,0.005236204015443745,0.736,-318.9731514664339,66.40380238485014,168.537229773589,43.38218695675879,24.203608541474757,36.6056719809858,0.875
1.0,1.948875,30.377885818481445,190.99649041124064,74.91535384383408,244.81070866093103,-49.13642120361328,-8.013310432434082,313.91220363321713,835.0833333925417,0.17362236976623535,0.15136602520942688,424.46340009605206,346.1601814199065,1142.674180327869,0.029697105532786885,0.0057499631775320085,1.376,-318.04280253770753,68.5835936233726,172.09179558094098,40.581729495866874,20.361762745587356,46.48934778593878,0.9672131147540983
1.0,1.6859375,27.6912841796875,199.32053495283594,66.35758711692841,241.99881784385852,-40.28348922729492,-7.627058982849121,317.6299396263527,886.4720087860338,0.17291471362113953,0.13734358549118042,421.5740345826071,360.7702687847602,1208.4316037735848,0.03010760613207547,0.005731254059181822,0.544,-303.71307085062443,59.116032988339605,170.27602398505817,35.59734311822811,20.002314430507727,41.43920081932963,0.9245283018867925
1.0,1.77875,30.39474105834961,164.70032355189448,67.12862513901318,229.73967099940702,-45.768402099609375,-8.009254455566406,326.9668655041925,934.0619556845404,0.10448570549488068,0.11765637248754501,387.55198510181197,359.23655533684257,1188.0580357142858,0.028424944196428572,0.009792928091278911,0.992,-330.94220020154273,60.436043485097194,170.3713172168266,40.66953752087125,31.706264845495713,27.066643080233675,0.8928571428571429
1.0,1.5158125,21.884429931640625,168.7135345505223,66.74199270850171,218.10154653305153,-42.8975715637207,-10.317705154418945,341.4672448158294,970.7057987783058,0.0891343355178833,0.07465571165084839,425.7009821498232,379.18690339354777,1221.0286458333333,0.033772786458333336,0.011323552286649361,0.704,-334.3879550794066,47.776668143887605,178.9772250277363,29.01211981407264,20.360399555161234,33.16325330352444,0.9583333333333334
1.0,1.4075625,26.7349853515625,237.25430770409264,210.67220719096719,249.08992447176465,-35.31739044189453,-7.174134731292725,303.94330139579,837.2709029157804,0.23994480073451996,0.14866821467876434,441.82400549672025,352.75979415133065,1171.1647727272727,0.03133877840909091,0.003987623345432476,0.608,-281.7904000520456,59.47450505170391,187.74899126873015,36.88088685917875,13.844391920690173,38.52613427681857,0.8863636363636364
1.0,1.3301875,16.502864837646484,176.85754013924387,67.90862219136606,220.63576443274928,-36.96875762939453,-10.925893783569336,313.5065717275971,703.7158822303412,0.13430216908454895,0.061515092849731445,443.47416083425423,367.1672110800741,1267.857142857143,0.03501674107142857,0.009007423620478397,0.352,-298.47753375180537,42.43951210676281,213.557067461269,30.707565527612505,6.54127269668237,25.867727405395225,0.9761904761904762
1.0,1.655,30.096744537353516,224.3607124730336,65.59540522187244,253.44393965741244,-52.94232940673828,-5.246100902557373,288.6590025368981,783.8354614655315,0.237004816532135,0.16997991502285004,420.4058526838343,333.8040720644949,1064.9038461538462,0.030329777644230768,0.004439843273222296,1.248,-295.74131701340343,70.20523107446317,160.3832292928152,47.05365814826361,18.553508085527465,42.65188495895022,0.9230769230769231
1.0,1.5776875,28.19232940673828,176.68444616422536,66.74199270850171,219.36499593892518,-48.232025146484375,-9.879159927368164,300.20619837388125,857.6855610208986,0.11032828688621521,0.08386660367250443,412.11284731016366,376.927948759774,1221.25,0.02876953125,0.008086527190152168,0.672,-340.2763329418029,60.34185017918383,178.75330027782798,38.72485217158191,20.304561476507512,34.586455600062585,0.96
1.0,1.4075625,24.935558319091797,174.85747991472647,69.49591099211685,224.49240966187455,-42.423065185546875,-8.404691696166992,323.47182671505374,848.072436014436,0.11039746552705765,0.09432503581047058,411.930995736513,363.87258584703704,1212.002840909091,0.029762961647727272,0.007707728746426079,0.704,-318.9189828540053,46.075026930336506,183.77438689985718,30.98376687630746,24.02801937486584,24.97764534298905,0.7727272727272727
1.0,1.6240625,28.751419067382812,213.0114688718416,68.69768237290445,257.8740616879158,-44.58946228027344,-5.39097785949707,310.9761420120457,867.6387852006295,0.15822653472423553,0.16507281363010406,376.0170879489784,302.3648496674272,926.4705882352941,0.029775582107843136,0.00538151961675248,0.736,-317.44300758378637,73.76577834535883,156.77637617383579,48.588255037661305,40.6658109002477,37.38318450589575,0.9215686274509803
1.0,1.3920625,26.5810604095459,178.36456963334837,69.49591099211685,225.79288096122622,-40.579166412353516,-7.3862199783325195,287.5324416752106,861.4401230536674,0.13332481682300568,0.12192606180906296,398.2071667411616,358.1823821785332,1137.784090909091,0.02960759943181818,0.007220719740233339,0.64,-318.90798729901456,46.57433521926679,174.08981775114,28.286773664757032,23.959982766334825,31.413083155783696,0.9318181818181818
1.0,1.3301875,20.963268280029297,204.48082531016848,115.5352696872273,228.41646786215435,-38.95859146118164,-7.918491840362549,378.0893182633058,957.236376043806,0.19697219133377075,0.10529045760631561,421.6248645394914,340.8651087156002,1147.3214285714287,0.03510974702380952,0.009303501220118377,0.448,-281.68648078649437,54.36702879779183,209.14386124344696,36.15564898832612,16.439670846817094,29.197930486248552,0.8571428571428571
1.0,1.593125,15.742975234985352,152.7456583014816,64.46851542197895,196.56411970905023,-39.14116668701172,-12.987637519836426,328.7221925536384,983.800927676771,0.11024007201194763,0.06442097574472427,385.19009720304643,373.89799835854836,1216.875,0.025859375,0.007012888351267526,0.896,-332.9500626397319,35.534776818720154,196.13213705392138,19.67846108280244,22.09010487328138,34.76142497957882,0.94
1.0,1.484875,26.0377140045166,204.86767352763934,67.90862219136606,236.47155720542963,-45.432518005371094,-7.459898471832275,307.80475233966246,834.9159773641768,0.20937004685401917,0.15400443971157074,422.72288169709344,352.09406396928017,1135.3058510638298,0.029359208776595744,0.006826742293860813,0.736,-301.46983408410955,69.51957206286491,173.8874210318448,42.51005414053741,20.297679652524714,44.49708296582486,0.9574468085106383
1.0,1.593125,26.281837463378906,203.72720994709917,77.11054127039704,236.47155720542963,-41.57041549682617,-5.447239398956299,336.068655580507,919.1469542247866,0.21976210176944733,0.16366909444332123,444.91416109812656,375.1008772664117,1238.75,0.0294921875,0.006791147910435043,0.448,-280.6434904026117,59.2081019370051,168.25487483240548,34.857698881211455,16.374926015432862,43.033535348269744,0.9
1.0,1.608625,21.244781494140625,209.44262349704601,76.2248511627881,253.44393965741244,-30.444080352783203,-5.079257488250732,333.1197549174071,926.9763508014761,0.28047794103622437,0.14553458988666534,479.667849775053,400.03289682787175,1305.7598039215686,0.030886182598039217,0.005039092128965076,1.152,-258.3269877374399,47.53254936962381,186.14665558264548,34.19680898610697,6.272943708214214,41.59793970127152,0.9411764705882353
1.0,1.53125,19.782779693603516,229.74156951884578,202.3238880603845,239.21922434748075,-32.49681091308594,-5.411013603210449,314.529504350017,851.9266046018571,0.26566365361213684,0.1307092308998108,473.8920848166013,379.47993118681694,1233.7239583333333,0.033732096354166664,0.008499363139859148,0.448,-245.97773382940966,57.662424854222245,194.59203539671435,38.44239821787848,3.6562526195894236,33.0193708900505,0.7708333333333334
1.0,1.5621875,28.012619018554688,190.07485141665046,70.30341458111748,239.21922434748075,-42.103965759277344,-7.6720662117004395,282.442306707765,809.2180160708072,0.16689932346343994,0.1448194980621338,386.23984027308245,323.4214525298424,1034.7576530612246,0.03045280612244898,0.007317701366302883,0.8,-315.82984624927917,62.21671883711759,167.87828127275557,36.09328200106537,26.974773909537298,41.89884810949786,0.9387755102040817
1.0,1.8096875,28.794231414794922,180.20852640675923,52.97315471796477,241.99881784385852,-45.329307556152344,-6.485465049743652,300.9970011149415,915.6642692272449,0.14188069105148315,0.14826315641403198,395.14245270091544,347.5378038167428,1128.563596491228,0.03018777412280702,0.006852513340864518,0.832,-312.69911975332366,64.95531518337071,159.60995866316347,42.200544386160985,28.971910595586117,35.05653332260179,0.9298245614035088
1.0,1.7633125,29.55173683166504,203.03617062548216,82.64503181542116,235.10958125672175,-46.17750549316406,-7.536503791809082,302.1683209554615,890.3341917051694,0.19136527180671692,0.15867194533348083,409.93590614548464,352.9234138243279,1110.7700892857142,0.026524135044642856,0.007175709752538444,1.088,-324.83725018119605,68.51808788047877,154.7293116584089,44.79817666693655,22.964694658307142,42.508562347463176,0.9642857142857143
1.0,1.825125,30.327926635742188,177.1313137651748,72.78265914210937,227.10088581417543,-45.41416931152344,-9.269442558288574,305.7515603843461,929.458880169588,0.10510668903589249,0.10640519112348557,388.51109154807466,370.4654796621318,1216.594827586207,0.027646821120689655,0.006826807751684148,0.928,-340.222326253762,57.009512799189594,157.76903722571927,39.26175715998135,28.768203452638485,28.121041194939014,0.7931034482758621
1.0,1.608625,31.171876907348633,176.14908570971625,65.59540522187244,225.79288096122622,-45.56560516357422,-7.583341121673584,324.184657018418,1006.9510527652374,0.11812647432088852,0.12284961342811584,409.8409997188943,378.4834016738637,1256.1274509803923,0.03303079044117647,0.009280025900567286,0.768,-327.48743560716207,58.60620215124632,163.52054321309296,36.70200229419177,27.160087417546876,33.86957645268932,0.9411764705882353
1.0,1.77875,23.52712631225586,240.8174674860523,189.86842419010387,262.38162088748976,-45.503143310546875,-6.307113170623779,361.5073590076281,896.7559136727497,0.26255708932876587,0.13033685088157654,511.7502401951469,413.9101844176444,1358.8169642857142,0.03285435267857143,0.008383314278779919,0.352,-274.0865130594593,55.32676501841793,185.88641545609292,39.983670589799516,-2.7483779527312033,41.45790784709661,0.8928571428571429
1.0,1.423,26.781383514404297,205.1226180318461,85.06671609508557,241.99881784385852,-42.48516082763672,-7.071230888366699,300.19768169952386,864.0109381609315,0.17825499176979065,0.15053166449069977,413.70856395263127,350.3030720062555,1138.1944444444443,0.028993055555555557,0.004584286780038505,0.864,-306.08698293211313,64.16732887614505,168.3030611901468,35.67601730113854,24.818919992357507,43.13470437243858,0.9555555555555556
1.0,1.500375,22.876373291015625,248.14173120973953,197.70280407057922,259.3679109302019,-38.45948791503906,-5.994839191436768,304.4593246352853,871.0187241082518,0.2597038149833679,0.14866143465042114,467.16824505045645,370.198177888496,1228.3909574468084,0.03129155585106383,0.00409372592493802,1.056,-277.16111711690456,60.740451893436116,185.33117073903077,38.712676654155686,5.360919585293792,41.297595598942365,0.8723404255319149
1.0,1.608625,28.621559143066406,243.54822909765957,190.9683207820833,254.91212546385245,-49.022674560546875,-5.820550918579102,292.67056451209186,816.9720683875918,0.26253241300582886,0.1453753411769867,451.06081661351624,364.1827203157016,1198.5294117647059,0.031020220588235295,0.00398955778848154,1.184,-279.4388725288123,62.30029691750158,176.50042235928035,44.27838612920301,12.362833891246998,35.56099363472598,0.8235294117647058
0.0,1.252875,16.425119400024414,87.4110988232664,78.45840978967507,92.23161935859392,-34.91643142700195,-9.8914794921875,394.6555435258527,1156.7681673090306,0.17978017032146454,0.07445412874221802,368.60272508462884,441.96164374277123,1344.921875,0.0166259765625,0.007020008849983397,0.288,-276.25970035510517,39.80027482680573,208.31123511532897,19.846282344089865,11.04367229665323,31.84927181033521,0.975
0.0,1.3340625,13.196575164794922,85.93662183153945,74.91535384383408,90.64713534281104,-28.13235092163086,-11.725147247314453,400.85354912962197,1050.0745260229533,0.15794050693511963,0.057981789112091064,363.45130018694107,387.4015395005393,1239.5833333333333,0.021693638392857144,0.008429137468766395,1.088,-285.4982683081697,19.811629593594198,235.40382411245702,14.15509308638929,16.481900034832677,9.78434328511602,0.9761904761904762
0.0,1.1136875,9.951250076293945,95.34166617631148,82.64503181542116,101.16194403019225,-23.8608455657959,-9.075326919555664,389.37069276081337,1099.2482536585815,0.23843882977962494,0.07071255147457123,260.9384907184382,307.992665111954,840.1785714285714,0.013922991071428572,0.003744872863512348,0.512,-291.0455346937732,23.646023130102225,207.89143686225208,16.61190970962806,42.380645091050184,9.457449886397843,0.9714285714285714
0.0,1.53125,16.051258087158203,107.96071460335557,67.90862219136606,138.99182198423372,-35.418357849121094,-11.52509593963623,386.8630169871747,1127.1248811406595,0.1400219053030014,0.06499233841896057,356.4707775928385,359.1347740909694,1062.1744791666667,0.02728271484375,0.012565388124515346,0.48,-314.5122963667707,27.760742280031256,209.52373302512999,17.17440802745432,32.21180425471058,26.74691845766507,0.9791666666666666
0.0,1.484875,14.943699836730957,120.49922066943171,69.89849670895097,178.17974362806785,-34.114280700683594,-12.274307250976562,328.62222256402737,1018.8314111981657,0.12247753143310547,0.053627848625183105,404.1344562072173,398.97655783442707,1260.6382978723404,0.028756648936170214,0.012484680707801737,0.256,-310.4281988932442,33.50756392862071,210.56718631649795,15.455866054164735,15.482713397909668,29.258864229462944,0.9148936170212766
0.0,1.6125,10.80388069152832,93.55517607079936,71.53229662176292,101.16194403019225,-30.61426544189453,-13.085261344909668,340.8213457959418,967.2678111283931,0.13812074065208435,0.04534529522061348,314.07174425900087,359.53674078934,1121.0171568627452,0.01753982843137255,0.0063139416926269315,0.32,-328.88206838584085,24.368289544733592,208.79829862713635,17.486017709097094,24.493921886101095,16.53234417168941,0.9607843137254902
0.0,1.5196875,15.610785484313965,119.55314778914963,75.7858283255199,144.7269237440378,-34.11953353881836,-10.80527114868164,394.4936786777896,1041.5718113376608,0.13560719788074493,0.06674174219369888,377.50450739710124,387.6932940555071,1148.7630208333333,0.023030598958333332,0.010420798435938263,0.384,-309.15299148406393,48.95343720655925,205.8968128353404,26.106400464900556,24.17348852875436,35.64879016465163,0.9791666666666666
0.0,1.5660625,14.140824317932129,94.67585793637265,69.89849670895097,107.17734625362931,-31.527774810791016,-9.05056381225586,255.30129777405168,839.2972717947792,0.1856587678194046,0.06992650777101517,313.6467249883063,328.5890084626987,1006.6964285714286,0.016840720663265307,0.0071040889212708805,0.8,-293.2121124216069,30.00848393465289,203.40687683926785,16.105913794603744,36.34582197547509,27.067824681306707,0.9795918367346939
0.0,1.9373125,8.681851387023926,88.55888403171818,66.35758711692841,105.94630943592954,-27.25914764404297,-14.117193222045898,379.6557113461058,1047.2267017551328,0.1258384734392166,0.035173337906599045,327.44720553805433,341.6632443945648,1013.3196721311475,0.021180199795081966,0.012311497137378573,1.6,-341.9077872206324,40.5879143669346,214.62617170376524,19.34393975635486,30.69833939002867,34.677124220555704,0.9836065573770492
0.0,1.1755,23.955991744995117,84.70768461501038,61.91381801887202,94.93421209505193,-56.4439582824707,-11.288904190063477,265.75946885127775,785.5153451731286,0.13906779885292053,0.07778866589069366,346.5059893034615,374.10117797591687,1198.902027027027,0.02201224662162162,0.008077212055304006,0.512,-308.7333239906309,46.990558393219985,215.9583502888112,39.079350853443074,33.48535105037205,11.66407195956537,0.972972972972973
0.0,1.6705,19.644506454467773,107.10427618616612,67.90862219136606,129.68395546510095,-40.02540969848633,-13.43425178527832,337.7608498652406,971.0441634218319,0.1183159276843071,0.05369627848267555,399.3756619929257,395.3250777217613,1306.6037735849056,0.029923349056603772,0.007014170992321716,0.992,-316.064919222164,46.34572512013893,251.89827783583772,32.75800796870344,14.476517497174973,18.109549115625484,0.8867924528301887
0.0,1.5158125,26.045310974121094,132.21098556114086,66.35758711692841,182.34449771164336,-42.44804382324219,-10.00046157836914,396.9659921221543,942.0849641297168,0.10625182837247849,0.08400043845176697,410.0384635323384,375.2201601258984,1160.8072916666667,0.0289306640625,0.009809522513157146,0.768,-328.427669675547,57.290519413506274,198.29817751953615,40.344387350741684,28.351520693228707,30.19840681663624,0.9375
0.0,1.53125,17.269241333007812,152.63994387259345,67.12862513901318,241.99881784385852,-38.793540954589844,-12.636421203613281,337.373240447108,887.6403451034427,0.07707560062408447,0.04697534814476967,406.0285590938876,369.8404363651168,1229.1666666666667,0.030008951822916668,0.009114742277666862,0.928,-342.2088244612023,32.25168390968511,190.61937337316408,18.60967789670438,26.686315536753852,25.990781216945468,0.9791666666666666
1.0,1.924,14.801015853881836,310.3476859130059,200.0,368.92647743437567,-29.60262107849121,-6.64870548248291,552.4268026168334,1089.9191440025304,0.26021045446395874,0.0937153771519661,737.074940576194,446.6046915890685,1598.1045081967213,0.07047259221311475,0.034871906026885766,1.568,-208.6541151566216,48.69493918352958,227.09681804492865,27.970281862491255,-38.950975626661844,53.53976683155626,0.9180327868852459
1.0,1.9239375,14.49527359008789,414.8839064667485,94.38743126816934,746.4263932294459,-30.819774627685547,-5.539294242858887,534.7741224716875,1049.301180655323,0.3039247989654541,0.11595678329467773,753.0977685531914,454.9525924203351,1598.6168032786886,0.07232966188524591,0.04040419187290576,1.568,-186.76365287043703,42.689054075728976,216.8895582091662,26.66030101066713,-41.998414152841704,43.3659985075315,0.9344262295081968
1.0,1.7854375,19.05332374572754,479.00659128991686,88.06658735961484,716.847713529562,-35.96123123168945,-4.021060943603516,531.023096179765,1070.300972586578,0.30002230405807495,0.1271161288022995,703.5931746050155,442.2611379823329,1663.783482142857,0.061976841517857144,0.029716445628201416,1.472,-203.6487378065505,49.76129191898537,205.38935302143818,33.48970725245097,-32.221436851938854,47.98519135174305,0.8928571428571429
1.0,2.09325,14.336143493652344,558.082876848464,158.74010519681997,786.2564788362009,-22.535932540893555,-4.618035793304443,593.0137533422852,1086.7720197748722,0.2737264037132263,0.11192146688699722,728.4435389321512,411.3734102134661,1550.4261363636363,0.07302024147727272,0.033867023772619666,1.792,-222.63554703300858,37.601484951527,200.11751945252988,30.43005381690116,-28.940375176685084,46.30645275057818,0.8939393939393939
1.0,2.216375,13.641685485839844,317.1615059713473,209.4588245641254,386.3745315699383,-32.76321029663086,-8.948387145996094,522.5267446347001,971.3030846780051,0.22945746779441833,0.08724214136600494,719.2843523796547,442.6400097770208,1578.3482142857142,0.07147042410714285,0.03612160965067421,0.96,-211.67471837572697,69.56187668633093,248.08443666982484,23.887071875185203,-47.38203605189617,59.554618469257534,0.9571428571428572
1.0,2.108625,13.602839469909668,304.8496146996122,197.70280407057922,368.92647743437567,-33.025299072265625,-7.6527299880981445,550.069680042115,1138.4585215715404,0.24349914491176605,0.08663520961999893,746.4574315755734,443.49217460733115,1623.5795454545455,0.07538766571969698,0.040673251610824995,1.632,-205.60823562664507,53.30577184385734,231.49938554184277,23.01919750871821,-42.808164789848206,55.89899867470357,0.9242424242424242
1.0,2.30875,15.950289726257324,217.25106286572333,104.72941228206267,321.1691527453505,-29.748943328857422,-8.676969528198242,445.8802189358358,1006.2204136400151,0.22478356957435608,0.09077277034521103,674.8945745622229,460.6824001656725,1599.5291095890411,0.05579783818493151,0.02566203311617568,1.664,-202.43360374552054,66.03990342388569,244.66155183533243,27.879699174383664,-39.16282160370242,53.060980740242385,0.8082191780821918
1.0,1.831625,20.48177719116211,234.61986846893691,123.82763603774404,346.21462440245716,-33.93972396850586,-7.793831825256348,470.3384005715869,1040.1996348698533,0.2581689953804016,0.11954624205827713,659.5580836904323,458.0713474501858,1580.8189655172414,0.05623653017241379,0.02572007496781412,1.024,-201.98948378635777,78.13305454622494,236.9729737878807,35.31587769474539,-33.273733388789445,53.571172348355326,0.8793103448275862
1.0,1.9855,12.487689018249512,200.98674935234425,112.89644048061314,291.13063656843747,-36.83894348144531,-9.062360763549805,453.07769956769624,1033.428806723095,0.2538868188858032,0.07893761247396469,711.8593741447205,478.6171416956464,1630.4563492063492,0.058314732142857144,0.031224038894801406,0.16,-187.3817271870317,60.62059998571998,252.54741871592125,24.634106108568982,-52.99100794940787,46.608104636687486,0.9047619047619048
1.0,2.52425,19.739974975585938,258.33283595356977,98.2820598545251,301.3973362949152,-29.398347854614258,-7.401371002197266,369.51046742951945,993.8898902387613,0.24470524489879608,0.10337646305561066,632.0717618330403,453.6807447265359,1527.887658227848,0.04164606408227848,0.01688243902279477,1.664,-210.8622556635919,73.31419890903295,229.78890943393887,37.078191229654315,-32.691603266385854,52.082070125270654,0.9873417721518988
1.0,3.01675,25.05357551574707,250.11850131478917,69.49591099211685,299.66141537533633,-41.451053619384766,-7.960026264190674,343.4826220775364,944.0758452539708,0.19667291641235352,0.10344468802213669,626.0810456191003,457.55771207505245,1509.5394736842106,0.04141652960526316,0.015577703097971138,2.112,-239.2983090092865,78.02755350792009,226.81741794458728,40.247000842832264,-31.582175540910775,51.475419317563,0.9894736842105263
1.0,2.324125,20.194232940673828,254.92591595075555,86.55365610061429,317.4802103936399,-36.32579803466797,-7.613611221313477,384.6392524650735,964.0773491444437,0.24842709302902222,0.09934858977794647,630.4282769264554,453.1762156311666,1530.8219178082193,0.045229559075342464,0.015907453390560284,1.696,-215.06122092222208,69.56426608215997,241.15972354650737,31.85280744787429,-33.85159185917699,48.92085540917195,0.9863013698630136
1.0,2.2625625,20.934913635253906,255.80948452921146,83.60532082885095,299.66141537533633,-34.1441764831543,-7.4070234298706055,329.54191704997623,919.6163422854191,0.22296994924545288,0.10285386443138123,610.0961570450294,455.05528085371014,1509.463028169014,0.038759903169014086,0.013696013836168789,1.568,-234.21896584413187,73.73959926709148,227.29534920996917,39.56059570970451,-33.01741514147193,51.844611128052044,0.9436619718309859
1.0,2.293375,17.965255737304688,227.16795806320172,125.26644386241279,306.66566893392013,-32.76887512207031,-8.816444396972656,399.93390580114925,1027.4827699128207,0.21213385462760925,0.07439342141151428,696.0410197465923,476.22471229697317,1615.451388888889,0.05185275607638889,0.019500137792017723,1.568,-209.84314088171652,66.21073346646945,237.82179223257265,30.626030543446063,-48.71455783011915,48.42291139333429,0.9583333333333334
1.0,2.4934375,17.14417839050293,279.4018182721474,196.56411970905023,312.0260904053494,-47.034488677978516,-7.762547492980957,371.41421818007115,990.7870774826337,0.22723735868930817,0.0870724692940712,674.0611378421264,470.40045260714135,1577.5240384615386,0.04634915865384615,0.018479211043183497,1.76,-213.08355114813685,65.5260643938831,238.40178427759355,32.368171888063124,-46.099751326511814,48.04548583168995,0.8846153846153846
1.0,2.3703125,25.50164031982422,242.31376585268865,193.1872657849691,279.5939868358039,-47.31810760498047,-7.362200736999512,378.7797209588137,963.7500163183694,0.22784611582756042,0.12166117131710052,604.6385225545141,438.1654691239886,1503.3333333333333,0.04390625,0.021805390548351702,1.44,-233.43981926591945,99.9958546875723,227.7890830546758,50.98533314620398,-22.345523655297658,61.99272934527125,0.9333333333333333
1.0,2.7396875,23.769989013671875,258.02888904399794,198.8480847635095,284.4812036394563,-40.29792785644531,-8.028067588806152,402.6176176955012,959.0983579161517,0.19862836599349976,0.0929393470287323,636.3046926869428,441.0992862333114,1514.8982558139535,0.04711346293604651,0.02320542809972984,1.856,-231.60336562881528,83.74841494499614,227.04051030989632,39.98678875576025,-30.42510168900268,60.43049687320695,0.8604651162790697
1.0,2.09325,21.741493225097656,240.7683070924443,183.40080864093423,268.51450055605267,-44.4229850769043,-8.834172248840332,367.4557384567661,967.2294420520452,0.2422129362821579,0.10592705756425858,614.8495585106032,456.20067588586437,1499.0530303030303,0.03858901515151515,0.01384437229519188,1.376,-208.63112197094367,82.04797616890909,236.57263390404728,41.047740195835104,-31.507105835242914,50.26004338765685,0.8939393939393939
1.0,2.2779375,17.74416160583496,249.4585548777475,180.25009252216606,281.2136583244699,-31.79644775390625,-8.140620231628418,407.6003949428685,947.5672282070728,0.23420095443725586,0.08128407597541809,651.8540849368884,451.43315154292236,1509.982638888889,0.050591362847222224,0.0289148994261636,1.536,-217.64288278882148,70.23045644603756,230.57207468995693,32.72413048128156,-34.36004148964329,55.82096315859088,0.9166666666666666
1.0,2.431875,26.275196075439453,245.01097943913564,123.11444133449163,277.98364396846745,-41.23455047607422,-8.448315620422363,423.04205076953895,1020.0123861558073,0.19685493409633636,0.10994274914264679,639.6400083570153,463.23069514785016,1563.733552631579,0.04666940789473684,0.02244043361939257,1.152,-236.08490332055632,88.56767961291918,225.03283330698903,46.92982751983012,-33.23179870104182,49.68351172456859,0.9868421052631579
1.0,2.3395,25.890460968017578,239.9939741371314,77.11054127039704,289.4538474880756,-39.282955169677734,-7.961221694946289,392.23652199441045,953.5334602599687,0.23289398849010468,0.12659144401550293,610.6863333072673,463.9125710802414,1541.8074324324325,0.04130595439189189,0.01829640658241108,1.504,-225.11347516666515,97.40069872144016,226.26199196063396,49.85963706567005,-27.9200070981478,54.754027271764336,0.9864864864864865
1.0,2.30875,23.377883911132812,270.64000401318617,228.41646786215435,297.93549262454053,-46.734066009521484,-7.742712020874023,349.3372794065439,940.6853992996772,0.22435958683490753,0.10518595576286316,630.2050903916322,467.6173382955585,1560.1455479452054,0.04108251284246575,0.01349038739508043,1.632,-231.23981098059494,83.20730900283921,231.3879488028942,40.9434322708526,-34.47157145092059,53.752052762750054,0.9178082191780822
1.0,2.0316875,20.226028442382812,244.25428293090403,73.20428479728128,284.4812036394563,-38.618431091308594,-7.073011875152588,453.60361316025836,957.2258652604924,0.24592389166355133,0.10259053111076355,652.153898911356,433.07359597904474,1523.92578125,0.0540618896484375,0.031131695538279044,1.472,-216.61415332343887,73.87503662973066,227.55737551656046,34.97513542773903,-35.89308296433723,56.226128333393,0.953125
1.0,2.3703125,29.181621551513672,253.1663643378296,202.3238880603845,287.786716002164,-42.06847381591797,-8.310357093811035,392.6251290655641,952.4791977231635,0.21355658769607544,0.12252911180257797,602.0367409952511,422.76320312468926,1456.6666666666667,0.046171875,0.022164059287245685,1.472,-235.80493014813698,101.3850403341622,220.42485367772804,51.38933533905932,-22.052209346288368,61.126519968411635,0.92
1.0,2.216375,28.34638786315918,256.7619989737386,195.43199368684918,289.4538474880756,-41.1646728515625,-7.507652759552002,371.1536107811008,907.3549284423634,0.21607869863510132,0.12411971390247345,605.946461676227,435.27939088042564,1472.0982142857142,0.0455078125,0.021445276923923135,1.344,-240.16500626562748,102.41522540776252,237.4676803473524,48.98040206145777,-26.738646098253813,62.45326011128483,0.9428571428571428
1.0,2.52425,25.213401794433594,268.27823876692423,187.68759933422865,294.5134116201051,-49.4353141784668,-7.203068256378174,382.13254472368027,956.9877474220438,0.22464405000209808,0.11951255798339844,619.1897226683589,437.1518603496233,1483.7816455696202,0.044847705696202535,0.016865794537845397,1.664,-225.61361582062037,91.73183288574258,221.35160504989733,45.96346900341594,-27.194455126223072,56.56799901919334,0.9113924050632911
1.0,2.1240625,20.665401458740234,261.1657261438195,218.10154653305153,289.4538474880756,-38.46434020996094,-6.896146774291992,441.0954205072105,1010.4570088742216,0.24743157625198364,0.10229749977588654,654.5667282519798,458.4854240203617,1617.5373134328358,0.05009619869402985,0.025712064003862608,1.536,-214.800787289557,75.88018082910186,237.125169204107,34.161976488540155,-35.96916886891885,58.03114132194996,0.9104477611940298
1.0,2.101,13.381767272949219,251.6184414752987,97.71599684342459,324.9009585424942,-39.7103271484375,-7.253649711608887,376.34300669970224,990.3691190830256,0.29048117995262146,0.09323512017726898,650.840970197908,455.7808104310683,1524.3844696969697,0.04826586174242424,0.01817311357917618,1.632,-180.4058855567394,70.3651118934644,246.3504286239784,34.70701475773646,-39.26788918352144,46.493060012475084,0.9242424242424242
1.0,2.1701875,22.91888427734375,226.30071493407084,72.78265914210937,292.81713918912504,-37.26029586791992,-6.705954074859619,402.4394029082323,993.0132751472647,0.26311948895454407,0.13803428411483765,591.6453452974333,422.5284369782471,1441.8658088235295,0.04888556985294118,0.02649288485082873,1.504,-206.0379560059504,95.69496434328927,237.66556460078286,45.537885379933535,-25.298374997108446,57.09117590253481,0.8235294117647058
1.0,1.950875,15.323014259338379,220.96375132465832,138.99182198423372,277.98364396846745,-26.940025329589844,-7.252485275268555,450.5240662634442,979.5984541940356,0.2815489172935486,0.11415405571460724,648.1524864679129,441.6448816627982,1515.8811475409836,0.05231813524590164,0.022773352247574534,1.312,-190.1130261249633,80.35040692984005,244.97008746640554,34.208269185749764,-38.22106773918529,54.72806326815835,0.9180327868852459
1.0,2.401125,19.283117294311523,242.06104272405673,85.06671609508557,287.786716002164,-34.66175842285156,-7.392055988311768,403.24133011100554,965.3161904541453,0.25022092461586,0.11281632632017136,619.3519336159326,437.49274463392317,1502.0559210526317,0.04803145559210526,0.027111801173738632,1.824,-216.14425659251864,86.67411537996708,235.00550786877417,38.67900632639627,-30.58492042251668,57.69118155089278,0.9736842105263158
1.0,1.939375,22.182022094726562,255.83716199575312,209.4588245641254,286.12918648705164,-32.457191467285156,-6.252092361450195,329.1454759821459,943.879853300128,0.28736841678619385,0.1600128710269928,552.8079117022602,415.29434835596055,1377.049180327869,0.03944672131147541,0.01609352801480509,1.184,-212.80712440029868,98.45969110866544,225.80215953566923,49.257209685873256,-14.839080833484827,55.72997362985978,0.9180327868852459
1.0,2.285625,24.39215087890625,240.60026764373143,64.09720409603644,292.81713918912504,-48.94568634033203,-7.560218811035156,374.16279462728403,976.1313064674574,0.24379581212997437,0.10800313949584961,619.6425085416205,442.4349567260716,1475.0434027777778,0.043131510416666664,0.018807105241737357,1.664,-219.4514970349849,83.71860660185152,229.03730403015066,41.03804956041387,-31.644950164511343,54.582210008290346,0.9583333333333334
1.0,2.3395625,23.749372482299805,224.1749207407365,86.55365610061429,296.2195104573129,-40.206241607666016,-6.871809482574463,367.5000239129895,914.1708238095865,0.24790425598621368,0.13459475338459015,625.6447578027417,459.8186745057902,1566.089527027027,0.044974662162162164,0.018560168145530447,0.704,-215.80001163836116,90.58438078010762,231.05640889605678,45.3922772218997,-28.490506971028715,55.428638035454455,0.918918918918919
1.0,1.9855,23.681293487548828,201.04197505975586,135.034994616819,289.4538474880756,-39.14875030517578,-7.085233688354492,375.1867259195956,958.9007380808262,0.2759857773780823,0.12771399319171906,608.214762748433,423.2602460146418,1443.204365079365,0.047929067460317464,0.02218685319755673,1.376,-202.66227456042,89.34528263138088,227.46407957286272,41.50368432220775,-24.53829909516415,57.383798869752766,0.9365079365079365
1.0,2.5088125,27.369863510131836,202.85461705090884,92.76591169413095,297.93549262454053,-45.24583435058594,-8.396801948547363,402.65385872001815,984.1771961661617,0.21015609800815582,0.1213659718632698,612.3772868520289,431.62980455862566,1469.5411392405063,0.050212618670886076,0.022754146367841472,1.6,-230.1800763556642,105.39787095997144,223.10486869942616,52.91868284769443,-25.512652443344574,58.80942900924387,0.9493670886075949
1.0,2.0470625,19.37587547302246,206.41943044386142,136.60402567543954,281.2136583244699,-37.683326721191406,-7.887214660644531,414.9515426226429,969.5692563757733,0.25012534856796265,0.12306767702102661,622.3810305819409,418.591881930956,1458.251953125,0.052734375,0.02527946199900921,0.736,-212.60214632470417,94.6209780369617,241.24121217250644,42.705814994598924,-33.017375488567865,58.09839217933608,0.828125
1.0,2.09325,16.50140953063965,208.93263891546843,140.60682916223496,279.5939868358039,-32.47673034667969,-7.750272750854492,399.5683383228831,978.35577916622,0.26246193051338196,0.1010090559720993,656.0507273138817,447.4981503072884,1520.3598484848485,0.050189393939393936,0.01967710012997273,1.472,-199.5559422328044,82.26974306083885,238.7514610887436,36.34408799606698,-37.13822048625077,55.496103015614956,0.9242424242424242
1.0,2.44725,12.186349868774414,270.51896655360036,149.83070768766817,301.3973362949152,-34.638946533203125,-7.755335807800293,388.77218514982286,972.9784957886786,0.23259910941123962,0.07351652532815933,685.7992289117071,469.3397575845955,1586.6477272727273,0.04969054383116883,0.019403354352060205,1.92,-199.001975109768,62.28325780789327,245.76818373620534,25.20537137145944,-46.96293277756371,50.182285910328034,0.948051948051948
1.0,2.17025,22.969913482666016,245.0270992082777,102.3373891996775,282.842712474619,-31.328189849853516,-6.761281967163086,313.8957264705187,938.561871861729,0.27538982033729553,0.14164544641971588,568.2820260933169,434.0121275645903,1436.5808823529412,0.03479721966911765,0.009753991824172852,1.344,-220.19888354478582,86.3154180462948,215.97232251409721,45.177255718175836,-18.455507340457032,52.338408218817115,0.9852941176470589
1.0,2.17025,13.325735092163086,242.46856437087416,96.59363289248455,299.66141537533633,-34.79158401489258,-9.550577163696289,410.9554477518118,972.8429706616158,0.2194923609495163,0.07598495483398438,670.0363449042844,458.91076598155433,1564.5680147058824,0.050249885110294115,0.023568439898298956,1.536,-209.78993463284564,70.45855369628379,250.53161269582907,30.125820631995293,-44.01452996163406,49.824132535531845,0.9264705882352942
1.0,2.0009375,14.73289966583252,267.1740643317825,205.86044732869837,315.65165893545657,-37.13308334350586,-8.233551025390625,470.4985201431973,991.466708152015,0.2367236167192459,0.09582646191120148,689.5661312690049,463.0809984629318,1551.0912698412699,0.057493179563492064,0.017685864350179017,1.376,-201.76643734296513,68.61516010230508,249.05622030192512,33.167907601433804,-43.84622312865282,47.40639299202941,0.7619047619047619
1.0,2.1240625,20.724849700927734,277.27023015879087,158.74010519681997,360.5001850443321,-34.89689254760742,-7.059348106384277,381.47577624434075,999.0613308131,0.27182987332344055,0.12478526681661606,638.7329144196431,452.91962721262803,1524.7201492537313,0.04710820895522388,0.01696672783620239,1.504,-197.95353214636387,82.1999153217957,245.41276352012335,37.146093825989965,-34.82092775849634,51.64626961406716,0.9104477611940298
1.0,2.201,20.180156707763672,250.98455774487834,81.695772662055,303.14331330207966,-33.74198532104492,-6.604544639587402,329.35055325052366,951.9428048596928,0.2785341143608093,0.11273498088121414,584.1252398562433,438.04685738992436,1449.2753623188405,0.034575973731884056,0.010168217054649828,1.632,-211.17520320049337,71.87678140134882,229.81025839377878,36.35627021539863,-26.293127989623727,49.74550211969986,0.9855072463768116
1.0,2.09325,18.923187255859375,214.2502217316766,73.20428479728128,291.13063656843747,-31.39634132385254,-7.442357063293457,355.05275145562445,943.6733507674652,0.2668918967247009,0.13250549137592316,596.2838245269128,426.6976152463382,1440.5776515151515,0.044818300189393936,0.016079059651630256,0.96,-212.62520881959497,90.55514978505985,238.23334131451514,43.02173591796567,-25.354365576652803,57.6917742530433,0.9242424242424242
1.0,2.2471875,11.147171020507812,238.59304477708872,152.4497023255762,312.0260904053494,-29.13399887084961,-6.590307235717773,350.8928264399504,957.512000331653,0.28365984559059143,0.08223433047533035,669.1525367344586,474.1307315162522,1582.7464788732395,0.04560959507042254,0.0174156794573652,0.96,-190.34551400075537,53.70536032913504,242.86712717548832,24.862126317787858,-42.6479294977417,44.176840339331115,0.9295774647887324
1.0,2.0009375,11.106914520263672,263.0795733003315,107.17734625362931,304.8994046511524,-30.350019454956055,-6.331426620483398,343.0460079410106,965.821268473176,0.3019442856311798,0.09532903134822845,617.4002869065855,462.9882996254282,1528.0257936507937,0.03901599702380952,0.012063019025382888,1.504,-196.1899689260084,57.444545273560216,232.55931024237154,30.943615554522165,-31.3951027558201,45.66291347734018,0.9841269841269841
1.0,2.1394375,21.417112350463867,242.70019380794872,66.74199270850171,297.93549262454053,-36.74998474121094,-6.200534820556641,324.6500854048731,950.980596852671,0.25411486625671387,0.13887396454811096,542.6813224956095,406.96859003560655,1368.936567164179,0.034908465485074626,0.011576188102603411,1.44,-229.4809204245895,86.37477205193194,215.84537614036833,43.718933233763906,-12.907258467515685,56.124347358714374,0.9850746268656716
1.0,2.539625,17.861682891845703,222.83054371519924,145.56531828421873,306.66566893392013,-35.35183334350586,-6.66425895690918,359.087196814586,957.3142239559387,0.2703300714492798,0.1195530965924263,611.037509511918,444.04134268781,1512.5,0.04403076171875,0.020268785681679908,1.76,-209.08462235405332,76.29065730558074,228.38346403025798,36.66189638644119,-26.25410843467123,50.76047629357802,0.9
1.0,2.1548125,22.543155670166016,243.71116181158092,167.2106416577019,286.12918648705164,-34.210758209228516,-5.874107360839844,347.69894871056295,912.6350283497942,0.2710850238800049,0.13272687792778015,588.9458223339235,425.5607569990372,1418.1985294117646,0.04351447610294118,0.019037726077190675,1.44,-214.06824125773943,89.08632658390529,235.4250606767382,43.16216467008037,-23.075894327608744,56.25112934063806,0.9411764705882353
1.0,2.1469375,24.865962982177734,144.81501235910255,74.0548776143282,187.68759933422865,-43.27638244628906,-5.736047744750977,381.6062933488677,1003.0050174006541,0.14796026051044464,0.12769559025764465,607.8786061645498,470.79035397515827,1502.0680147058824,0.05356732536764706,0.02054557146414301,1.696,-264.36862483136525,63.70234306852233,205.11194032396935,36.914382035864215,-13.783465092558826,35.65263558649087,0.8970588235294118
1.0,1.9254375,23.669607162475586,148.26750224854362,80.29228818633764,165.29006363084235,-36.09849166870117,-6.022012233734131,421.5116867895272,1011.5748600620831,0.1919560581445694,0.13315771520137787,596.9993207629211,472.833465931638,1542.7766393442623,0.05164574795081967,0.020029269797975875,1.472,-247.79304215848867,66.5188428721269,216.64359752872565,33.05036196891986,-22.97996652235279,42.13445141938929,0.9836065573770492
1.0,2.1299375,30.179920196533203,170.47031536933545,51.76324619206888,259.3679109302019,-42.39031219482422,-6.529179573059082,416.17301082118547,942.2258268819918,0.18002966046333313,0.15463435649871826,581.0797380719092,432.38461669313233,1470.8488805970148,0.054017024253731345,0.015397614645909498,1.44,-240.60456029667037,78.21499893503848,226.20645468130755,47.30816529060035,-5.914350741951244,34.301976655976006,0.6417910447761194
1.0,2.0958125,26.153465270996094,159.41899202171845,71.53229662176292,182.34449771164336,-46.88605499267578,-7.097774028778076,436.91136655984457,1000.1846607786738,0.20941482484340668,0.12415309995412827,646.2115041435275,479.9485123617461,1621.4488636363637,0.05656664299242424,0.019657580465260636,1.568,-235.62512289253596,65.19263884771554,220.3445445039926,34.90712708793371,-32.09113225546552,41.72271231222136,0.7727272727272727
1.0,1.7550625,18.0266170501709,151.83346216816278,99.42404238175475,172.11028744886602,-27.330116271972656,-6.57804012298584,433.9140672461759,1056.723610906148,0.22645115852355957,0.11674665659666061,639.942872906663,494.6145837169562,1619.3181818181818,0.05690696022727273,0.02223589908015623,1.344,-210.46792425983486,48.695648647889705,225.35096293396256,28.000555211325114,-30.388706949871786,33.26256181060754,0.7818181818181819
1.0,2.215125,24.74083137512207,151.79638613214695,82.64503181542116,173.1073122012286,-35.54258728027344,-4.871718406677246,438.7336476275969,962.6581596974702,0.16150349378585815,0.13241304457187653,593.7742337282126,453.670927829848,1492.4107142857142,0.053459821428571426,0.019469549384784745,1.728,-247.9039790678545,52.33790706608991,204.01749838284144,32.15293979191425,-9.393517020234052,28.967497385108395,0.9857142857142858
1.0,2.215125,30.02679443359375,162.0860384699641,69.89849670895097,188.7748625363387,-44.40674591064453,-5.892206192016602,372.54528498934155,977.188343550802,0.17747358977794647,0.13954782485961914,574.5520093147969,456.33959650811533,1504.6875,0.047042410714285714,0.023436902096965428,1.536,-264.8077213907099,82.20254391504574,193.94839205806056,48.27929665298909,-14.209176892340295,43.02724060603985,0.9857142857142858
1.0,2.2661875,26.014057159423828,133.39683784127993,80.29228818633764,173.1073122012286,-40.18294906616211,-8.370013236999512,421.11724188188765,965.8937102632271,0.1252853125333786,0.102572001516819,595.0137567221575,455.5169387376812,1552.3767605633802,0.05431613116197183,0.021162718855157685,1.568,-283.9966829144275,63.28216623730124,209.508134572931,33.79549409395168,-19.55407882092643,35.1177023217999,0.971830985915493
1.0,2.164,28.023073196411133,145.55843616084823,65.9753955386447,174.11011265922482,-48.7806282043457,-5.735931873321533,371.3324191376544,970.6796036600268,0.15102460980415344,0.13500675559043884,575.2657721251318,449.49226802695165,1471.2775735294117,0.04912971047794118,0.026738106980956616,1.568,-272.6494899648575,76.51664217710648,184.79836077606245,44.579378679894006,-9.291619785211477,42.130465337223434,0.9852941176470589
1.0,1.6528125,26.167266845703125,159.15098528002903,87.55936114058852,195.43199368684918,-33.84262466430664,-5.947521209716797,453.26996449816505,974.1797859428634,0.20575600862503052,0.15668535232543945,597.1135166042797,445.62760902669595,1500.6009615384614,0.0537109375,0.019795204083281587,1.184,-239.72774262857743,74.37784840311264,222.22420813237434,41.83032391926387,-15.267652077207057,39.01807384208234,0.9230769230769231
1.0,1.789125,28.390844345092773,162.69045308563096,84.57676786314485,186.60659830736148,-38.76653289794922,-5.86857795715332,406.12835477592245,890.3490006263031,0.20375776290893555,0.14945466816425323,615.0384743542379,445.2512121909248,1479.9107142857142,0.05793108258928571,0.01866459892760525,1.248,-243.44761913381788,71.10485777752749,210.812301083955,40.715920244132704,-20.53134654978194,37.9863465767033,0.9821428571428571
1.0,1.85725,31.89710807800293,150.06656123719293,67.12862513901318,198.8480847635095,-45.060123443603516,-5.951624393463135,445.6321142944021,1037.4339715954218,0.16648371517658234,0.15059731900691986,548.1106496880881,455.4653673592188,1511.917372881356,0.04439221398305085,0.022247499116459468,1.312,-282.00865976489746,88.06510413935891,207.8285134667983,48.92013444825182,-10.61407974946326,45.719985348403405,0.9491525423728814
1.0,1.8573125,29.71327781677246,154.20803240846305,70.30341458111748,197.70280407057922,-42.79682922363281,-5.721921443939209,418.845429850508,1011.3850483040611,0.18048708140850067,0.1559615135192871,575.3177252392669,463.2362857624752,1534.427966101695,0.05046676377118644,0.023163788874127934,1.344,-267.3984139499164,85.38484461777306,213.36283402366587,47.2019970944709,-13.438042275302804,47.607476471018366,0.9830508474576272
1.0,1.686875,26.048484802246094,154.03300217847865,74.48387315613512,186.60659830736148,-39.13789367675781,-5.5226616859436035,456.8220333016499,1092.63224743731,0.18556880950927734,0.16302964091300964,631.9225222259845,467.1942793032648,1487.9127358490566,0.05748820754716981,0.022673460171196695,1.184,-247.1677994198896,81.64543457177854,218.4867636856151,42.139202041498685,-24.355646703103417,42.841989892298365,0.8490566037735849
1.0,1.7039375,23.198814392089844,182.37776965946898,86.55365610061429,197.70280407057922,-33.069454193115234,-5.197334289550781,442.71791151534836,1007.6777648590402,0.23987671732902527,0.14141976833343506,651.3091708354282,467.7376198816742,1602.4305555555557,0.05884693287037037,0.023199067801703457,1.184,-228.6759396149607,66.51665987549775,223.51441644776722,35.857887924228464,-32.84216917581615,48.72535142008434,0.9259259259259259
1.0,2.129875,27.937612533569336,173.9398552984646,74.48387315613512,247.65527207548806,-44.740806579589844,-4.9230427742004395,387.80219663227035,886.3577359513746,0.21454378962516785,0.15402935445308685,548.2358543802753,405.12001693524263,1335.8208955223881,0.046918726679104475,0.022828611806918912,1.504,-256.21322729120845,86.44586918298876,202.75902684855902,49.14365911815544,-8.70184352147902,49.94429937281087,0.9850746268656716
1.0,1.6016875,23.993616104125977,157.25708349075828,73.62835290502629,188.7748625363387,-42.38241195678711,-4.533026695251465,446.080112358667,1040.70359838485,0.21785278618335724,0.1611090451478958,624.7918384172496,474.4385204918891,1620.7107843137255,0.05032169117647059,0.025584572922650234,1.216,-235.16248791103376,76.01742538824803,208.17697615790595,41.1730540328147,-19.889106487817468,49.57814748637724,0.9411764705882353
1.0,1.738,24.866962432861328,143.37298356985914,75.7858283255199,188.7748625363387,-40.958045959472656,-5.330399990081787,440.492990943587,942.5891108899895,0.21787741780281067,0.15874134004116058,611.3815219955341,459.64064909325816,1513.3522727272727,0.05289417613636364,0.024361636634860767,1.44,-232.29179841168033,79.17459545355128,218.42526825400816,41.555778342608455,-22.69435316927771,47.162429447603124,0.9636363636363636
1.0,1.8061875,26.012651443481445,170.5444155822891,83.12378961427878,196.56411970905023,-37.2612190246582,-4.656917572021484,410.2848330055128,895.8311302133366,0.2294182926416397,0.16807085275650024,600.4567524318423,430.7871213651201,1467.1052631578948,0.052220394736842105,0.019967631584994167,1.28,-241.19772733896494,76.81966095225867,214.36666768424453,40.6907468448599,-21.779594035818484,46.3613286463978,0.8771929824561403
1.0,1.7550625,28.25855255126953,166.02532934816355,72.78265914210937,194.30638823072118,-44.138126373291016,-5.378053188323975,407.5843087503568,1038.465928911324,0.22075842320919037,0.16585196554660797,594.5886367471725,448.30104334965336,1495.4545454545455,0.051189630681818185,0.024693844950900816,1.248,-239.47430530679878,80.97914736445409,210.26065418733685,43.88629146511709,-19.48936057636186,44.731962889518016,0.9818181818181818
1.0,1.789125,32.671749114990234,157.44302310557632,66.74199270850171,192.07458901020084,-52.87715530395508,-5.820621967315674,381.15427758654465,968.5221627581327,0.19939599931240082,0.15723034739494324,600.2663265256608,458.49878912879643,1506.138392857143,0.052280970982142856,0.017076848819876093,1.344,-247.62318910697917,77.3677738632872,198.22045453252727,46.52536277992595,-12.623942666661321,38.43196861110803,0.9821428571428571
1.0,2.5218125,22.391279220581055,120.69873807275195,52.364706141031334,188.7748625363387,-31.84957504272461,-7.570843696594238,455.95173354696203,1026.6365087564361,0.164386585354805,0.13507340848445892,500.1089886511105,420.98341647498756,1391.2183544303798,0.0379746835443038,0.015124840893501404,1.952,-268.33703704514363,70.77663469033746,206.94336119017126,49.89085005503033,3.6850325661606416,23.064222608006254,0.8607594936708861
1.0,1.6016875,23.752384185791016,146.9665663470203,78.45840978967507,186.60659830736148,-40.170955657958984,-7.408533573150635,461.85492902008286,1084.7061264811161,0.18832124769687653,0.15172868967056274,578.2777431439489,469.2844817494378,1509.1911764705883,0.049996170343137254,0.02107223231722008,1.088,-263.39011771472997,82.11086689876427,219.9752391486643,46.90016472262997,-15.411653969699774,43.8880789536332,0.9803921568627451
1.0,2.129875,30.08387565612793,138.22264700450555,71.12030090986407,192.07458901020084,-46.82075119018555,-6.709088325500488,393.896816222722,964.430804528104,0.16110575199127197,0.14937441051006317,555.1924271599321,435.6891139524656,1440.0652985074628,0.04925081623134328,0.019973154897673293,1.44,-275.5010008272494,83.1103355371045,213.24582228347967,45.61870532485517,-8.610244856871725,41.418809565631605,0.9701492537313433
1.0,1.63575,31.664756774902344,186.64882815928283,165.29006363084235,201.15858821357068,-52.24781036376953,-4.407745838165283,396.76213406883153,937.4983911246521,0.19455204904079437,0.17480935156345367,588.4194235010258,432.35303585010183,1388.8221153846155,0.054537259615384616,0.02510178066396008,1.056,-241.1015848725773,91.2457094035925,200.88245861056944,55.90341273024949,-5.9501609710231245,43.35734346471203,0.6730769230769231
1.0,2.010625,32.04421615600586,164.4796111215635,69.89849670895097,232.40911739156792,-49.68708419799805,-5.6740288734436035,349.6245463473481,961.2620229494283,0.22678035497665405,0.18446394801139832,611.1816626506024,470.41935806642016,1502.232142857143,0.053679935515873016,0.029499735955453302,1.312,-225.3646202664095,78.54662511932193,204.42788466563675,50.40172774612052,-12.748848494417508,29.99342001347697,0.9047619047619048
1.0,1.401,27.11013412475586,154.77032543264866,73.62835290502629,214.35469250725862,-39.35093688964844,-5.349905967712402,479.49469361594805,1020.2352582012412,0.20952792465686798,0.17226161062717438,538.1961336662803,454.44712618372284,1528.0539772727273,0.040815873579545456,0.017447653850381193,1.12,-245.83759240487336,82.89897410859392,214.7878349431733,51.275058121135594,-5.334965904825475,37.484667032227655,0.9545454545454546
1.0,1.6811875,25.27591896057129,155.69593790516072,79.829838635665,190.9683207820833,-35.977012634277344,-6.4102630615234375,387.8031656238423,918.2579817648474,0.19318993389606476,0.16571757197380066,522.1140018893162,430.39346764226667,1407.7240566037735,0.04051813089622641,0.014728215639782624,0.864,-253.52510232670693,82.51795077544315,201.54696165551093,48.29803771454834,1.5881101863678646,38.92129970863642,0.8867924528301887
1.0,1.6145,28.985675811767578,137.83861542804624,62.27248111794115,188.7748625363387,-43.668663024902344,-5.832248687744141,415.9281502986293,977.7282762312176,0.2052198052406311,0.15839996933937073,624.4053055849572,466.4007516099318,1541.360294117647,0.0545343137254902,0.019617583155746382,1.28,-234.61108117695403,72.50587706595537,213.64010830714605,39.732861596005776,-17.305046352219048,39.58184184611731,0.9607843137254902
1.0,1.5478125,27.713409423828125,168.01818103154167,74.0548776143282,223.1994285260446,-42.9654541015625,-5.054291725158691,445.819213228468,912.8733047383166,0.23769523203372955,0.15361091494560242,593.2934668953437,446.78031674133456,1477.6785714285713,0.052834024234693876,0.019180570012650167,1.184,-237.52530742182074,69.77559470681724,222.43575076338507,39.15963713808741,-17.673669923823493,41.62618852549162,0.9183673469387755
1.0,1.601125,29.891082763671875,173.09159985329168,74.0548776143282,208.25243050696125,-47.7956428527832,-5.932069778442383,369.1226663921082,922.8982978142207,0.22931525111198425,0.19165903329849243,563.3587654124188,449.6520848872885,1450.3676470588234,0.0478515625,0.022974973000694895,1.12,-246.77885524036924,79.76720681646468,208.08130227952708,49.7900331500929,-3.635714023710007,33.19785048225447,0.9411764705882353
1.0,1.561125,30.395938873291016,166.0239668863872,71.53229662176292,193.1872657849691,-45.670509338378906,-4.462194919586182,426.85346137570576,972.4935647101287,0.21707886457443237,0.1754470020532608,590.5538279367013,440.5421680337845,1484.0561224489795,0.051100127551020405,0.019828324810925176,1.152,-240.53000479324768,76.74985295999483,202.60794994319528,43.65496195640602,-9.658237316338326,42.24961325343212,0.8775510204081632
1.0,1.6011875,25.373746871948242,158.27414647322996,74.91535384383408,186.60659830736148,-43.729949951171875,-6.260066032409668,415.33367996988426,971.255224097316,0.223811537027359,0.15797017514705658,604.4962854080264,469.9853131848658,1545.6495098039215,0.050551470588235295,0.020048665168328875,1.248,-246.04605166198098,70.3560008412572,211.80050684199773,37.73332940395862,-20.259992808641464,45.60440864032652,0.9803921568627451
1.0,1.6411875,27.398759841918945,143.73776702195346,71.53229662176292,192.07458901020084,-40.02516174316406,-5.546221733093262,535.765643253564,1084.3694585530454,0.1855297088623047,0.16193757951259613,627.9772503070408,477.51678997479064,1591.045673076923,0.056265024038461536,0.019095532198477268,1.312,-247.4610122741542,73.83051381150761,216.4975562638847,42.61576495743467,-16.43659111335802,41.7047026704914,0.8269230769230769
1.0,1.361,26.928573608398438,165.74622784313553,83.60532082885095,196.56411970905023,-35.64796829223633,-5.608284950256348,492.52143805753303,1020.4049568201125,0.2581981420516968,0.16029052436351776,621.5651240606094,465.51112413076686,1508.7209302325582,0.054210574127906974,0.021696368468245877,1.088,-220.556741672304,71.81883672970847,220.46625161090168,39.334699890525776,-25.89889293791525,42.55818231299885,0.9767441860465116
1.0,1.7479375,32.66725158691406,156.20498047925605,71.53229662176292,192.07458901020084,-42.593284606933594,-5.72589111328125,376.2660699453834,909.0243668040052,0.1793985813856125,0.1634485274553299,540.7182797518004,411.075988514279,1347.159090909091,0.04884588068181818,0.022967055076926448,1.216,-262.09673816941415,87.11691866966305,192.687507284282,51.77543571159613,-0.41781020690813764,45.563083259725,0.8545454545454545
1.0,1.828,30.006933212280273,177.31985280063813,78.91291473386416,198.8480847635095,-45.02265548706055,-4.972762584686279,417.710915279203,966.806833592309,0.22637318074703217,0.15774975717067719,617.7067929567243,444.63242537053435,1489.2241379310344,0.052313442887931036,0.020563949801703153,1.344,-240.77223027629023,77.3486697399889,198.15817174836494,44.392466907115725,-15.813762547485762,44.27488395127521,0.9827586206896551
1.0,1.361,28.71014404296875,131.37433432925914,69.89849670895097,181.29427068562208,-42.81324768066406,-3.6837611198425293,392.50031156669473,981.9485255544856,0.21998000144958496,0.22909486293792725,571.9070120761613,458.4638031849219,1516.7151162790697,0.0484874636627907,0.01687502381595667,1.088,-226.43453515821065,77.85172283167903,197.4456457000168,49.86330571265116,-2.178165406148823,29.81932998822931,0.7674418604651163
1.0,1.6545625,31.453060150146484,170.04167471702527,70.71067811865476,251.98420997897463,-45.35972213745117,-5.160191535949707,395.5019025029221,882.9022079883212,0.2017553150653839,0.18498367071151733,519.4726788628158,401.28198511388433,1381.9110576923076,0.04415189302884615,0.015759795176912346,1.152,-248.69897423690264,86.56518912805889,207.75723479607547,58.49898170964235,5.503634674758673,30.41778735134889,0.8846153846153846
1.0,1.667875,28.30139923095703,179.44978881228002,87.05505632961241,208.25243050696125,-46.725624084472656,-5.023869514465332,378.57151111879466,864.1044557395949,0.24276025593280792,0.1699119508266449,555.7396479805677,418.4189388488198,1391.2146226415093,0.04578788325471698,0.018413690066872473,1.12,-245.83402271545927,80.17310332751498,210.47263191064496,46.37014336723501,-7.8012610142526775,44.46599850644781,0.8113207547169812
1.0,1.6545625,28.38619041442871,115.25398158681662,78.00652260133735,165.29006363084235,-38.384864807128906,-3.4023447036743164,416.8198329725933,1015.2034775687895,0.19028407335281372,0.2103617787361145,513.4847332180283,421.1847524394692,1368.0889423076924,0.04319411057692308,0.021739477356502078,1.184,-243.12510517299273,89.01186152819466,188.88316750276155,57.80261456212146,11.841263806301017,35.928756471830106,0.6538461538461539
1.0,1.46775,23.776287078857422,171.0096310270264,80.29228818633764,215.59643660857103,-37.39474105834961,-4.709001064300537,429.88540634149905,942.4539389250031,0.2594420611858368,0.1642594188451767,614.6563039439711,424.8622041568926,1399.4565217391305,0.06065302309782609,0.024861914929567967,1.088,-218.29563287989774,68.28942815348078,228.11184411218682,35.03383785497785,-22.71312830736184,44.110240979743935,0.9782608695652174
1.0,1.3743125,23.928672790527344,214.01665224403132,91.70040432046711,249.08992447176465,-33.26145935058594,-4.783294677734375,418.8183400234805,1000.3990096743017,0.23511028289794922,0.17478007078170776,587.3373183786294,444.6436596729606,1502.906976744186,0.04603470203488372,0.012209222905269271,1.12,-228.52095611699778,54.90386042375745,218.12141406732815,32.55105447540145,-13.0159771453283,29.804244244729492,0.813953488372093
1.0,1.521125,30.468900680541992,148.1996475276045,71.53229662176292,219.36499593892518,-43.56840133666992,-5.643200397491455,478.088850164366,1060.988103268993,0.19168603420257568,0.17031335830688477,630.4301617066307,476.96504343918076,1569.0104166666667,0.058390299479166664,0.023181756223598436,0.864,-241.94704670659175,79.4215887638337,213.31466427784008,44.54127242235744,-16.828146063453772,41.573623286855664,0.8958333333333334
1.0,1.3876875,31.457096099853516,149.05368390405943,67.90862219136606,200.0,-43.521846771240234,-5.757587432861328,456.5682106510033,1053.6362896790108,0.20411203801631927,0.1718595176935196,568.4213397028775,454.2292048803895,1465.1988636363637,0.04794034090909091,0.015952840323179326,1.088,-236.09713904389483,75.31093596465942,209.6471525798637,48.293708135318724,-4.874511939690399,32.473716583149574,0.7727272727272727
1.0,1.921375,29.72980499267578,146.46184676817083,78.00652260133735,236.47155720542963,-41.758384704589844,-6.334698677062988,347.12814457870337,809.3338157349316,0.1747235357761383,0.16764453053474426,501.27931357816317,399.16392913499277,1341.188524590164,0.040855532786885244,0.015527822335646374,1.472,-271.3939268106134,91.72430818560964,200.85101319708016,53.7186860797394,4.0368688019496854,43.54135205827204,0.9508196721311475
1.0,2.028125,30.410358428955078,151.18380050748158,71.53229662176292,240.60500721642333,-41.048179626464844,-6.365304946899414,400.6803983085092,970.804972102861,0.15097782015800476,0.16244496405124664,455.22030719105555,392.1881883700757,1317.87109375,0.03582763671875,0.015988764684970253,1.376,-294.3120341548205,98.19645739919659,194.52586150441294,59.97908024457298,13.565780033441136,41.92656948626497,0.90625
1.0,1.5344375,32.104061126708984,103.76308353191116,69.89849670895097,146.40856959456255,-46.007789611816406,-6.9231276512146,392.96000395344527,925.6495420192717,0.11916211992502213,0.12155413627624512,515.3116044467722,407.5642453820378,1374.6744791666667,0.045979817708333336,0.020758972975264595,1.184,-290.0370064447566,77.42774620078194,207.40570684234717,45.8655244301333,4.524665228036516,38.98926335236601,0.8125
1.0,1.6011875,29.899988174438477,176.43451920044836,70.30341458111748,223.1994285260446,-39.89345932006836,-3.8152079582214355,405.37305502865894,876.5719309495953,0.21684329211711884,0.17486035823822021,520.7273793186538,406.31848999539073,1391.237745098039,0.04744944852941176,0.014884832319207052,1.12,-253.4264819081319,78.64606680182091,202.78179387764408,46.94246693561886,4.511441312057963,41.158248016311035,0.8235294117647058
1.0,1.5344375,23.53335952758789,145.8013784319707,78.91291473386416,197.70280407057922,-41.79808807373047,-6.126842021942139,412.3945668049853,899.5885801266918,0.23838184773921967,0.14009661972522736,549.627688511412,413.0409994052978,1403.9713541666667,0.049051920572916664,0.014372177376722427,1.184,-230.98758382259112,60.142717773442904,227.17258002888875,36.39694863571148,-10.913323216549912,32.72197212696689,0.8541666666666666
0.0,1.891375,21.927806854248047,102.27275088563958,73.20428479728128,123.82763603774404,-44.511436462402344,-14.60106086730957,401.3494803121475,1021.6576857122722,0.09082771837711334,0.0535474568605423,553.282067106395,451.8415704666805,1452.0833333333333,0.05166015625,0.020750287157392733,1.28,-307.43577778778723,55.91193605301032,235.72256166994214,31.54503393075737,-9.272489603111636,34.8507527261725,0.9
0.0,1.1756875,13.48977279663086,88.83658291048053,70.30341458111748,94.38743126816934,-37.7101936340332,-11.492149353027344,382.98531739165566,1040.2076100593752,0.14831866323947906,0.05862089619040489,553.9824836478874,486.56388086803565,1575.168918918919,0.051361908783783786,0.01255230545341613,0.672,-256.18857777635566,31.0652866751453,252.13207988253797,15.017578490023766,-21.62209721031343,21.860149686265512,0.972972972972973
0.0,1.4824375,11.347944259643555,96.56096849991222,75.34933407372878,106.56005016284841,-39.85494613647461,-13.243162155151367,402.45727537438205,981.4897991773081,0.12106934934854507,0.04059245437383652,571.168099796055,487.41947652720853,1512.6329787234042,0.048246343085106384,0.018758243966345647,1.344,-276.94306682506414,37.764147672264706,247.55713078363098,23.6022191146522,-23.287705472739198,20.5923769642464,0.9787234042553191
0.0,0.9606875,8.624393463134766,94.2880755366718,74.48387315613512,110.95694720678449,-34.521080017089844,-12.263461112976074,493.12418857160793,1105.8718823694344,0.14256837964057922,0.04275624081492424,548.8509633869261,487.3681859350529,1515.625,0.042874243951612906,0.018691556087586495,0.64,-265.22168026509826,37.11741889190198,261.891702776234,21.694150522723472,-20.526248950944243,20.448530616123087,0.967741935483871
1.0,1.377,24.253931045532227,207.9962546360171,198.8480847635095,237.8414230005442,-29.69904327392578,-3.572598457336426,489.850614246883,1039.8927167419965,0.2034461945295334,0.1937619000673294,751.5833673965464,484.5521713806504,1646.3068181818182,0.07668235085227272,0.03878099507218154,0.16,-197.49473959206523,48.77562223167489,216.46338116225226,36.78404914619547,-38.084989925187244,30.309433756491156,0.4090909090909091
1.0,1.686375,13.818802833557129,109.65788110613845,85.55950256826023,201.15858821357068,-43.985496520996094,-10.577216148376465,356.98768634095404,828.9470366986224,0.1544356495141983,0.058076146990060806,494.93541739858847,435.56469103423507,1386.2028301886792,0.037551591981132074,0.008369734414256126,1.408,-273.1075854344096,45.43335627588978,254.2802855830008,27.591849643381117,-3.213387657728884,33.84805391852896,0.7924528301886793
1.0,1.825625,22.6297607421875,117.87485415708676,79.829838635665,138.99182198423372,-35.443336486816406,-9.901872634887695,461.02150155793714,977.4575217304332,0.13116399943828583,0.09024666249752045,649.4996086599363,509.1419960260686,1650.323275862069,0.05805495689655173,0.027669637403292105,1.056,-260.4970369743707,45.5584825175931,226.31407060475098,23.638280861906647,-26.67659615666455,33.72728950768978,0.9827586206896551
1.0,1.9185,24.469524383544922,234.35374663524723,192.07458901020084,271.6344887654643,-40.6035270690918,-5.436650276184082,408.6548852242344,920.4467995763288,0.24058595299720764,0.13912275433540344,595.5376429822666,417.0229941571649,1428.3854166666667,0.052750651041666666,0.02250582278224387,0.256,-203.58443734045548,54.05845724269598,219.789509640855,33.479659320955776,-12.695281813898681,38.114626938143424,0.6833333333333333
1.0,1.7173125,18.430980682373047,179.94855077117103,66.35758711692841,246.2288826689832,-32.848487854003906,-8.065581321716309,384.81290073552844,986.2584079776319,0.22477436065673828,0.11316346377134323,519.3453778903776,406.57140446345437,1384.837962962963,0.038990162037037035,0.01284859477804206,0.544,-234.79813277638817,49.42487323631599,231.68990253186783,34.677016728090095,-4.182143981619241,31.17117350881174,0.7407407407407407
1.0,1.9494375,14.030098915100098,224.37939197260218,185.5318233882619,243.40070273411817,-48.88454818725586,-5.803037166595459,391.9838176184835,979.6309400985186,0.24869218468666077,0.11254776269197464,562.6040630782403,418.2071565039174,1408.299180327869,0.04247246413934426,0.011573260857011247,0.256,-214.24779197506246,51.30933981713751,232.35034234253806,32.92701333802321,-13.766891477921966,31.931106000617174,0.7213114754098361
1.0,1.2531875,14.476298332214355,76.21450400127446,50.0,107.17734625362931,-30.554771423339844,-8.612838745117188,382.35084943499845,1007.3194810777177,0.24775958061218262,0.09358702600002289,451.2972625974577,414.7925412063987,1360.15625,0.0370361328125,0.012936020881761011,0.352,-219.46183152372947,44.97463101078458,253.38026218786976,27.941421888821086,7.1750063089690865,22.462121024406443,0.575
1.0,2.0886875,14.850310325622559,227.82792582669586,81.22523963562355,284.4812036394563,-37.56831741333008,-5.382339954376221,369.3478600367292,914.7401559561891,0.2600492835044861,0.11820143461227417,633.7803202112882,480.7365557167764,1578.3617424242425,0.04413766571969697,0.015124274822297754,1.696,-199.06950551369158,48.72930117147371,229.65575894210943,27.56413191131283,-32.4609689742908,31.37715135888772,0.9242424242424242
1.0,1.1294375,26.346750259399414,208.3805490559231,202.3238880603845,213.12010032569688,-37.18202590942383,-5.6237406730651855,399.94836728989566,1039.2117792304812,0.23966148495674133,0.15931876003742218,547.4806163222464,460.10882558587423,1496.9618055555557,0.042154947916666664,0.01904296875,0.448,-221.96477837780424,62.44793582662006,218.1802695655005,46.224608298103746,-2.3488277355306204,30.427228406433677,0.5833333333333334
1.0,1.2841875,30.084745407104492,186.41530300985625,56.775221453543864,310.2289523667469,-40.670379638671875,-5.751881122589111,377.57671296596453,915.5650209580144,0.21320289373397827,0.20212216675281525,598.2916876315504,465.6328571370155,1469.8932926829268,0.052924923780487805,0.021147427389817543,0.192,-234.15416034949055,71.18648964359758,214.03957975278522,54.466182349798295,-4.993199676842366,26.57943214746656,0.8292682926829268
1.0,2.04225,19.036468505859375,218.7446793982675,74.0548776143282,254.91212546385245,-34.35331726074219,-6.025539398193359,376.20372441694303,955.8980182446471,0.23642784357070923,0.1401979774236679,550.6973017576172,422.59475508367564,1418.701171875,0.044586181640625,0.017890876493393777,1.376,-217.14025394544956,72.4120135279119,244.87573393697045,35.59941162402568,-11.41840314231576,46.646415485625695,0.875
1.0,2.0113125,19.910573959350586,299.21294891256355,70.71067811865476,696.4404506368992,-33.58614730834961,-6.076763153076172,383.92066954433693,892.9974551398956,0.2456384152173996,0.12796461582183838,589.0706750754956,410.7399053250653,1409.7222222222222,0.05161830357142857,0.02263037605838951,0.32,-210.57369529936602,53.06021949451766,233.7486780591249,32.51386930622167,-18.72096506848805,40.63098792337988,0.6190476190476191
1.0,2.197,31.9954891204834,246.8244936870712,82.64503181542116,833.0097220278452,-42.290767669677734,-5.848267555236816,421.8892661531816,914.1087269306503,0.20073823630809784,0.16385795176029205,639.9116676139523,433.359542126037,1474.6376811594203,0.060122282608695655,0.02532766276636484,0.384,-231.89618969597717,61.669283627116734,231.88692968480595,43.638182527164936,-20.452766616559384,32.27413262823842,0.6231884057971014
1.0,2.088625,28.12874984741211,98.20859450117085,69.0956439983888,131.19081044374488,-44.62911605834961,-9.773101806640625,428.8855989021461,926.0035880071455,0.11975084245204926,0.09123331308364868,604.782708934922,423.4140892792123,1410.2746212121212,0.06192294034090909,0.04247119099610529,0.736,-273.5028920187076,42.9243125363412,221.92306484421312,34.31631280733096,-5.6179238475663915,45.40924019853592,0.3939393939393939
1.0,2.243375,31.006614685058594,212.71791990469683,73.20428479728128,281.2136583244699,-43.4688606262207,-6.256606101989746,372.5087814538187,912.4210004387736,0.23777085542678833,0.1484467089176178,597.2079305620476,444.641840700727,1457.0862676056338,0.044069102112676055,0.013352711680947484,0.288,-213.21052582239764,84.88152834533514,229.98579227910068,48.46667548339233,-17.588075764665607,44.87944120566449,0.6619718309859155
1.0,1.8875625,28.668861389160156,219.3500338586073,193.1872657849691,266.96797083400685,-36.665855407714844,-5.112688064575195,398.5687163980835,920.5308367007173,0.2671297490596771,0.1562720686197281,628.6183586812401,447.8620503504183,1521.1864406779662,0.048877780720338986,0.014805308214950963,0.224,-189.5503763964806,72.09015318558164,235.5656983041499,39.993250566276814,-26.48599930804291,39.23882980531486,0.864406779661017
1.0,2.119625,23.631134033203125,233.3296176800131,78.00652260133735,279.5939868358039,-39.79134750366211,-6.312887191772461,331.30213925363387,918.8977834744815,0.21383531391620636,0.11629795283079147,570.3566876943956,446.46055508373104,1477.8451492537313,0.03828999533582089,0.012209552343944425,1.28,-238.68111156089606,72.35490747144718,223.00299555288157,38.81362273304138,-14.454038101551792,47.7670590454906,0.9402985074626866
1.0,1.8720625,19.20290184020996,249.34851497800807,203.49593842053727,279.5939868358039,-29.420717239379883,-6.446406841278076,362.15337899636734,944.8738625814234,0.28418707847595215,0.11235031485557556,611.6376484084661,473.0864756777155,1518.2733050847457,0.0380859375,0.01252031130854358,0.16,-211.01548031443795,68.98201959119682,226.97650630012438,39.54703309244659,-32.279367870318325,44.979767405049195,0.864406779661017
1.0,1.8565625,13.154278755187988,226.1967274132621,77.11054127039704,259.3679109302019,-42.62966537475586,-6.721330165863037,329.38193614420567,915.0710015782621,0.27811673283576965,0.09729066491127014,601.7165398747082,456.98977214270667,1491.5254237288136,0.03662936970338983,0.009031913113904774,0.256,-205.69098243262172,60.797323273701274,229.89022378146007,36.29109827459229,-30.435732970535643,37.14408986823292,0.9322033898305084
1.0,1.5316875,22.722261428833008,207.46249446269834,172.11028744886602,220.63576443274928,-34.60993194580078,-5.0982160568237305,400.188869072513,935.8778328745811,0.2865997552871704,0.16667777299880981,621.7758954083283,467.8819906885753,1565.4296875,0.047403971354166664,0.014411823727160076,0.224,-176.6322943305056,59.764239618161454,243.77161971927163,36.337988909640096,-33.23783819556056,27.879739695826146,0.6458333333333334
1.0,1.8101875,9.147875785827637,219.9091516248475,79.829838635665,260.87041395311286,-31.639911651611328,-6.22715425491333,415.84022300451153,1035.6485063179086,0.2695879340171814,0.08663789182901382,598.2243953821206,477.4513991896396,1564.967105263158,0.03764048793859649,0.013515650470518737,1.312,-208.28546520285718,48.91024871148289,230.39331715110015,28.04096656730685,-26.14422686269225,45.947159615086875,0.9824561403508771
1.0,1.841125,20.651586532592773,229.6027871781425,150.69866814745757,268.51450055605267,-30.51633071899414,-5.492659568786621,394.9061435857769,955.2675462726902,0.2871864438056946,0.14227457344532013,589.9197422118483,454.77806396651164,1507.5431034482758,0.0402411099137931,0.01347656081711289,1.184,-189.6545097409846,72.87774761046886,240.43776692743018,40.42085676525147,-19.81831708793984,48.40650059196243,0.8793103448275862
1.0,1.9339375,16.89796257019043,227.8747947055171,134.25725027802636,256.3888163841458,-33.26214599609375,-5.362668514251709,348.68975785641084,949.5061805119836,0.30134567618370056,0.11688137799501419,609.2827336224899,459.08664913353766,1514.0881147540983,0.03662909836065574,0.010231007240462088,0.192,-196.23152194124737,57.817389733684564,235.85901989657555,33.78333373555751,-31.719661802823214,38.6733569743275,0.9016393442622951
1.0,1.8720625,18.28321075439453,189.48629050092532,69.0956439983888,220.63576443274928,-35.5180778503418,-5.587096691131592,390.5560965017315,916.2426360310334,0.26955899596214294,0.1182456687092781,570.7410045580236,432.14465827539436,1418.697033898305,0.04156183792372881,0.012597882311657113,1.408,-202.43048220945587,52.823492890787705,234.05049690965464,33.73873207116887,-11.560858077892167,43.95470682786816,0.8305084745762712
1.0,2.0113125,15.050500869750977,269.94321277093144,179.21192838239048,287.786716002164,-34.61343002319336,-5.709604740142822,382.8881636031395,928.6393591897108,0.2819129228591919,0.11514756828546524,668.7919192740183,477.23851022736517,1588.2936507936508,0.04527839781746032,0.015669793327430726,1.504,-194.94002675447913,58.67383496191978,232.60330286954343,34.15535956479143,-40.82314432536551,41.28996049111755,0.8888888888888888
1.0,1.9339375,10.935715675354004,246.96868313925995,207.05298476827548,262.38162088748976,-18.21294593811035,-4.764992713928223,344.4981410483536,932.7690871315854,0.30352315306663513,0.12042397260665894,623.0704433515064,480.82908954715816,1550.717213114754,0.03461193647540984,0.007690527323134317,0.16,-197.62581345490025,58.28675792640611,216.67651811054762,41.382243052036365,-34.4874991340776,39.50852691052234,0.8360655737704918
1.0,1.8565625,14.602917671203613,226.4419092791448,90.64713534281104,263.9015821545788,-23.63882064819336,-6.0887861251831055,332.14146877220105,862.9108220426111,0.2728593647480011,0.09130632132291794,578.5782965362106,431.81362493984784,1425.052966101695,0.04032044491525424,0.017621337509593233,1.376,-217.29054959826217,42.832857626195796,231.3628282406865,31.855094813166605,-21.255697510192125,38.528665204167424,0.9322033898305084
1.0,1.8875625,22.355247497558594,188.90239965815613,62.27248111794115,254.91212546385245,-50.34811019897461,-8.570941925048828,422.4237787438016,968.9091725878044,0.21116481721401215,0.11023148894309998,555.1850077883101,442.72886745744194,1496.5572033898304,0.043746689618644065,0.017566884188563652,1.44,-237.18696203888166,66.40933945771786,237.44381996183395,37.2604935258567,-15.80762638908656,35.9170460314966,0.711864406779661
1.0,1.8101875,23.200340270996094,260.66817333318414,205.86044732869837,291.13063656843747,-33.12790298461914,-5.599997043609619,363.17848960552004,920.2496707994538,0.30392950773239136,0.13294078409671783,622.2200610558733,459.91406617012404,1500.2741228070176,0.041769462719298246,0.009599773020911667,1.216,-190.51294247434748,56.93675421439028,240.30091201956688,30.0004043255952,-30.152260406983135,41.44792927961663,0.8771929824561403
1.0,1.562625,20.282629013061523,214.00196617033887,186.60659830736148,268.51450055605267,-27.5156192779541,-4.880456924438477,395.05154839577926,914.7864754521473,0.30026254057884216,0.13175040483474731,614.8756506621916,456.0723560700098,1520.0892857142858,0.04683514030612245,0.015436975541195224,0.192,-178.15543069864074,51.605963723631305,248.09265909871206,27.073861134874416,-28.319248586454844,34.78969130471768,0.7755102040816326
1.0,1.7328125,15.73783016204834,261.08295559014084,202.3238880603845,297.93549262454053,-36.78403091430664,-6.033504486083984,409.4347897772366,979.0705227058874,0.2619578242301941,0.11062730848789215,597.1540883522018,447.20559473285414,1504.5454545454545,0.046555397727272727,0.01710016890351095,1.408,-205.45317942237062,49.10202922115463,223.2725614807908,24.7186913097745,-20.550265551243406,37.17675903077499,0.8181818181818182
1.0,1.8101875,32.53926467895508,247.29412715077143,128.1944081920729,286.12918648705164,-51.94103240966797,-4.706741809844971,351.22037435073184,904.6321741783328,0.22197045385837555,0.16697406768798828,541.5722242420139,418.291929098484,1388.157894736842,0.04358552631578947,0.015750455329692735,1.216,-244.10695649221572,77.39784972079016,200.10241168477495,45.770816913385254,-0.651123575208311,44.365844743244395,0.8947368421052632
1.0,1.9494375,15.52094841003418,177.2660375563503,67.5174973084095,244.81070866093103,-35.856048583984375,-6.921858787536621,343.95733263937547,876.0680745587407,0.21659477055072784,0.09696541726589203,544.2186326108033,424.94410555142576,1443.90368852459,0.043368980532786885,0.014685613951312706,1.184,-224.45383410117194,44.27829864955615,221.73773703372146,24.237519673445885,-8.33222089338603,35.36405604646752,0.6229508196721312
1.0,2.166,23.93814468383789,159.38342748409298,68.30201283771977,229.73967099940702,-51.981971740722656,-9.124298095703125,306.0904314971883,904.2336972443287,0.12452368438243866,0.07641226798295975,514.8544187501578,459.1108735553066,1491.7279411764705,0.03577378216911765,0.015099987687978478,1.376,-272.3589357621624,45.02043720629481,213.2125183180627,32.792206087483954,-5.223512985220648,21.176678467820437,0.7941176470588235
1.0,1.9494375,16.17839813232422,218.06969318124652,76.2248511627881,257.8740616879158,-26.66291046142578,-4.549242973327637,310.86241052400436,885.253701629725,0.25617659091949463,0.12160613387823105,537.557711886274,424.0839589206231,1403.9446721311476,0.03315509733606557,0.007285268763286655,1.408,-224.52977128877762,45.23394020576791,205.82131745424263,30.450761444474196,-8.996616251646282,39.875647904345115,0.9672131147540983
1.0,2.243375,15.998008728027344,187.44566504807398,50.0,244.81070866093103,-31.457759857177734,-6.559582233428955,321.0168187253398,908.8882624047961,0.23868349194526672,0.08727432042360306,501.68233253523346,414.2359894101169,1340.2288732394366,0.03258417693661972,0.007397873556436248,1.824,-238.00546977957057,39.162179036725746,216.57460043467356,24.574685006155743,-2.6522820662092066,38.24532495310374,0.9577464788732394
1.0,1.3615,16.026758193969727,202.89794524031691,136.60402567543954,225.79288096122622,-24.332468032836914,-4.861205577850342,531.2901267655151,1041.8087801594186,0.31221210956573486,0.13331589102745056,608.0827485681651,458.4820225104486,1541.0610465116279,0.04907794331395349,0.019460825321735233,0.224,-183.25671106827002,36.89449736179137,256.754455817038,31.121307546294165,-24.667178921017086,31.718702919172593,0.6511627906976745
1.0,1.547125,15.504465103149414,192.076559599003,116.87772485612456,291.13063656843747,-26.508678436279297,-6.588184833526611,505.53683183666493,969.2369379432803,0.2863699495792389,0.11327323317527771,725.0688390140369,459.13252621475056,1570.7908163265306,0.068359375,0.025671159213753278,0.64,-177.729050241731,59.24611325038018,259.0631721159824,26.27302940893161,-52.88665588937628,44.700628668735675,0.9387755102040817
1.0,1.7328125,18.83791160583496,196.61608802153984,74.0548776143282,247.65527207548806,-36.76702117919922,-6.9919915199279785,473.8052589076144,1018.3233043441566,0.2993886172771454,0.11562132090330124,646.1361496545088,482.8666401331336,1593.1818181818182,0.04797585227272727,0.014606420024496487,1.088,-183.32077390789243,50.1839592214921,237.00606717700026,33.81436634820664,-35.468710026401794,31.693416763525274,0.7272727272727273
1.0,1.949375,13.098516464233398,252.30717818151356,225.79288096122622,281.2136583244699,-29.239665985107422,-6.755652904510498,385.5221606534406,928.1419270393759,0.2895604074001312,0.09357349574565887,642.606211737146,469.72958011776916,1561.9877049180327,0.04450563524590164,0.014237050107851014,0.128,-184.54419688709933,48.41529457370682,251.25212516414777,36.29066610880868,-39.48755337810746,33.08143062542656,0.5081967213114754
1.0,0.9901875,21.52693748474121,171.09652257453115,105.94630943592954,201.15858821357068,-27.021076202392578,-5.014066696166992,360.6460645128659,860.4188402073011,0.32241901755332947,0.18034784495830536,565.02844944466,449.4409298313138,1457.157258064516,0.04400831653225806,0.018097133722178246,0.256,-181.87919656781165,38.88108806875052,244.2695535483427,32.831641468394764,-13.188183590280863,21.774531785523806,0.8064516129032258
1.0,1.7173125,20.0614013671875,178.19654960297427,66.74199270850171,249.08992447176465,-39.81135940551758,-5.666416168212891,346.0265152292499,908.1885675109552,0.2863008975982666,0.13068699836730957,579.4825991102124,468.21851867598014,1558.4490740740741,0.038031684027777776,0.013475955301728576,1.44,-206.76330965630171,61.06651579074254,228.6652293602174,39.256051693518366,-25.90390486026206,33.81079054767189,0.7592592592592593
1.0,1.686375,17.603084564208984,188.97411697417152,67.5174973084095,244.81070866093103,-35.540977478027344,-8.505642890930176,351.8343186607274,914.8841341772455,0.19964160025119781,0.09673171490430832,595.3187591293075,456.0707840770917,1533.313679245283,0.04739091981132076,0.018461455593512845,0.768,-227.117252444939,43.93364253626255,231.3633597789889,24.24885625429811,-23.6702737732454,35.085690399279635,0.7547169811320755
1.0,1.5471875,17.419193267822266,190.73856023598336,60.15125180410583,229.73967099940702,-38.82878875732422,-6.300065040588379,371.75033375119693,924.9577467645053,0.2885546088218689,0.1140148937702179,590.4466498841962,469.3589760833127,1545.9183673469388,0.04223134566326531,0.015327620168568376,0.448,-207.04510472840985,54.613094999855726,235.78439376848291,42.308769132996595,-29.08565766908173,28.758609492361206,0.7551020408163265
1.0,1.562625,17.212539672851562,175.607182196128,74.91535384383408,231.07053937445463,-29.350919723510742,-6.913336753845215,423.1892799366935,962.8281577978961,0.20822753012180328,0.12246020138263702,632.8005067985213,479.1760402474284,1568.5586734693877,0.05277423469387755,0.026312847905837586,0.384,-202.30301097395127,39.32925204958946,238.03049832263397,23.975332734672183,-27.96738379197817,32.646912139454145,0.42857142857142855
1.0,2.166,15.941914558410645,263.21233837392566,170.13343219017113,279.5939868358039,-39.44278335571289,-6.153326511383057,339.0933066766184,864.3951730268865,0.26355770230293274,0.10532507300376892,627.6356759925338,453.0944400595337,1511.0294117647059,0.04443359375,0.018562622263326865,0.352,-214.98210302061162,48.933462777488614,225.20488742877433,37.63186641488762,-29.272737229420425,38.43120012778259,0.8823529411764706
1.0,1.8875625,18.0640869140625,191.14619572676753,64.09720409603644,257.8740616879158,-31.105405807495117,-7.304208278656006,396.5843845092334,984.0362084794742,0.26164764165878296,0.10830533504486084,623.9715401354697,474.13998162326544,1616.790254237288,0.04252184851694915,0.0122241630761145,1.632,-203.7570676512397,43.66713258356143,233.08245127455734,22.84463978890345,-29.97740339245522,34.45467124536879,0.9152542372881356
1.0,1.686375,16.004608154296875,272.9362656497198,123.82763603774404,381.93664156416656,-27.520511627197266,-5.428318500518799,391.0888949860827,955.0120783250222,0.31463661789894104,0.11757124960422516,666.7462558804955,465.1813363258333,1571.3443396226414,0.04639593160377359,0.012770384555390285,0.128,-174.31779107394985,44.62793792053233,236.87424148552853,26.149939946589942,-40.97956299123779,27.885775786532136,0.9245283018867925
1.0,1.2531875,18.65414810180664,186.521808946665,116.20455869578394,216.8453740602837,-25.500524520874023,-5.068695545196533,406.04626015673745,995.4749017307473,0.3005902171134949,0.18092745542526245,631.2118699618735,480.2475990948513,1580.46875,0.049267578125,0.03164571085427553,0.192,-177.61867208544564,40.77192266433756,237.73837332527964,37.962153344050684,-25.35269465629906,24.8003579809873,0.675
1.0,1.76375,15.292454719543457,241.43514981516648,67.90862219136606,400.0,-30.010738372802734,-7.109993934631348,357.8895553523577,919.0504942622159,0.27837464213371277,0.09448225796222687,607.5030950502057,458.7511555516895,1546.3169642857142,0.04584612165178571,0.020201106924655498,0.896,-196.63612795202502,49.3716530604671,239.37929471527454,26.979373404629726,-31.620953142810315,32.21105470100767,0.8392857142857143
1.0,1.6709375,13.366615295410156,215.16604687587125,196.56411970905023,284.4812036394563,-27.637836456298828,-5.382063865661621,440.97310084103975,1012.4571215897175,0.27663570642471313,0.10536880791187286,581.8777497710499,449.54611938533833,1479.3632075471698,0.04193691037735849,0.018148676555065916,1.312,-210.85004276484946,41.65050557935306,244.11058223278047,31.787883969555747,-23.913012452820915,43.32619254389097,0.8113207547169812
1.0,1.299625,18.35070037841797,150.45640816695888,75.34933407372878,205.86044732869837,-33.52863693237305,-8.26776123046875,436.4100507985934,960.4335218645447,0.19961166381835938,0.1198035180568695,521.5325888205086,450.4202325890582,1490.091463414634,0.04203982469512195,0.021165822826357872,0.736,-237.22618106694378,55.500055418237054,240.29891265807103,37.210785661143774,-7.293444582587039,20.763038270046245,0.9024390243902439
0.0,1.3924375,13.041032791137695,82.92714743518833,66.35758711692841,88.06658735961484,-23.662311553955078,-9.626742362976074,413.55711974982495,1090.3347673482594,0.2124900221824646,0.07291223853826523,308.84047222695216,379.94277011739746,1146.3068181818182,0.015891335227272728,0.006562099812393472,0.448,-277.16484702079083,22.464991171796196,224.68025758180218,20.85966132167884,19.798953066946424,12.490808501739659,0.9772727272727273
0.0,1.299625,10.400494575500488,96.52488462387085,70.71067811865476,106.56005016284841,-30.014850616455078,-10.516853332519531,401.71317977550035,1047.7789757936523,0.16345959901809692,0.059703849256038666,452.04891355106884,427.76733146718806,1411.2042682926829,0.036490091463414635,0.011602566722314089,0.352,-260.8083250366101,23.27600782156122,243.26284417693674,18.35907807744543,0.6135332928167602,13.978365514919046,0.975609756097561
0.0,1.964875,9.829307556152344,81.98085353850452,68.69768237290445,85.55950256826023,-34.66901397705078,-12.913121223449707,356.37811128481115,941.6127327849316,0.12487896531820297,0.04991986230015755,508.1817556457885,474.9326340736689,1494.4556451612902,0.03561302923387097,0.011194756812429207,0.672,-275.344931672485,23.536027407837288,246.94150116808416,14.38648163945556,-18.11762284481248,16.14388434617697,0.9838709677419355
0.0,1.0985,16.94509506225586,115.07025899088194,69.0956439983888,195.43199368684918,-30.816890716552734,-9.348733901977539,317.47934988242383,1016.1097109184519,0.18134213984012604,0.07938666641712189,470.58845635640597,456.86451756474,1444.642857142857,0.029715401785714284,0.007753986069379173,0.768,-243.16706183719248,37.79190495045357,239.8046587779183,26.65116712704625,-1.0936675563783314,17.95854434696529,0.8285714285714286
0.0,1.1913125,20.778329849243164,95.58023342916844,65.9753955386447,109.05077326652577,-36.892364501953125,-9.827013969421387,320.9618960120461,970.6151506884016,0.18379110097885132,0.084819495677948,466.0351540313779,484.0711295650129,1506.1677631578948,0.028500205592105265,0.007974193003478439,0.576,-257.4533624912575,49.90801883761675,240.54285559679676,32.41662091228604,-3.256882456611586,21.534716707246304,0.9736842105263158
0.0,1.8101875,15.982359886169434,91.67427632360032,62.27248111794115,102.3373891996775,-40.47562026977539,-14.46761703491211,298.89591338580635,966.7485787694446,0.1008024662733078,0.04438575357198715,528.0181824439182,495.50850613295313,1524.671052631579,0.03476219846491228,0.01058743895101863,0.768,-288.10206823594916,25.558809316492688,241.6984067172347,18.193067019440473,-13.639623405937229,15.325383761075704,0.9824561403508771
0.0,1.3150625,17.076366424560547,94.85556384669843,69.0956439983888,105.94630943592954,-34.7752571105957,-11.86800479888916,311.028452260394,944.3249117146497,0.15159441530704498,0.063137948513031,468.37060187461975,467.70684006710405,1427.455357142857,0.030389694940476192,0.008815380933042162,0.8,-268.9853040580796,33.80547976850763,245.96337599537608,19.337756637381972,-7.47480637477633,19.483603987185734,0.9761904761904762
0.0,2.83125,16.109596252441406,94.4838007003841,67.12862513901318,107.17734625362931,-40.78144836425781,-14.897075653076172,319.6336153218215,991.3353825067128,0.09205444157123566,0.03684360533952713,536.1069520072738,499.8916355847405,1554.073033707865,0.03997322682584269,0.010952887819180978,2.144,-308.92689371988763,31.163345886283427,250.12306545656259,20.243624353931217,-16.271843498999985,13.532463577878582,0.9662921348314607
0.0,1.160375,16.184078216552734,86.00872864215198,66.74199270850171,95.48416039104166,-33.75033950805664,-12.454469680786133,351.2406785185434,1009.0698332611565,0.15044449269771576,0.05882146954536438,527.7238725490766,516.5676404044195,1575.168918918919,0.03515625,0.013011152087838786,0.544,-260.36289970790307,31.456841805665036,259.38732438280385,24.65459144580398,-18.274565606424822,12.021077908507092,0.972972972972973
0.0,1.2531875,17.996143341064453,89.27651607881837,72.78265914210937,112.2462048309373,-35.755558013916016,-12.580551147460938,399.08674442235036,1065.7106921337383,0.1364322006702423,0.06919825077056885,453.0079441834849,484.11285397826634,1530.078125,0.027587890625,0.009555228666386972,0.768,-278.3475992423284,28.488824861394495,238.39251463610108,22.475373752691553,1.2373645510951508,11.310173187830827,0.975
0.0,1.0675625,14.943115234375,83.78473267826202,67.12862513901318,89.60596419119524,-35.372108459472656,-11.390103340148926,334.88956833894485,1039.9649662812217,0.1845778226852417,0.05936649069190025,504.1716859845972,506.6822097526917,1545.9558823529412,0.034466911764705885,0.010635988596651751,0.48,-241.4944678635619,34.40585057640731,256.71947250509896,20.50966290168837,-25.076680879613743,17.870824422499688,0.9705882352941176
0.0,1.1913125,16.3865909576416,103.62958948038094,77.11054127039704,113.55044290708773,-34.372222900390625,-14.290225982666016,382.85558569591393,980.9932553517201,0.11488606780767441,0.04790661484003067,540.7588801002715,518.3046898532708,1626.6447368421052,0.03931949013157895,0.01690073086921255,0.608,-282.64594916741305,41.25650245441477,244.3755068813733,29.520329203640646,-12.629424825667192,24.999417656810444,0.8947368421052632
0.0,1.50075,12.169941902160645,96.98315126885136,70.30341458111748,115.5352696872273,-46.04684829711914,-13.202911376953125,474.6179091192082,1047.7805284975827,0.1471102088689804,0.04721949249505997,563.4517447495158,481.5852254816309,1567.4867021276596,0.04585688164893617,0.01914613401142599,1.216,-256.1814262588856,46.25969603254255,259.1100612499708,28.830175947233354,-21.553296016966687,23.654864216806235,0.9787234042553191
1.0,1.1635,20.015193939208984,445.53257463552467,244.81070866093103,486.80140546823634,-32.578346252441406,-7.743863105773926,488.79571522482985,1126.8394044242575,0.2086443454027176,0.1130853146314621,668.0421082912737,433.3750540577689,1541.8074324324325,0.06139146959459459,0.014690013777274849,1.024,-250.87245964153246,29.284387865494494,211.91789775555102,28.542675637701954,-26.263087479651514,22.434549804727496,0.8918918918918919
1.0,1.7911875,31.049732208251953,307.6205934217555,72.3634618720189,486.80140546823634,-42.218772888183594,-5.686609745025635,463.6705124961525,1098.4370267117629,0.18122486770153046,0.16710080206394196,622.2420970439099,431.4342807845306,1533.203125,0.05226353236607143,0.022225411852114067,1.344,-267.24063579979935,81.26840032145887,184.66800448632748,44.42932118664967,-16.799161970279204,52.71180495213691,0.9285714285714286
1.0,1.99025,30.58018684387207,224.90016888419166,78.45840978967507,259.3679109302019,-42.615779876708984,-5.33077335357666,448.6343692973228,989.3576236885074,0.23863625526428223,0.21226319670677185,619.1396269612211,442.396297562772,1519.593253968254,0.05226934523809524,0.015077581594957012,1.44,-238.83206043227662,101.97582244639074,217.47272636996072,60.755517260408695,-17.308257721686257,42.91040784739194,0.8571428571428571
1.0,1.4696875,19.644933700561523,191.19362098805024,115.5352696872273,250.53288772482563,-29.846284866333008,-4.392510414123535,441.2553255599376,1019.8702656505742,0.24814827740192413,0.17833949625492096,659.7233784177603,429.6106299070835,1523.0978260869565,0.056768002717391304,0.027405555919158147,1.12,-222.16950311401877,60.34435970170318,206.94165124489024,41.14950284468582,-24.516723026848684,36.71227429805999,0.9565217391304348
1.0,1.576875,25.168502807617188,358.4718837542081,223.1994285260446,489.62141732186205,-37.158626556396484,-5.507037162780762,460.35869460004784,1041.4985883289555,0.22606562077999115,0.17138035595417023,674.6452629401508,439.3175063578247,1548.75,0.06267578125,0.020266144898039202,1.152,-238.70500238812755,80.35673673009764,207.8082119090624,45.62093681316028,-25.90907602714604,51.57765425363163,0.84
1.0,1.5921875,30.40513801574707,311.57573334850997,76.2248511627881,483.99763568771704,-42.26500701904297,-3.76548433303833,429.2255141418091,1022.3614952056814,0.2786506712436676,0.23589763045310974,662.7510796632101,460.40059746333856,1563.125,0.0539453125,0.01742397689114414,1.312,-221.293410288902,93.79550038669483,210.12839614756263,56.26093386145744,-25.43820255125104,43.76982462653873,0.86
1.0,1.4085,25.035486221313477,329.0502484536979,214.35469250725862,462.14107874890925,-32.82046890258789,-5.003334999084473,404.53220040275346,1036.659511532356,0.2641463577747345,0.15807761251926422,664.0534897270999,465.8616567996201,1582.638888888889,0.0533203125,0.021193781268920055,1.024,-218.3923327635335,62.0569310529907,210.9847443443037,38.716037913217214,-26.565058429114455,43.97151135061522,0.8
1.0,2.0055625,27.1357364654541,269.31545189564594,76.66641723348003,433.6907481205674,-44.22319793701172,-7.749400615692139,430.80765764998273,1015.6988556196837,0.10351217538118362,0.09926362335681915,506.88928644133847,392.6793673165591,1407.986111111111,0.042472718253968256,0.01386851158815333,1.664,-306.1854153092716,61.19175208781902,189.0426503318028,42.31268945651232,13.001670962029003,24.03022953814451,0.7936507936507936
1.0,1.6840625,28.882638931274414,351.2887445061895,68.69768237290445,489.62141732186205,-44.02119064331055,-5.052592754364014,451.2279521215518,1115.5528762118477,0.2099778652191162,0.183295339345932,619.2418226650894,414.9218451073958,1419.811320754717,0.05466907429245283,0.01545302917069728,1.472,-250.34704146752284,76.31670084142353,192.1318608964534,41.22750899263041,-12.099264586103116,50.47761994366247,0.7924528301886793
1.0,1.4696875,20.298324584960938,301.3185858778468,86.55365610061429,446.3988570520892,-35.60765075683594,-6.2323455810546875,450.7614299193794,990.522623634326,0.187083438038826,0.14698240160942078,574.0371365737419,392.52987667536365,1423.233695652174,0.050271739130434784,0.01803538337197279,1.088,-249.7776188206717,50.326237511417965,193.08432674673654,26.02036092751284,-1.6753477989301497,42.27745939610251,0.6521739130434783
1.0,1.5921875,29.37455940246582,440.7347664389128,379.7368483802076,456.8329357243087,-36.68491744995117,-5.419672012329102,430.00270429629353,998.6632135847325,0.23022033274173737,0.18296359479427338,560.1486389561812,389.4333502340735,1369.6875,0.0494140625,0.013077189239969296,1.184,-249.0640086944357,78.0566442261307,197.77819656855254,45.750050428683096,0.007176215038462885,47.1443826318696,0.46
1.0,1.54625,16.94659996032715,241.47326716272252,198.8480847635095,317.4802103936399,-26.807992935180664,-6.687474727630615,456.0046145108742,947.7066446493669,0.2459808886051178,0.1281787008047104,565.605065375989,407.3721065583784,1422.1938775510205,0.05247528698979592,0.01741099990800938,0.992,-209.8586175574446,66.43340899346273,251.68732255760725,35.34205900419746,-7.379752808197284,39.45641264304883,0.5714285714285714
1.0,1.1635,23.764265060424805,426.20778696431455,388.61277646144237,459.47934199881405,-36.849510192871094,-6.4877705574035645,460.1855062162005,873.5527646650835,0.2451649010181427,0.15137769281864166,588.7575808315256,393.2725782174703,1418.0743243243244,0.05785472972972973,0.013939609369178842,0.832,-229.86848848856013,71.63732043281595,255.70605054549648,45.92909343253101,-2.734013095311443,32.750461979956704,0.35135135135135137
1.0,1.4390625,13.808395385742188,216.29974489651863,71.53229662176292,397.696169527019,-24.71828269958496,-7.9273152351379395,466.69357516349027,802.8858371095336,0.2400924116373062,0.0941607728600502,578.0215841239849,371.04272161676295,1367.7083333333333,0.05813802083333333,0.013038074522769253,0.576,-223.24832935791395,41.74782946149233,262.3146669994336,22.837968222288147,-6.454516163067231,34.13046420770017,0.37777777777777777
1.0,1.898375,23.006553649902344,201.1084973287544,76.2248511627881,303.14331330207966,-36.6999397277832,-7.150031089782715,495.90848332863817,930.3072433587799,0.19516409933567047,0.11919955909252167,555.1841204066484,372.9008847516142,1321.875,0.05548502604166667,0.015381496624805993,1.728,-245.39431668246192,69.08290486528603,243.01672329182932,36.8226390122328,-0.6035076834432664,42.42770415684356,0.8
1.0,1.898375,26.73815155029297,266.8019731020213,247.65527207548806,282.842712474619,-46.241947174072266,-6.498713493347168,519.2353577776403,912.0467560412384,0.2622510492801666,0.14397597312927246,710.591514858225,425.595276663352,1546.6145833333333,0.07431640625,0.021922831240095465,1.6,-187.05976290291056,77.9721713780336,246.4114557919899,40.66556438647068,-38.585886653633985,42.258344771687064,0.13333333333333333
1.0,1.515625,23.355981826782227,230.48896558336776,161.5148333600084,352.26634943845943,-35.0516242980957,-5.809386253356934,495.6206166936134,847.2048973403116,0.23307271301746368,0.164836123585701,684.0650303888173,413.1366555500108,1487.3046875,0.06793212890625,0.01591715274271633,0.896,-210.23268402557574,67.65290000368394,223.0587172249153,34.683841420145214,-29.550954531547813,44.52387474787193,0.6875
1.0,2.097375,21.376800537109375,229.2056866032581,157.8258294677283,324.9009585424942,-34.31796646118164,-7.343642234802246,522.9776660284987,958.4314624820032,0.24692697823047638,0.1317262202501297,700.9798298105584,423.79488222959196,1560.3693181818182,0.06976503314393939,0.020579645672823558,1.28,-203.75973853803305,72.60465561455725,250.80911205360744,35.939010827043575,-39.12353237415643,43.73685773559381,0.6666666666666666
1.0,1.2400625,16.242019653320312,,,,-25.455883026123047,-6.142506122589111,545.3708284250043,1085.3304283552636,0.29884210228919983,0.13109631836414337,604.9209402308674,419.9978345373,1518.8301282051282,0.058243189102564104,0.012214265043127543,1.056,-181.88359510478406,38.183840078052654,266.748388760239,33.22905555282257,-18.26055402767053,20.67540322816889,0.0
1.0,1.4085,21.700775146484375,242.66870945037408,175.11872228117704,304.8994046511524,-37.86159133911133,-7.880653381347656,412.3481473715042,894.8841387731819,0.17408838868141174,0.11586656421422958,549.7521600649079,405.2192602329947,1403.125,0.04815538194444444,0.02048332928234815,1.152,-264.415798323571,67.76515198445246,228.3058693012983,37.97964636288032,-8.665773547053607,39.20828730124202,0.7333333333333333
1.0,1.66875,16.875900268554688,194.93636368263637,136.60402567543954,330.5801272616847,-33.35145568847656,-5.4393391609191895,504.9678695760035,953.0943858519962,0.24016857147216797,0.11697392165660858,667.8049709375942,420.8737764903602,1540.683962264151,0.06198408018867924,0.015770123807231116,1.376,-213.58245870648037,57.63891934273197,236.2098676030979,28.523058519487787,-31.69056047111425,39.66856201811449,0.9056603773584906
1.0,1.7605625,24.92559051513672,186.84184822731387,67.5174973084095,303.14331330207966,-41.9559440612793,-9.093011856079102,476.4082548550611,982.711125557802,0.1234528198838234,0.11899464577436447,594.9574528744631,429.31724373050423,1462.3325892857142,0.05803571428571429,0.03072452551901887,1.376,-295.1001883640676,85.22223266107926,212.03736904662063,48.71199081751675,-10.326254929287156,46.92644947964761,0.8035714285714286
1.0,1.4085,28.17386245727539,359.0219686815615,281.2136583244699,404.647776120769,-40.86431884765625,-6.95362663269043,488.18687457876894,915.4797247591229,0.1703728437423706,0.14591795206069946,686.2211188017944,414.0086554334875,1454.1666666666667,0.07339409722222222,0.026212780561937547,0.96,-249.6751468639827,81.19843678823389,224.1424422884596,42.201124535754374,-27.92916239970933,48.231345714584045,0.3333333333333333
1.0,1.4390625,34.39738845825195,319.8968427348839,202.3238880603845,416.5048610139225,-49.11188507080078,-4.183623313903809,489.8216833802982,908.5367385632279,0.22443349659442902,0.19225990772247314,673.838642125671,407.859073419483,1522.5694444444443,0.06870659722222222,0.022486073981465127,1.056,-250.38901717856854,90.49133416983744,225.0970139466858,49.09137750258531,-26.521374677399933,48.58980714930405,0.6
1.0,1.286,26.6329288482666,334.98381377749837,294.5134116201051,384.14917802040173,-38.701255798339844,-5.134494781494141,556.4663282048128,934.0997198644749,0.22546908259391785,0.1814684271812439,678.8159310008417,394.15622607701135,1487.8048780487804,0.07224180640243902,0.022255978263741726,0.928,-217.6593732620274,75.96930371388714,220.84900257941632,39.65744484767029,-20.912491720592183,41.72332903027905,0.1951219512195122
1.0,1.3625625,30.78923225402832,300.6581485743292,262.38162088748976,340.26686438034227,-43.487579345703125,-5.585129737854004,523.6660810440918,932.3370082413227,0.20147722959518433,0.18124285340309143,693.613209922058,413.694479894657,1501.8168604651162,0.07028978924418605,0.024649112309822637,0.992,-236.68598117898952,87.15564944649448,213.79317449097542,47.17843866695525,-23.918408173142033,47.22705392810799,0.20930232558139536
1.0,1.714625,32.450931549072266,59.37523510993026,59.11788930135741,59.80480608687019,-41.063758850097656,-5.070322036743164,582.3736837172571,995.4895222825875,0.2847006916999817,0.19276399910449982,746.1624945783598,435.77784708904295,1622.1064814814815,0.07886646412037036,0.020552488664012814,1.12,-187.60718298120025,91.022841754549,247.78097497259847,48.995677565532205,-45.40212264579581,43.289705252572396,0.07407407407407407
1.0,1.22475,21.996915817260742,315.9722221041664,257.8740616879158,377.54972507267735,-36.02404022216797,-9.725529670715332,489.4800978156518,912.9821247372178,0.1521160751581192,0.10816475749015808,682.0664754550237,426.9072891627788,1513.2211538461538,0.06743289262820513,0.025978942814232873,0.576,-271.78091177379184,70.78569512495596,238.4038216280388,34.170453757297096,-30.897423422820392,51.21299199485587,0.46153846153846156
1.0,1.4085,21.777706146240234,290.6399826835164,239.21922434748075,324.9009585424942,-39.20058059692383,-10.0242338180542,447.5345840575132,875.6555856400059,0.14890120923519135,0.09868999570608139,622.284985902956,419.44102644188285,1494.4444444444443,0.05961371527777778,0.02696519609704665,1.12,-282.62704263478827,59.09422228118887,225.20052629446937,29.330544460614778,-14.332329378716139,45.68951798902674,0.6444444444444445
1.0,1.6075,29.652299880981445,145.79261113834818,70.71067811865476,263.9015821545788,-45.87747573852539,-11.26351547241211,458.7881310086662,987.4653917056067,0.09288809448480606,0.08593933284282684,601.1310202327229,424.8904572054402,1464.1544117647059,0.05744485294117647,0.027945567948262445,1.248,-321.67471080406546,77.49343085683283,224.00226607699915,40.678555421451755,-9.63403669396173,47.573195808090716,0.803921568627451
1.0,2.128,25.408843994140625,158.56643149189102,70.71067811865476,292.81713918912504,-38.337398529052734,-11.026714324951172,486.53587549983877,957.4873177204095,0.09438826888799667,0.09158731251955032,534.1737206093263,375.9139030517802,1272.8544776119404,0.05054804104477612,0.025829199610073725,1.568,-326.6504968243292,75.50414925811559,208.03009536672033,44.12637078708246,5.977048173272366,43.607570640526774,0.6865671641791045
1.0,1.699375,23.454017639160156,261.42034186554326,89.60596419119524,360.5001850443321,-36.504085540771484,-9.029693603515625,494.601307581132,1088.3036688199227,0.14168371260166168,0.10627429932355881,549.2584665550008,380.71370206689306,1356.1921296296296,0.05130570023148148,0.024320359069815913,1.472,-277.3910441835747,65.79821091633578,207.33042098019328,40.27996872049166,3.2179679734288538,36.95282201540834,0.8703703703703703
1.0,1.775875,26.74614143371582,145.20989073009923,69.49591099211685,350.237444562354,-38.491416931152344,-8.464258193969727,453.88658348679064,935.7528142339812,0.1082417443394661,0.11088439077138901,508.08360376511126,368.93338161009535,1227.6785714285713,0.0465087890625,0.021722881633771046,1.248,-305.8934181523295,77.87938154055044,199.12740082137472,46.52849533363956,13.821905258308972,42.02706969511834,0.6607142857142857
1.0,1.454375,25.855016708374023,370.02283861968306,362.58854137124416,377.54972507267735,-40.991878509521484,-9.985267639160156,454.8765514086897,911.366464643006,0.11210836470127106,0.09052929282188416,660.349216335322,420.7204748079716,1466.3722826086957,0.06608780570652174,0.022585252277956477,0.992,-286.3670401080835,63.36866011242215,232.64307167659325,30.494950381367598,-24.088743375360647,48.75553232197391,0.17391304347826086
1.0,2.0208125,26.47637367248535,362.8490368020198,73.20428479728128,729.3779908465734,-39.272743225097656,-6.410078525543213,590.0513722136149,1060.1880903737926,0.18602800369262695,0.16628706455230713,752.7146730928031,450.37295842396935,1608.642578125,0.0802459716796875,0.021690458551811616,1.664,-224.299401919153,81.7833160572362,224.92263966783452,44.74873960921949,-36.06554687681114,41.47499698626635,0.421875
1.0,1.194125,18.910125732421875,,,,-35.360023498535156,-10.630488395690918,604.8075675474862,937.954297242111,0.1465272456407547,0.08349118381738663,801.8420078428562,433.4026410664206,1550.1644736842106,0.09174547697368421,0.025025191783707733,0.352,-257.1921157607938,58.48465781604493,257.29402942586665,30.10164804116284,-60.221876549778386,36.54474701032076,0.0
1.0,1.7911875,31.06389045715332,261.65740485534275,81.695772662055,356.35948725613576,-48.971107482910156,-11.252904891967773,389.1583004021599,931.8975647113866,0.0790712982416153,0.07833412289619446,586.8864810082863,410.6317235386056,1406.529017857143,0.0537109375,0.018517938231403512,1.376,-320.41510443890365,64.44805319006373,185.94964330763747,35.878282616670205,-1.0299422895464265,41.7670201438143,0.8571428571428571
1.0,1.6228125,26.624431610107422,262.9782733237447,123.11444133449163,377.54972507267735,-36.609580993652344,-6.454380035400391,508.2224674795814,979.9473694935413,0.18520870804786682,0.16588591039180756,690.4424199845486,404.9913558858094,1498.1617647058824,0.07123161764705882,0.024752488756464183,1.28,-251.16839989411957,85.02224206248847,235.085012267419,43.481670332457035,-31.503033373226927,47.24698069568655,0.3333333333333333
1.0,1.485,27.084962844848633,253.88228264442586,179.21192838239048,362.58854137124416,-41.69044876098633,-6.408537864685059,473.32273012968386,951.1926776796181,0.20417910814285278,0.16621588170528412,656.171194100814,430.96320665839465,1532.5797872340424,0.06114943484042553,0.018071659708583272,0.96,-237.87749998586534,78.3315150411603,213.86707075338788,41.11620520673944,-19.396054565382318,44.53280789413003,0.425531914893617
1.0,2.18925,34.71829605102539,257.32844706045586,62.27248111794115,443.82778882713797,-54.87748718261719,-5.2407050132751465,485.6527114846206,914.7871255908418,0.18606460094451904,0.17171703279018402,697.7095837884924,426.49735818228464,1512.6811594202898,0.06902456974637682,0.01962408076187779,1.536,-250.57395295732223,88.01188122120553,217.13439925137473,51.13658101814242,-25.390416971799482,41.884919875188835,0.391304347826087
1.0,1.66875,28.241222381591797,86.35139394831562,69.0956439983888,98.2820598545251,-38.672481536865234,-6.427150726318359,546.437313350218,913.6456123309002,0.20124822854995728,0.15764370560646057,680.2688980335677,402.97143667770194,1467.2759433962265,0.07082841981132075,0.025010480140554122,1.216,-240.46577462418452,80.08689183596252,229.58742264202758,41.138914958950295,-30.04184761861234,48.03746484551044,0.41509433962264153
1.0,1.54625,27.16373062133789,337.6771946427335,70.71067811865476,448.9848193237491,-36.90304183959961,-4.582944869995117,451.68431471871963,980.2042387765265,0.1671173870563507,0.16576583683490753,594.6985047753932,407.43850922879267,1442.920918367347,0.05345184948979592,0.02012101396681096,1.216,-260.343615831594,72.22528962681903,198.66789582604667,41.04673734951206,-5.470060313447951,45.74292827422834,0.5714285714285714
1.0,1.54625,26.139394760131836,315.07557663741034,192.07458901020084,411.72089465739674,-38.507076263427734,-7.245791435241699,471.1913065808505,963.3715127184704,0.15933382511138916,0.12135961651802063,644.0833058830199,429.9782936179482,1556.7602040816328,0.06002869897959184,0.02438742331786549,1.056,-265.6549799011993,59.6444739936805,193.06824843937682,32.555682559157624,-12.857753240987462,43.96372998196105,0.6326530612244898
1.0,1.5309375,25.03253746032715,156.89849371047876,69.89849670895097,312.0260904053494,-39.71995162963867,-8.681357383728027,505.2961679910259,953.1960234518234,0.1339283585548401,0.11240886151790619,611.1864049955457,396.0177397009993,1439.453125,0.0653076171875,0.036102350814831964,0.864,-285.25884686912565,68.67543888890448,214.27259465987632,41.305905262079044,-6.276196777191328,41.798129814175425,0.7291666666666666
1.0,1.9749375,25.60898780822754,239.89176408003902,68.30201283771977,332.4951584571151,-43.59718322753906,-9.464692115783691,431.5290074825221,882.2323138064949,0.10523302108049393,0.10127012431621552,519.9526255709184,366.1697651330976,1275.2016129032259,0.04936365927419355,0.025797900967537195,1.472,-317.3052504013478,71.79623320576465,190.83135339554144,43.25009803856706,10.54707684249589,43.18472846371262,0.7741935483870968
1.0,1.775875,28.03866195678711,317.7959213522045,268.51450055605267,366.80161728186846,-41.81690216064453,-8.636495590209961,515.0039115227106,1029.3112343290636,0.13776497542858124,0.1041015237569809,697.7923715796602,450.2446140781311,1527.9017857142858,0.07097516741071429,0.025494445585104216,1.472,-255.89652130183717,70.58033332273132,227.28231092865965,35.10853051143486,-27.875542211697958,46.03968760447077,0.4642857142857143
1.0,1.255375,20.890138626098633,263.56274075146143,142.24060181972814,340.26686438034227,-32.235313415527344,-9.906731605529785,386.3221949120634,778.541864899193,0.12877832353115082,0.09644424170255661,524.4047840870492,359.9916700935761,1282.8125,0.0502197265625,0.01898765943710159,0.768,-300.0120785571563,61.45157466820625,238.22624743977627,36.08804790801828,2.7837368613523266,33.510195519765894,0.725
1.0,1.8524375,23.31496238708496,262.4302921658263,67.5174973084095,338.3070714525794,-43.17402267456055,-9.059507369995117,454.6130029213163,923.023520753754,0.13583120703697205,0.09945843368768692,604.9081268317252,394.7513110594808,1414.3318965517242,0.059098868534482756,0.024824964414116184,1.472,-278.8402915316888,58.04753969139736,213.85579910914424,31.921236169339497,-5.981208951763961,40.10629736405996,0.8448275862068966
1.0,1.6075,31.621219635009766,241.24529018100694,123.82763603774404,334.4212833154038,-52.19671630859375,-6.936216831207275,521.127350235124,1055.3858045385493,0.16658172011375427,0.14486312866210938,707.2480101496066,441.00757701367246,1532.7818627450981,0.07040824142156862,0.025714998051287692,1.344,-241.3314282961332,77.7811256228914,212.3989526607976,43.275490834784826,-24.301260774097926,46.49274651707718,0.47058823529411764
1.0,1.7605625,23.38975715637207,280.6975472715982,65.59540522187244,388.61277646144237,-46.607261657714844,-10.202756881713867,468.9759385918673,964.7800719067809,0.14466986060142517,0.10036198049783707,673.5160560979724,445.83895438576644,1498.325892857143,0.06016322544642857,0.01957451834966388,1.184,-258.5634105132205,57.72198043804167,219.26035884342946,31.512806159347225,-26.994864278508487,36.683539034136096,0.7857142857142857
1.0,1.5003125,22.963960647583008,307.33700296063387,128.1944081920729,384.14917802040173,-37.058624267578125,-7.168221950531006,541.9440733126193,953.6095629738057,0.19814592599868774,0.12286589294672012,684.2840226086106,401.9063805291195,1496.0106382978724,0.0718292885638298,0.016860259163525994,1.184,-229.65441785921087,51.25088957712197,236.2261059983875,23.691651600449745,-27.097040572291284,41.83000531684016,0.6170212765957447
0.0,0.842,12.37858772277832,98.24902281827073,73.62835290502629,112.2462048309373,-28.089035034179688,-11.113147735595703,395.1951952277136,1043.7806430449366,0.14119628071784973,0.06471134722232819,523.08496727494,461.5135330073202,1488.4259259259259,0.042896412037037035,0.012704840636096806,0.672,-252.54978358768972,23.396305461206403,249.8943048980662,15.490156986173515,-0.6664392575692047,16.922455204127697,0.9629629629629629
0.0,1.1329375,15.932022094726562,133.72292068105338,68.30201283771977,146.40856959456255,-31.157642364501953,-9.761602401733398,464.297098608461,1077.7883438001745,0.1295785754919052,0.09735800325870514,612.3846379608121,443.41383996992914,1448.7847222222222,0.055094401041666664,0.014990534798382978,0.448,-253.8933951240424,31.155342813590263,233.29323188531038,19.693792504936628,-1.731731827039771,17.753238556609897,0.3888888888888889
1.0,1.77725,7.286501884460449,325.6924116277902,266.96797083400685,356.35948725613576,-21.99650764465332,-7.068140029907227,462.51213157328266,1028.3143959034537,0.31120723485946655,0.07178501784801483,637.852600425263,424.89238127226554,1448.6607142857142,0.05315290178571429,0.013396126484329706,1.12,-177.00766774321286,42.02917440627963,268.7293329069103,23.968448918233502,-30.91046102633178,46.69390543589054,0.5
1.0,2.0628125,9.54918098449707,298.76592497123414,196.56411970905023,332.4951584571151,-19.393808364868164,-5.754807472229004,343.59086041137834,940.7161851903348,0.31749457120895386,0.0957942083477974,603.963947731824,432.25087692625743,1444.2307692307693,0.04130108173076923,0.007565822944475651,0.064,-191.09042169799204,46.47794904428744,235.82810342360713,29.569392781499975,-26.57735146252698,39.214759538464754,0.8923076923076924
1.0,1.47575,19.108131408691406,273.9113051013223,97.71599684342459,350.237444562354,-29.810832977294922,-4.948503494262695,441.6793268498036,914.3774155364384,0.2947453558444977,0.16696155071258545,570.521558055979,408.83295328654617,1403.2579787234042,0.048059341755319146,0.017735490028124627,0.96,-205.29294635921156,67.12269937535575,249.6171390119471,33.76910104626948,-9.094942619222264,49.36803380267297,0.5531914893617021
1.0,1.8089375,15.279826164245605,304.1835009648635,265.4303484677136,326.78309064822,-32.40364456176758,-5.999443531036377,371.1118613734384,937.8932079656934,0.26787039637565613,0.11447220295667648,543.675092694841,392.01352753654163,1320.7236842105262,0.042883086622807015,0.011514636512847145,1.28,-228.86403857279953,54.2856199583079,230.7747071942023,34.09795338142329,-7.327223974462113,47.93779235786532,0.7719298245614035
1.0,1.697875,23.225635528564453,330.9246487324837,296.2195104573129,350.237444562354,-37.774234771728516,-5.829031467437744,469.102974007528,940.8502070398249,0.2796034514904022,0.15682314336299896,632.6237830446989,416.8877143756942,1436.9212962962963,0.05808738425925926,0.01800470681987405,1.184,-197.69306807953137,78.9467034242657,261.9344045651118,36.483459666736074,-27.436442560056555,48.829389799719785,0.2777777777777778
1.0,1.8406875,16.6791934967041,278.2883936222441,167.2106416577019,344.22057489773204,-25.810543060302734,-5.759170055389404,411.43852268529554,933.0959507973322,0.33273255825042725,0.11496227234601974,643.045630713807,440.7441247004767,1499.4612068965516,0.05362675107758621,0.014857174414170166,1.312,-174.83849859737916,54.81765861539515,261.0138289960561,26.946626053174533,-35.81759795795803,37.93022607995294,0.9482758620689655
1.0,1.5074375,20.435428619384766,230.81656506667858,68.30201283771977,336.3585661014858,-28.90861701965332,-4.11465311050415,368.45031434469564,959.6760326905041,0.2978874146938324,0.1727219820022583,539.5718646100282,385.48394447253014,1281.5755208333333,0.042093912760416664,0.009610254063151687,0.736,-205.95601848301348,74.54347973512266,240.97566767680988,34.22365835525843,-4.392386560679237,49.82310708684693,0.5625
1.0,1.999375,24.656780242919922,192.04091249321976,50.58097201509612,344.22057489773204,-39.71670150756836,-5.687706470489502,376.3452020899674,960.8182920849708,0.2729739546775818,0.1462354212999344,610.2664354161761,447.70308540035387,1490.8234126984128,0.04651847718253968,0.013512953712700271,1.024,-204.28812131183855,75.9028136144669,243.95581278058577,42.53770524805047,-22.103768459184195,45.59403932997747,0.6666666666666666
1.0,1.8248125,18.000267028808594,233.35147359462135,193.1872657849691,340.26686438034227,-31.135589599609375,-6.2342305183410645,363.5874040036509,967.1800763625939,0.30163276195526123,0.11582549661397934,614.4394006018132,454.8875687644596,1504.8491379310344,0.04264884159482758,0.011180780980254618,0.736,-186.47140449926493,68.89390913196293,253.43327660685483,33.34648850625787,-30.38903376941152,44.4784124577108,0.8275862068965517
1.0,1.6344375,21.681100845336914,96.29689170387064,57.10411696553857,136.60402567543954,-30.641544342041016,-4.889665126800537,382.67988658143895,910.6168428735155,0.3007049858570099,0.17489475011825562,575.427594466847,402.35747973218804,1363.28125,0.04535381610576923,0.012332458772047236,0.928,-196.9732766039613,83.01160362009173,256.250882136095,35.523041462518215,-16.87442044420024,51.15306203740289,0.5769230769230769
1.0,1.682,14.730292320251465,246.5340027986947,216.8453740602837,281.2136583244699,-31.435199737548828,-6.339104175567627,405.8224334188985,961.8873118840351,0.3327234387397766,0.11908157169818878,631.5570326153546,453.00928407749376,1507.370283018868,0.044350678066037735,0.012126887506073603,1.152,-169.89565974590835,53.29561372302805,264.8980937779436,27.251847366585224,-35.76513476497383,37.614988611146,0.6037735849056604
1.0,2.0945625,27.38082504272461,162.32960034736456,71.53229662176292,228.41646786215435,-43.78193664550781,-6.883058071136475,406.6950101255804,979.2312457521989,0.2388310730457306,0.1504441499710083,590.5146111072653,447.800571496745,1492.4242424242425,0.04339784564393939,0.010609721505633846,1.152,-209.91112201254512,87.68275580014688,241.94735682501008,44.97609504889156,-14.33265180993813,50.039691575687705,0.7878787878787878
1.0,2.0786875,18.32099723815918,132.01398907875742,53.588673126814655,277.98364396846745,-34.10908126831055,-7.1187424659729,408.8743103377497,963.6006583640019,0.2845231890678406,0.12388866394758224,599.2847665832215,425.5048259777873,1435.8173076923076,0.04737079326923077,0.012078953184995099,1.312,-185.66516543887786,76.19585326908917,268.6689148338451,37.7872568460521,-26.698220221850992,43.35107459562321,0.3230769230769231
1.0,1.8724375,20.8116455078125,204.02161098043447,98.2820598545251,281.2136583244699,-33.513580322265625,-6.454989433288574,383.4757219772047,942.440507894129,0.28200972080230713,0.1323716789484024,586.7278322730238,440.13871334783136,1452.3305084745762,0.03919491525423729,0.008655555320713177,0.608,-193.96719148045256,75.91529985213721,249.2031450993198,36.494557852078465,-18.815093595236156,50.63602592217457,0.5932203389830508
1.0,1.999375,22.7662296295166,116.3402795923851,90.64713534281104,139.79699341790194,-31.699295043945312,-6.431163787841797,389.7593249180477,931.4304950529486,0.2621086537837982,0.1663159281015396,542.5031455792712,411.5018593899099,1377.9761904761904,0.04034908234126984,0.011274795517839798,1.024,-213.64667616716582,93.36279894427942,249.18540781597798,47.84267321126979,-5.6957684481176525,52.773142175078526,0.3492063492063492
1.0,2.047,29.223100662231445,87.39705900179884,85.06671609508557,92.23161935859392,-41.610206604003906,-5.704802989959717,401.05294315397305,936.3311124874823,0.26319557428359985,0.1773301512002945,587.9071989507636,389.58352392431016,1348.6328125,0.0524749755859375,0.016702004529360583,1.28,-214.54829373061463,97.1183019187476,246.96527588174888,50.548247210894274,-13.794953971721057,51.24275173808847,0.078125
1.0,2.3325625,30.762941360473633,233.3661793378775,81.22523963562355,299.66141537533633,-40.79910659790039,-4.889901161193848,409.6909045949831,933.4165045325739,0.20925216376781464,0.17076203227043152,564.154438918654,401.9464011413969,1355.9503424657535,0.046513805650684935,0.013391420482492086,1.568,-240.2773814428513,80.77094707398423,211.6275426030654,47.4858391227373,-0.9544968031464931,39.380345137013165,0.9041095890410958
1.0,1.8248125,20.6962947845459,293.8975018148975,271.6344887654643,301.3973362949152,-34.60601806640625,-5.758693695068359,385.76987021213085,942.702669721406,0.28093454241752625,0.15480497479438782,560.08091921724,401.57521485237874,1349.407327586207,0.04507341056034483,0.015973436926821155,1.184,-208.48727709314457,79.72886034814306,230.22414408968064,41.379253091442656,-5.718461337909175,50.20904382635296,0.6206896551724138
1.0,1.761375,22.42720603942871,235.54449426222874,139.79699341790194,297.93549262454053,-31.914785385131836,-5.76556396484375,386.99998856478106,936.1972278589834,0.293454647064209,0.15754733979701996,585.7859541431293,418.7155431072841,1403.4598214285713,0.04661342075892857,0.012376737573667116,0.992,-187.58549218844354,80.75770483946883,253.21496475576876,37.8683257483216,-17.891604059251716,47.81475549617581,0.39285714285714285
1.0,1.6185625,18.143779754638672,258.67639042053844,236.47155720542963,270.06998923363795,-28.822956085205078,-5.413030624389648,373.8371214916431,945.5344203746632,0.3180447518825531,0.15655578672885895,577.4156767192983,432.57746710147774,1439.950980392157,0.04377297794117647,0.009018415029081791,0.8,-179.9381324610279,72.48009039876935,258.73122914646683,34.03343978699488,-16.926306898497014,47.99151716115892,0.19607843137254902
1.0,2.1421875,20.45288848876953,156.67590961319942,53.899109152142756,266.96797083400685,-32.036930084228516,-6.440458297729492,406.7460832884473,920.5054615321883,0.2616886496543884,0.14633263647556305,601.5329103045602,416.54620726761704,1401.5858208955224,0.049484025186567165,0.015559626735815015,1.28,-198.88494493947383,78.39947325668804,256.48376156042156,37.98991080812485,-19.406425301300544,45.91952626915801,0.417910447761194
1.0,1.7930625,20.4442138671875,227.08647100224422,91.17224885582168,326.78309064822,-34.38725280761719,-5.455035209655762,382.54894870474044,946.5690683513279,0.2874374985694885,0.16777172684669495,553.8949927007817,408.3174997729076,1373.6293859649122,0.0390625,0.008436481496154108,1.088,-203.81597513789225,87.08238026207852,243.6273998524462,41.34548273068405,-8.045898044269418,52.79648053182921,0.7543859649122807
1.0,1.5075,15.126709938049316,,,,-30.618968963623047,-6.271734237670898,430.1972349990154,964.8338260386193,0.3372640609741211,0.13576640188694,618.681204754154,438.4176863720539,1474.609375,0.0509033203125,0.014852668358495452,1.088,-164.94244351769694,70.10171661702685,270.74690932497793,32.978934150278526,-30.906686220389314,45.16486801060971,0.0
1.0,1.5868125,19.116928100585938,292.8727339074521,263.9015821545788,313.83363915870024,-30.151288986206055,-5.600858688354492,374.27242607167926,912.7405421949803,0.3169149160385132,0.14774218201637268,589.2129171501242,423.3897681258414,1387.1875,0.04330078125,0.012262156779767643,0.992,-191.1066724532211,67.7623543589792,237.08472104520345,35.802226039183616,-15.740605563527357,48.853275812355776,0.66
1.0,1.5709375,21.07474136352539,283.9416884378743,243.40070273411817,317.4802103936399,-29.48090362548828,-5.009064197540283,344.20739964241517,943.8276491240782,0.30252349376678467,0.167611226439476,573.4923845388321,422.68956647622946,1410.3125,0.0437890625,0.012278866757468143,0.928,-199.8601455868945,78.66261351495244,242.08566022791433,38.70685985798953,-15.860003620379427,46.957579003881264,0.74
1.0,1.6026875,18.528095245361328,227.99388456925954,136.60402567543954,291.13063656843747,-27.30193328857422,-5.076013088226318,405.48412129443045,959.6814134225715,0.32836273312568665,0.16984166204929352,585.674511519284,424.2277543008445,1447.9166666666667,0.04480698529411765,0.013415966335045043,1.024,-186.24335232898287,78.21934560130167,254.76982602324517,38.27903036440554,-21.20249897373863,46.81186062389268,0.5686274509803921
1.0,1.7771875,16.894309997558594,274.34836143058294,195.43199368684918,294.5134116201051,-29.120372772216797,-5.292562484741211,373.4327393175706,945.1349719649339,0.32097992300987244,0.13935574889183044,590.8467329092647,430.29306408048444,1407.3660714285713,0.042515345982142856,0.0098437241979322,0.928,-188.847799135062,69.23033133458743,254.75564415130557,31.764074668282422,-27.401474573415708,40.432425028886136,0.6964285714285714
1.0,1.444,18.323068618774414,,,,-29.051177978515625,-5.723733425140381,499.0960555026298,941.3730822491005,0.2847886383533478,0.17733606696128845,601.8540419511116,402.5430738235393,1421.5353260869565,0.055982506793478264,0.0211263303382736,0.896,-189.11049380179705,85.37099702546574,252.57618321372297,41.98671977063265,-14.747668420825304,55.480188821584804,0.0
1.0,1.459875,17.577796936035156,231.94231110191785,114.86983549970348,273.20805135087915,-28.84674835205078,-5.160073757171631,476.3464698904718,939.9677682109586,0.33271947503089905,0.18204431235790253,607.3628490483967,415.6596898600825,1457.2010869565217,0.057298743206521736,0.02417087984609468,0.672,-178.92857101147706,85.9507835024308,261.4704122037259,40.606795826677754,-23.536010766284186,54.67563421005629,0.41304347826086957
1.0,1.697875,19.601133346557617,187.61138468794056,70.30341458111748,281.2136583244699,-26.65363121032715,-5.528416156768799,375.7729117682825,967.0052581736026,0.31435948610305786,0.1667775958776474,566.4368822488858,419.47993570874814,1420.4282407407406,0.04150390625,0.009826470604247123,0.928,-187.59381330493247,85.56803710368592,246.185000321473,44.62678673672577,-11.658296988473532,49.7811657394138,0.4444444444444444
1.0,1.491625,18.849437713623047,265.42238918020564,241.99881784385852,284.4812036394563,-28.972932815551758,-4.221530437469482,337.8469312838115,920.9912239940968,0.31699275970458984,0.18838822841644287,519.6165806843762,393.1655155409545,1306.5159574468084,0.036673038563829786,0.006866467818714681,0.832,-201.34659473797453,83.92242402375366,233.7925990790024,41.68826275448735,0.16402328887049125,51.41388423026954,0.6595744680851063
1.0,1.761375,19.40445327758789,251.8545726996265,84.08964152537145,287.786716002164,-30.133453369140625,-5.305249214172363,317.0802147179377,904.5438312777187,0.3044895827770233,0.16102799773216248,548.853724284657,412.1132247920545,1360.7700892857142,0.03538295200892857,0.007249411195956317,1.184,-200.2847404034063,78.22473368510273,233.52576742919467,37.30411527193532,-9.70397879727541,50.85201548574083,0.8571428571428571
1.0,1.6026875,26.623594284057617,257.66736197374973,232.40911739156792,273.20805135087915,-34.50565719604492,-5.951252460479736,466.1407220322323,963.5103870467811,0.2955600917339325,0.1813468337059021,607.5356990417663,439.7130883966569,1504.9019607843138,0.05187270220588235,0.014628186393346398,0.832,-193.5131382961162,92.12838257796768,255.43570878642356,49.50335246842129,-20.283130170979643,50.847260683434676,0.17647058823529413
1.0,1.47575,15.715837478637695,242.00853881488658,219.36499593892518,282.842712474619,-24.623699188232422,-6.394883155822754,409.8424976187429,946.2914027117575,0.32279813289642334,0.13610580563545227,603.759365554092,459.0627247878429,1564.8271276595744,0.04247007978723404,0.01141326740097858,0.928,-173.12003234985937,72.57660211672332,258.77710130942194,40.018922397187644,-23.46161101494067,48.42901691469356,0.48936170212765956
1.0,2.0310625,18.545387268066406,206.11660765339602,72.3634618720189,282.842712474619,-30.437496185302734,-5.4446516036987305,433.9545813577183,941.5800541810373,0.26071852445602417,0.14767906069755554,598.5587570598843,424.3054934563307,1403.80859375,0.0483856201171875,0.014902510223358768,1.376,-203.13243180591547,70.09968304381573,253.660833366995,35.22920297678998,-18.62076456929499,41.79225717579527,0.734375
1.0,1.9041875,13.478555679321289,177.48292338721632,55.79985713151117,214.35469250725862,-28.71016502380371,-7.215940952301025,401.4265677735688,1001.7541899622344,0.2830529510974884,0.10458589345216751,616.9923470519738,444.504462690188,1481.25,0.04293619791666667,0.013711306913253117,1.312,-201.66428594476398,70.1693272481569,251.13454599816447,34.29250086828598,-34.20298788148495,47.81360993085681,0.8166666666666667
1.0,1.71375,19.084131240844727,237.1489629208533,89.60596419119524,294.5134116201051,-28.818113327026367,-4.6866888999938965,380.43404390650176,952.5194670853278,0.2864626348018646,0.16276800632476807,532.650647965029,407.5345686789041,1358.2175925925926,0.03665726273148148,0.007251429788206591,1.12,-207.02579456714105,75.72948161403275,231.40371450070216,38.4705018170745,-0.7309586741874149,49.770130392389014,0.9259259259259259
1.0,1.41225,23.63382339477539,,,,-31.38913917541504,-4.381679534912109,420.45027421345895,956.1666531692177,0.339260458946228,0.20409131050109863,577.181356179501,403.52609581609505,1367.013888888889,0.04952256944444444,0.01684125654909085,0.736,-182.0580174107911,92.79879238000483,253.19976254491846,46.29934780357506,-14.08501904052089,51.083053720527786,0.0
1.0,1.7930625,17.990238189697266,231.6205871880757,221.91389441356898,247.65527207548806,-31.42035675048828,-6.359466552734375,422.79262021117466,952.7311244457723,0.30276790261268616,0.13646486401557922,608.6330565671593,432.1155369130204,1447.094298245614,0.049650493421052634,0.015045435254527364,1.024,-182.83257401053578,78.43344515194197,271.45965083333937,35.46049543104726,-28.266348700600076,46.711339280859036,0.2982456140350877
1.0,1.444,19.264516830444336,254.06783035118906,135.034994616819,282.842712474619,-24.955156326293945,-4.235092639923096,336.7041089623221,900.3328701028871,0.34409579634666443,0.1660699099302292,559.2806101552442,421.18607395816804,1405.9103260869565,0.033627717391304345,0.00545877881187481,0.832,-191.48552845526447,71.77838522917192,232.80357006574752,35.3082624770469,-9.676320883481875,52.61133391019779,0.8695652173913043
1.0,1.2535625,15.26547908782959,243.36496455338073,201.15858821357068,282.842712474619,-30.296632766723633,-4.813722610473633,442.1276490593388,1013.8841955209418,0.3990136981010437,0.14631056785583496,656.5436599909247,490.03229504172805,1606.640625,0.0436279296875,0.014460690554463527,0.832,-141.1831170149615,49.942492060319125,267.47724031523035,25.741911599085547,-41.356710047733316,28.164947586307715,0.525
1.0,1.8565625,16.298952102661133,247.10012374939288,198.8480847635095,287.786716002164,-31.99580192565918,-6.720091819763184,395.00378164143814,947.3088560119974,0.2905575633049011,0.1217251643538475,612.4506224498869,444.36087630805497,1483.5805084745762,0.0439453125,0.010201159163964302,1.216,-180.13178390001386,66.88762423178763,266.25745060723096,32.69436726394383,-29.099710002630243,39.38053215808257,0.5932203389830508
1.0,1.71375,19.316505432128906,248.53143469266305,138.99182198423372,286.12918648705164,-27.467443466186523,-5.737616539001465,355.47984561567773,908.9588051469023,0.2958648204803467,0.14986449480056763,552.8594500815165,398.9713291620351,1325.2314814814815,0.039460358796296294,0.009041666648146962,0.768,-195.96612168161408,85.73653001495528,248.27406045048176,39.63358417830302,-11.906914568843073,52.44805105581203,0.6851851851851852
1.0,1.5550625,18.984704971313477,259.8929621067475,195.43199368684918,292.81713918912504,-27.76666259765625,-5.8217973709106445,419.63508435531304,949.9974940033413,0.3067469000816345,0.16343289613723755,568.823276539578,404.1803975032296,1364.158163265306,0.046595982142857144,0.016593940514731315,0.992,-190.76442665033989,84.08697676428893,257.17578768386824,38.41469951309146,-16.48588583555139,51.08917393810466,0.7346938775510204
1.0,1.5233125,17.296836853027344,268.9574514422449,229.73967099940702,304.8994046511524,-26.867706298828125,-5.1690874099731445,357.7128105300805,929.6126064253582,0.3451591432094574,0.1549549698829651,593.1961363965188,439.79074956618757,1474.2838541666667,0.039164225260416664,0.007795288412070876,0.768,-173.02327431578593,71.32526604492499,250.9936935129915,32.413582691435444,-20.118754724691463,48.500301947315016,0.6458333333333334
1.0,1.8248125,21.088685989379883,240.16627021449824,200.0,274.79072949161787,-36.85795211791992,-6.464076042175293,427.45648699852023,969.4643193378988,0.2933703362941742,0.1438443958759308,611.6878631544904,442.9391879797215,1492.4568965517242,0.048828125,0.016081360836458173,1.12,-185.10822224846106,74.39392277205799,265.7142199958938,37.69166965680528,-25.709768468095255,42.46740279103407,0.5517241379310345
1.0,1.8406875,11.738785743713379,238.64524663374453,196.56411970905023,306.66566893392013,-31.551725387573242,-8.062670707702637,426.52208915049385,978.065235227713,0.28772658109664917,0.09618888795375824,617.0554017447803,451.34676879159144,1512.9310344827586,0.04328865840517242,0.009735925898173316,0.864,-179.82231748335008,60.82141426866571,270.9760213957883,28.085837054286273,-33.107603368557896,41.316354855928154,0.9655172413793104
1.0,1.8406875,15.164304733276367,247.33806124430535,210.67220719096719,301.3973362949152,-29.827726364135742,-7.055898189544678,414.95790692852853,1015.450859105208,0.28737589716911316,0.10701045393943787,621.1677223407092,458.01957744430564,1519.665948275862,0.04253098060344827,0.010981627517198105,1.152,-182.10813239343472,61.14503527982138,271.1455116718012,30.021006236367136,-35.53589508181302,41.38317210120987,0.5172413793103449
1.0,1.999375,17.577707290649414,218.49355926661514,73.62835290502629,303.14331330207966,-28.694334030151367,-5.453164577484131,366.2467199349023,932.0433460868308,0.27472054958343506,0.13231198489665985,581.3320287752247,433.03179558117967,1452.6289682539682,0.04014756944444445,0.008642494683914877,1.312,-198.9063724899562,66.22704382099266,254.117604440851,34.07571746058679,-16.575789859118238,46.1193900592852,0.8412698412698413
1.0,1.65025,16.418548583984375,219.02564276279315,205.86044732869837,268.51450055605267,-28.23875617980957,-6.777982234954834,414.5534187257692,946.7366121338164,0.29784032702445984,0.12774337828159332,611.4175618540123,436.18471396902345,1479.266826923077,0.04710036057692308,0.011660096142076198,1.024,-184.30683376001514,74.64526261700325,273.3459065568326,33.99230790254402,-30.847846311204982,48.49591247466427,0.4807692307692308
1.0,1.6026875,22.020626068115234,276.7345644371772,232.40911739156792,301.3973362949152,-32.80401611328125,-4.345627784729004,343.45417991386995,964.0553921442364,0.33819344639778137,0.16059184074401855,553.668819428082,425.49029170123106,1414.2156862745098,0.03582643995098039,0.005892758111295203,1.024,-206.22620218820944,74.4542593524826,227.67726414413738,39.0188255847245,-12.434200488126057,47.61790879545678,0.9019607843137255
0.0,0.650625,9.276121139526367,96.11977859771822,83.12378961427878,107.79821830428551,-24.035194396972656,-10.916342735290527,591.755177983755,1028.5140391655136,0.1807377189397812,0.06401640921831131,552.8633847880442,439.53584673982795,1392.1130952380952,0.04887462797619048,0.012869315331014732,0.384,-221.5925577669212,20.41409056265546,268.00292668152895,18.898101712288682,-8.844270916301676,8.452335726199852,0.9523809523809523
0.0,0.841,19.983783721923828,79.52721754638586,69.0956439983888,88.57675191023606,-35.858543395996094,-11.290441513061523,499.2122191385868,948.2977145410458,0.13282421231269836,0.06986717879772186,451.45674639174797,380.25883180998403,1118.6342592592594,0.04105179398148148,0.008250017029037118,0.768,-284.0793712953345,33.05820601137101,247.69759131741282,29.500627264393422,24.983959709836835,6.591647878931555,0.9629629629629629
0.0,1.0790625,6.5118408203125,79.95540218143435,71.946679000541,85.55950256826023,-25.1219482421875,-12.289989471435547,469.13506237252915,986.5800355600363,0.1512223184108734,0.039703816175460815,519.262778966999,436.537059801519,1387.8676470588234,0.04147518382352941,0.012245997765682486,1.056,-261.4261677621472,14.661550744840685,267.10560490256574,13.662365528899063,-13.500160605811924,10.26438200700047,0.9705882352941176
0.0,1.5868125,7.844010353088379,82.69182694115185,71.53229662176292,89.08987181403393,-26.925987243652344,-13.725074768066406,608.7270481832035,1062.3928108022408,0.13173042237758636,0.03563133254647255,521.2020413872247,432.2178507363024,1402.1875,0.04529296875,0.01766243885242976,1.152,-280.14357901620826,17.057499575845753,265.1491224261055,24.736785518555166,-10.043334408592921,10.22341898641146,0.98
1.0,1.5665,20.10805320739746,442.60316942734806,78.00652260133735,733.6032345637369,-41.81422805786133,-10.516351699829102,481.8048286884435,887.852481979403,0.10479721426963806,0.06714358180761337,547.029411780217,336.02845835861,1217.7933673469388,0.05620216836734694,0.02611766710596924,1.248,-312.9562767006934,57.50773100381027,222.89100578310453,28.719055351410578,3.8541724026791466,51.31142550069423,0.6326530612244898
1.0,1.4715625,19.694421768188477,390.2924053214249,50.0,790.8112162823169,-33.30073165893555,-10.262288093566895,482.5800173643823,884.803719481852,0.10914743691682816,0.06451952457427979,521.7192579764587,340.9473269798854,1184.4429347826087,0.05509086277173913,0.025122678278498806,0.704,-303.56148135004054,46.548550134082625,231.1217726885427,22.360093600370348,16.898411491837543,51.55428550883504,0.5652173913043478
1.0,2.025375,18.91156005859375,157.09406162164538,50.0,254.91212546385245,-41.37922668457031,-14.596794128417969,398.7980794578925,874.4286256886752,0.08108575642108917,0.04664867743849754,484.42067357497484,339.30113772723064,1151.611328125,0.0471038818359375,0.022260178142345793,1.056,-340.1062726151438,54.782020455298095,221.36338536604885,25.001378184739853,18.722300436320694,47.366757730190905,0.65625
1.0,1.756375,21.825532913208008,256.09004506025263,102.93022366434921,352.26634943845943,-38.78582763671875,-11.393889427185059,449.16677023567553,811.7694797076074,0.08588904142379761,0.06010040268301964,552.8040642289171,344.68624843202576,1204.5454545454545,0.057670454545454546,0.026472798660441207,1.376,-320.2455553379041,69.01637212520623,208.92595876213812,32.5540912139936,2.111215183817579,54.1254337106867,0.8909090909090909
1.0,1.5506875,22.865922927856445,166.7530942217457,78.45840978967507,227.10088581417543,-42.82057189941406,-14.600568771362305,446.81746228381553,865.3147461017458,0.09040861576795578,0.05132962763309479,529.8188472628129,367.72011215690196,1255.420918367347,0.05552455357142857,0.026945094097115777,0.864,-313.4724754941766,67.53822991933225,229.05596322093078,29.783678206932066,1.9463988305686304,50.40805260399594,0.40816326530612246
1.0,1.424125,16.749523162841797,538.315067193348,100.0,818.6991135974198,-36.27008056640625,-11.4569091796875,538.4888229980364,936.2281646348538,0.1303526908159256,0.06408577412366867,592.0626325153298,357.59588484443293,1290.625,0.06312934027777778,0.03024377996465461,1.184,-285.8648331307914,56.982190826568875,228.72971568963504,22.78973642760545,-10.180694685488707,54.8028869208089,0.6444444444444445
1.0,1.614,21.107080459594727,375.0129194476674,77.11054127039704,833.0097220278452,-40.52704620361328,-11.679149627685547,473.6599041192244,808.638327572652,0.12413187325000763,0.07220391929149628,555.3843031370543,337.451393866804,1225.1838235294117,0.060278799019607844,0.032401081157116,0.544,-295.3961461770442,55.20334398531446,216.46751008073406,27.717853207107307,5.729397735077794,51.46611049625002,0.6274509803921569
1.0,1.23425,24.166507720947266,103.29657955135707,78.45840978967507,133.48398541700342,-42.16592788696289,-10.099610328674316,485.9355755911388,928.4256779388621,0.07732958346605301,0.07845939695835114,594.8734957401826,403.65780234889866,1316.1057692307693,0.06755809294871795,0.040764978264235446,0.576,-316.34517464966115,48.30137502392628,213.95627894319986,34.54386981285869,5.7712942224917185,53.51101082242371,0.3076923076923077
1.0,1.45575,20.71535873413086,608.7849001367014,379.7368483802076,813.9837536821494,-46.96013641357422,-11.168455123901367,485.57829747239884,917.3778240123265,0.06427651643753052,0.05959843099117279,610.7802173423482,405.6331005209615,1401.4945652173913,0.06404976222826086,0.031954301228363166,1.184,-332.0690881605858,50.17760977724867,211.41198050266993,29.198680348526423,-3.662096754763883,49.38171505966044,0.391304347826087
1.0,1.6298125,25.200603485107422,208.88146582508273,93.84379966711431,346.21462440245716,-45.72658157348633,-9.53478717803955,387.24318199463863,837.9116897476678,0.11030395328998566,0.08415964245796204,504.86882120598824,356.81775481049806,1198.2230392156862,0.04610906862745098,0.024109476956557113,1.024,-310.5953771136753,73.3861415567708,195.8153059254214,39.453823179558306,12.236338191520128,48.802714594286705,0.8235294117647058
1.0,1.883,21.537338256835938,213.15570482831316,97.15319411536059,346.21462440245716,-46.422847747802734,-13.505553245544434,372.7249278599299,846.9317209659158,0.083794504404068,0.06325682997703552,472.7280965505032,342.77115324797336,1131.885593220339,0.041876324152542374,0.01737844591726015,1.28,-350.1965791034082,70.58993748120575,204.71579970978766,34.96163674673328,14.821607790516774,49.834925163773796,0.9152542372881356
1.0,1.534875,24.564212799072266,438.9534312434597,91.17224885582168,813.9837536821494,-44.11836242675781,-12.71157169342041,511.3972745372957,912.8480585637972,0.09012756496667862,0.060641415417194366,594.24764485806,365.4920651458915,1339.1927083333333,0.059549967447916664,0.02931008923948477,1.12,-330.85753000492804,73.90217964320199,232.47009740886702,31.469867573602503,-13.637338056560035,61.300530393570284,0.625
1.0,1.5190625,23.135517120361328,168.60927551969408,96.59363289248455,214.35469250725862,-42.1076774597168,-9.5889310836792,529.8927046340895,941.4509653807405,0.06978631764650345,0.07015188783407211,639.0440021890768,395.1501471165081,1372.7213541666667,0.06748453776041667,0.03477625285563403,1.184,-328.07672977016995,49.09604694761919,208.25842516546984,29.62520849340413,-5.627418780051163,53.45948634977003,0.25
1.0,1.3608125,23.67205810546875,449.4626452096871,79.37005259840997,804.634352854283,-48.588409423828125,-9.56528377532959,517.4370819742263,925.491703657645,0.09923535585403442,0.0833708792924881,537.8915294872968,345.91243176919045,1188.2267441860465,0.054210574127906974,0.02803449403000519,1.12,-326.6808664452164,65.5272409503007,212.55437278007776,36.66948417305161,6.144243760261921,53.559638073273256,0.5348837209302325
1.0,1.45575,24.25399398803711,155.33850729889647,86.55365610061429,207.05298476827548,-47.5628662109375,-12.628101348876953,447.35254466701673,927.3355565904643,0.08816360682249069,0.06820424646139145,532.3093960467461,347.63446640493584,1205.5027173913043,0.05543053668478261,0.028872165533350393,1.184,-334.0265008637644,79.41798881633142,214.5273569341691,37.71617163073965,0.3833048888344503,56.95749158718837,0.2826086956521739
1.0,1.345,31.311748504638672,364.26971676161287,109.05077326652577,852.4804013027875,-50.306129455566406,-10.987133026123047,522.6643134536008,915.8144532767868,0.06878959387540817,0.069970041513443,580.7723084008542,388.2299116961687,1361.1918604651162,0.05968386627906977,0.02909039497413529,0.768,-354.88116738809606,76.82121621836839,218.94296434640307,40.20085115444661,2.235708376109822,54.6924601917767,0.5116279069767442
1.0,1.756375,29.777021408081055,197.682296278138,90.12504626108301,266.96797083400685,-46.968082427978516,-12.29878044128418,389.0096006223698,866.8056472931318,0.06280103325843811,0.05281636118888855,485.60048135555496,344.7294750581088,1136.9318181818182,0.04470880681818182,0.01985674348974092,1.376,-368.4117061179053,73.29693150709488,197.68624293450293,38.69288885095313,14.629155382996817,48.518709237379156,0.8727272727272727
1.0,1.693125,25.665788650512695,245.93256715291773,215.59643660857103,270.06998923363795,-45.40879821777344,-10.593867301940918,391.23003528229464,931.0365776508651,0.08306924253702164,0.08039309829473495,448.5589946824701,349.3698267534357,1185.1415094339623,0.040757665094339625,0.012877763782260729,1.44,-340.9326478085461,72.06426854341235,201.3979412808521,40.418016045014724,21.03051257495877,41.802189500907744,0.5660377358490566
1.0,1.4399375,22.05806541442871,371.11907057182464,227.10088581417543,729.3779908465734,-41.76942443847656,-10.20256519317627,468.7007561323998,879.7209988916575,0.07496357709169388,0.06258648633956909,545.8199277623357,354.5435567005031,1268.75,0.0513671875,0.02189804558628765,1.088,-328.4303772832394,64.06828153348833,209.80408878747028,31.769951914675037,3.7871310155441456,51.70203399946092,0.6
1.0,1.4399375,27.449012756347656,238.19807197683718,85.06671609508557,326.78309064822,-46.22881317138672,-11.014726638793945,458.1790687027115,855.0164486468799,0.11229969561100006,0.07185870409011841,567.339844878632,371.5864312131873,1296.1805555555557,0.05666232638888889,0.017935564455986375,1.248,-302.1049627651361,72.32205492057273,232.05515897246576,35.33525360282701,-11.196695745048428,49.58511546356719,0.6666666666666666
1.0,1.487375,23.808565139770508,151.90195198612167,85.55950256826023,247.65527207548806,-46.35177230834961,-12.401732444763184,457.6364384393556,926.0997071071203,0.09926126152276993,0.061671070754528046,544.8249348000811,390.38122169045545,1329.4547872340424,0.053046043882978726,0.02229828652831622,1.248,-311.5936794736074,73.52219262570169,244.40577507403816,34.04601353761172,-10.359784736245166,51.903207690434655,0.3617021276595745
1.0,1.23425,17.926910400390625,434.6355540284062,97.71599684342459,649.8019170849884,-34.53925704956055,-8.362271308898926,472.369239277164,868.8310765500291,0.12246473133563995,0.07968688011169434,556.6726293329518,341.2498746451242,1172.676282051282,0.06024639423076923,0.029275294073128278,1.024,-286.77510541983,57.05572166622577,232.64006759646466,33.05458578413054,3.2750379429737335,42.88305875712146,0.5384615384615384
1.0,1.6773125,19.931386947631836,472.6771258993581,218.10154653305153,750.7503973369144,-42.33253479003906,-10.055317878723145,481.3632392611687,846.2655491633681,0.07623755931854248,0.060374487191438675,536.322820376778,338.1660151560966,1176.002358490566,0.05568248820754717,0.02789910119297825,1.312,-326.3842297152497,61.70306493040843,201.0448774398918,34.2123568067349,13.496364579194582,46.10480381063469,0.4528301886792453
1.0,1.4715625,24.987810134887695,215.87171818370604,176.1331747192297,246.2288826689832,-40.10478973388672,-10.236810684204102,439.7304816270057,894.3885949790701,0.09142713248729706,0.0734245628118515,509.6813906528304,361.28679568886014,1205.5027173913043,0.048063858695652176,0.017797209325482462,1.088,-315.88394728032387,61.79888167494055,209.6995215350449,31.519760209819008,15.07447939261067,43.4613604480159,0.7391304347826086
1.0,1.2025625,18.114727020263672,245.16102626303265,216.8453740602837,332.4951584571151,-34.79498291015625,-9.198034286499023,486.86894735019104,949.0912038573953,0.08908745646476746,0.06810887902975082,535.5298813693483,346.9324770900598,1179.6875,0.05538137335526316,0.02378391949845919,0.864,-306.7424930432421,47.38968113963491,206.2743055492364,26.34465704653156,15.051649122019901,40.19666750126557,0.5526315789473685
1.0,1.2500625,19.955055236816406,251.01491971109687,171.11900513652043,356.35948725613576,-40.29971694946289,-9.179726600646973,458.22870657176594,860.4510921670175,0.09710395336151123,0.06505655497312546,547.8752109871062,378.0063882613844,1310.546875,0.0519287109375,0.024866786329153647,1.024,-293.82159493852487,49.16857007163124,213.21060499471622,24.121725334369128,6.197005076445308,40.633871741151204,0.725
1.0,1.50325,27.070941925048828,225.78472538776452,185.5318233882619,284.4812036394563,-46.60068130493164,-10.216102600097656,474.16468163412793,874.5663966511746,0.06986913084983826,0.061116550117731094,571.1215870304032,367.3418107920306,1266.2898936170213,0.058905418882978726,0.02611635640625398,1.248,-335.33231606201855,69.50054563098496,196.5559095172024,32.361137171564806,3.4226337096968122,55.98092898922732,0.6382978723404256
1.0,1.3291875,22.770484924316406,164.6223658985935,92.76591169413095,213.12010032569688,-47.82792663574219,-12.055866241455078,464.709526387705,904.9200201004778,0.07752888649702072,0.05945049226284027,562.80534554803,382.9367492175528,1368.3035714285713,0.05678013392857143,0.026419298074378355,0.992,-324.74953572817293,72.98148104718979,218.2933267779296,36.95312383391295,-2.587769441342573,47.58515331519751,0.23809523809523808
1.0,1.2500625,25.21477699279785,234.09660767457962,192.07458901020084,276.38257599355524,-48.151973724365234,-11.266813278198242,472.94782904840423,884.7012020991548,0.07716859877109528,0.05881112813949585,541.0924812627039,341.9196914704247,1225.78125,0.0542236328125,0.026987413351282952,1.024,-331.4034512310602,58.712004456954155,208.37806817272104,32.679654517943824,7.644592519407044,44.30473919889347,0.575
1.0,1.645625,26.169946670532227,200.57279583232614,91.70040432046711,262.38162088748976,-47.963748931884766,-9.972237586975098,384.7975690455019,811.197026092208,0.0885697603225708,0.07382738590240479,486.17357818365167,335.76923999996177,1156.25,0.047194260817307696,0.02168804483259649,1.184,-332.3016552529143,73.95967274097602,197.36999562338272,43.246441678656964,18.257948182835555,43.53310348242065,0.8846153846153846
1.0,1.3291875,19.264873504638672,433.968965825639,95.48416039104166,750.7503973369144,-42.72830581665039,-12.056192398071289,506.82353914652384,898.8536477930205,0.12042301893234253,0.06936976313591003,587.8188028772632,362.1805354309321,1307.2916666666667,0.059779575892857144,0.024505535218059905,1.088,-290.2502267468809,67.90530910963531,224.10231673482048,30.664815538842454,-14.552444267376142,52.15056486959225,0.5476190476190477
1.0,1.2025625,20.358675003051758,227.55195102534532,171.11900513652043,287.786716002164,-38.373809814453125,-10.796262741088867,367.5099058692079,869.0161574587677,0.10035907477140427,0.07039032876491547,526.3148033082019,374.48146986781757,1248.3552631578948,0.04615542763157895,0.017251983159806385,0.992,-318.2582194875421,60.874999758944774,201.09370593276768,26.869878102598623,0.6807945446928593,50.14006099219617,0.7631578947368421
1.0,1.3924375,21.953357696533203,214.13300601962203,170.13343219017113,235.10958125672175,-43.29901123046875,-11.773482322692871,350.5864132388895,904.2095318603042,0.08183561265468597,0.06328409165143967,422.0430447733548,355.16188581223145,1193.5369318181818,0.03768643465909091,0.010335633325919668,0.384,-353.48468339695415,54.463084167169654,196.97862290873044,35.80118540982797,31.058741805717943,27.618618471316545,0.6136363636363636
1.0,1.2975625,25.588178634643555,268.4660227163359,241.99881784385852,332.4951584571151,-44.74795913696289,-12.433266639709473,367.6646294592916,847.017455915276,0.09938246756792068,0.07497110962867737,491.7124004830028,358.07651970049085,1186.3567073170732,0.04556497713414634,0.014923905297707376,0.608,-318.3471304279271,74.16747969274375,220.39649448656408,39.76747979419073,12.193468508375604,45.819144519111994,0.8048780487804879
1.0,1.5506875,21.153301239013672,187.67807950136947,90.12504626108301,241.99881784385852,-42.16434860229492,-11.66356086730957,396.98423986451445,917.150202041467,0.10177207738161087,0.06510176509618759,506.47543603067186,365.9681094373688,1184.6301020408164,0.05253507653061224,0.030670383286155477,0.32,-320.7656222109463,60.9776074325414,223.13983792751023,34.88257956090325,18.395153986776677,44.26531941273711,0.5714285714285714
1.0,1.5506875,20.9035701751709,184.16047249035904,80.29228818633764,271.6344887654643,-38.12519454956055,-12.308084487915039,413.92176543583315,880.6699353274131,0.08614825457334518,0.06062819063663483,501.8623938937604,377.73225669666687,1225.1275510204082,0.05038265306122449,0.028613902515317625,0.512,-322.09097262426616,50.230991388133674,218.64951245665765,27.601146450372344,17.56184989212486,39.95948638483908,0.6530612244897959
1.0,1.5190625,24.171756744384766,222.39026535425316,197.70280407057922,247.65527207548806,-44.829410552978516,-12.066957473754883,412.6123195367198,857.0021885333489,0.09303689002990723,0.058693379163742065,541.5022989517448,379.6513654527284,1270.1822916666667,0.050252278645833336,0.018907855607609655,1.184,-323.9644054397229,71.05413446558805,222.87314538976864,32.431287379159144,0.33933194107124026,53.15775436229779,0.5416666666666666
1.0,1.155125,21.637676239013672,396.1795343599804,177.1535038204721,704.5326988769189,-46.47801208496094,-9.533541679382324,480.90047098669964,865.1698321389497,0.10561288893222809,0.06885138899087906,605.2307858250938,413.72925457971115,1454.3918918918919,0.06131228885135135,0.025090538355432825,1.024,-291.84617486138626,67.64762183889397,223.06608444834387,35.04001701804985,-9.43334491489431,47.14226948627725,0.4594594594594595
1.0,1.3608125,28.486461639404297,354.68468098015774,115.5352696872273,716.847713529562,-45.54452896118164,-11.710041999816895,494.4121492359365,975.2880994185558,0.07038477808237076,0.06549806147813797,569.5934490015678,368.6983962233164,1341.5697674418604,0.05841206395348837,0.024962726409004304,1.056,-343.8147645127317,75.13489678212795,196.65391128555746,41.450406182388264,4.774560088941119,50.36225563004712,0.8604651162790697
1.0,1.5665,25.696563720703125,213.70542421982108,100.0,259.3679109302019,-44.858787536621094,-10.422740936279297,430.39667521745537,914.5354674672334,0.08714824914932251,0.07314741611480713,533.703616123508,354.3554548270203,1267.5382653061224,0.05177774234693878,0.020840121678845056,1.28,-335.31764149165724,69.65262767283122,206.64595071616662,39.33950040572615,8.096721203285272,46.759169847531076,0.8979591836734694
1.0,1.2184375,21.736736297607422,627.9618912433754,546.4161027017583,664.9903169142302,-40.74262619018555,-12.750624656677246,499.87391498424904,921.0565655475621,0.11349193751811981,0.0739789754152298,582.2228281582213,358.39573560730975,1260.0160256410256,0.06097255608974359,0.022950198884334045,0.864,-307.8863307259301,78.31661791146934,232.82257669183016,35.08370412445474,-13.652676941439049,58.01141334548474,0.4358974358974359
1.0,1.424125,27.6030330657959,217.24580591290163,103.52649238413775,251.98420997897463,-48.188270568847656,-10.069925308227539,402.53595166841086,834.429381316009,0.06637687981128693,0.06825295090675354,493.40697449517495,339.2351733647904,1132.2916666666667,0.047374131944444446,0.019099638814903303,1.024,-340.2822870134354,69.87772885676969,181.6754344351434,45.2792158934114,26.172065482578535,37.14875715428996,0.6666666666666666
1.0,1.076,20.679203033447266,216.55273057128315,101.74796921026864,328.6761258343161,-38.005794525146484,-10.379308700561523,537.257119362637,905.8743428114452,0.14582107961177826,0.08221009373664856,610.0910304330968,407.4329805965041,1450.827205882353,0.06011603860294118,0.021252286024409952,0.48,-260.9944286896188,63.167870166492186,217.3627370180227,29.136479653219585,-12.739851374819297,48.90422775137551,0.6176470588235294
1.0,1.6614375,27.09108543395996,203.96573863607796,65.9753955386447,346.21462440245716,-46.557220458984375,-12.583724021911621,437.9469739837096,782.9735742546978,0.09156060218811035,0.07315520942211151,537.0686625522204,362.5364357589519,1249.3990384615386,0.05414287860576923,0.021762915777044946,1.376,-319.1373480311129,76.76757409354877,222.42095245326198,36.61678557923801,3.994240769151422,50.9097031681821,0.5961538461538461
1.0,1.8196875,29.305809020996094,212.5520787931211,79.829838635665,301.3973362949152,-52.101707458496094,-10.669402122497559,411.16902650489055,881.2669986784532,0.08548109978437424,0.06891355663537979,472.77055339014254,347.94754631207604,1211.622807017544,0.044699150219298246,0.015667791877791066,1.376,-331.53576868787167,64.71354077358626,214.6866386446283,42.60423365711067,22.946354534996125,28.70102484942059,0.2982456140350877
0.0,1.7089375,19.261009216308594,67.34830711442824,50.0,110.95694720678449,-40.030433654785156,-12.444344520568848,407.7568943101822,938.3053774723139,0.10618214309215546,0.05956718325614929,329.32952352660624,315.7434013491221,943.8657407407408,0.025933159722222224,0.010179431972977986,0.992,-336.2811393627435,29.628455853228793,218.6029003813626,27.30479767398748,52.564293282784966,6.2589833120936165,0.8333333333333334
0.0,1.5506875,23.298311233520508,60.750798684430144,50.0,99.42404238175475,-41.37730026245117,-10.4656982421875,363.0195382884596,806.4552398483193,0.12564435601234436,0.08429320156574249,374.2681085699069,307.976039276712,961.4158163265306,0.03559470663265306,0.00963533385429741,1.024,-316.8982752063189,35.50725894555922,233.73538256690532,29.812235555363287,42.99333293084639,16.34527161920036,0.8979591836734694
0.0,1.50325,14.90095043182373,85.49575725691383,50.0,104.12621525348065,-28.57929229736328,-11.80835247039795,418.7393805547099,894.1036328312512,0.13271000981330872,0.06459684669971466,383.4564387972119,329.6853438551696,1019.281914893617,0.0343251329787234,0.011603871494248063,0.928,-305.5043924397207,36.82734065632921,243.30849195064323,28.06597311435895,31.4545546987044,15.032560430541103,0.6382978723404256
0.0,1.614,20.753145217895508,80.78292746146204,73.20428479728128,89.60596419119524,-39.381900787353516,-11.329506874084473,351.94340553188226,850.3249480474811,0.11865464597940445,0.07713764160871506,399.52899450267995,344.49362273413425,1128.063725490196,0.03456265318627451,0.009132507169385844,1.216,-306.1744815669113,52.63067933987548,234.99231183040948,38.49629358860996,30.356539748099244,14.189382452899917,0.11764705882352941
0.0,1.5190625,18.149023056030273,,,,-37.44403076171875,-13.977920532226562,407.3371568409827,933.2451702159871,0.11343278735876083,0.05561785772442818,343.45106809742674,321.2385640307961,970.3776041666666,0.02850341796875,0.005848025880868962,0.544,-331.6786101911651,30.19645856034376,237.21627319460617,29.45651452263075,48.01531564481763,11.276484196808088,0.0
0.0,1.0285625,23.63267707824707,117.4599917698493,95.48416039104166,125.26644386241279,-39.528594970703125,-10.5390625,402.09136674801084,858.8740160201847,0.14902886748313904,0.09199162572622299,505.64292266004065,417.7261241993055,1411.9318181818182,0.03974313446969697,0.013260878114475658,0.8,-289.1445734560746,46.20568909053967,230.33071202633997,32.12192286339816,7.93533272776039,20.986506245049043,0.7878787878787878
0.0,1.18675,15.333011627197266,122.01903894439656,87.05505632961241,134.25725027802636,-36.89447021484375,-13.191522598266602,430.78448407153604,861.9357836317488,0.13470736145973206,0.054597366601228714,536.4897162002619,384.14131466341263,1299.7532894736842,0.04821134868421053,0.014856697083379913,0.512,-291.75621294150767,17.395068342228917,239.95100229903787,14.946023731955131,-2.5085333103732914,9.782052918723549,0.9736842105263158
0.0,1.424125,17.29417610168457,121.86466926523994,86.55365610061429,130.43520697655643,-31.877134323120117,-11.342975616455078,303.5493182017876,841.6406213432105,0.12690629065036774,0.07287078350782394,443.04179466144836,389.40888153708573,1262.5,0.03485243055555556,0.0067338678878701335,0.736,-284.1116324711183,39.573901024473756,221.98805117583902,25.959419441494042,15.310318109439914,19.79749597875144,0.9777777777777777
,2.67075,10.639545440673828,289.77464638515994,69.89849670895097,537.0290011121053,-35.208839416503906,-6.519345283508301,457.9871270287064,1057.5276228616642,0.24776306748390198,0.07759565114974976,672.1970207911551,475.2875350401391,1541.294642857143,0.05383882068452381,0.02068792905152922,2.272,-210.8768418917349,42.70882866451052,233.3474289088593,33.576327367371626,-39.337402594866255,34.89857085787359,0.9047619047619048
